title,addr1,mapx,mapy,tel,cat1,cat2,cat3,contentid,contenttypeid,contenttype
가나돈까스의집,서울특별시 강남구 언주로 608,127.0377755568,37.5099674377,,A05,A0502,A05020100,2871024,39,음식점
가담,서울특별시 강남구 언주로167길 35 (신사동),127.0302729961,37.5264209476,,A05,A0502,A05020400,2869760,39,음식점
가락골마산아구찜,서울특별시 송파구 송이로19길 3,127.1217599348,37.4975120620,,A05,A0502,A05020100,2757617,39,음식점
가람국시,서울특별시 강남구 언주로135길 13,127.0341090296,37.5168415735,,A05,A0502,A05020100,2871443,39,음식점
가마골,서울특별시 강동구 고덕로38길 63,127.1427398175,37.5517283673,02-3426-6460,A05,A0502,A05020100,2685271,39,음식점
가마로강정 신길삼거리,서울특별시 영등포구 영등포로64길 11,126.9172780766,37.5142453371,02-849-9288,A05,A0502,A05020100,2682774,39,음식점
가막골흑염소요리전문점,서울특별시 강서구 화곡로56길 37-11,126.8518857611,37.5516842628,,A05,A0502,A05020100,2849631,39,음식점
가문,서울특별시 강북구 노해로 13,127.0226983297,37.6368246468,02-990-0107,A05,A0502,A05020400,1052741,39,음식점
가미분식,서울특별시 서대문구 이화여대8길 2,126.9459519870,37.5587101279,02-364-3948,A05,A0502,A05020100,2685272,39,음식점
가미우동,서울특별시 마포구 홍익로2길 23,126.9238735556,37.5547407496,02-322-3302,A05,A0502,A05020300,2679033,39,음식점
가산물갈비&백년불고기,서울특별시 금천구 가산디지털1로 128 에스티엑스브이타워,126.8837682791,37.4773045854,,A05,A0502,A05020100,2836567,39,음식점
가야밀냉면해물칼국수,서울특별시 은평구 대서문길 36,126.9485378950,37.6555794652,,A05,A0502,A05020100,2873184,39,음식점
가야성,서울특별시 중구 을지로9길 6,126.9885339952,37.5665544247,02-2267-3939,A05,A0502,A05020400,2685273,39,음식점
가양칼국수버섯매운탕,서울특별시 영등포구 국제금융로 78 홍우빌딩,126.9313127207,37.5209253677,,A05,A0502,A05020100,2850213,39,음식점
가정식당,서울특별시 영등포구 영등포로 118,126.8946521602,37.5213607729,02-2636-6697,A05,A0502,A05020100,2685375,39,음식점
가조쿠,서울특별시 성동구 연무장길 31-2,127.0531343258,37.5432832891,,A05,A0502,A05020300,2901229,39,음식점
가족천하 본점,서울특별시 영등포구 가마산로 330 (대림동),126.8963415265,37.4989023017,,A05,A0502,A05020100,2854328,39,음식점
가쯔야,서울특별시 중구 다동길 46,126.9817290217,37.5678958128,02-772-9023,A05,A0502,A05020300,2652903,39,음식점
각시보쌈,서울특별시 마포구 성지길 25 보광빌딩,126.9134774828,37.5475858397,,A05,A0502,A05020100,2853860,39,음식점
갈비가,서울특별시 영등포구 당산로32길 11,126.8982600224,37.5264158054,02-2671-9246,A05,A0502,A05020100,2685364,39,음식점
갈비명가이상 돈암본관,서울특별시 성북구 정릉로 364,127.0236686891,37.6015259912,,A05,A0502,A05020100,2836651,39,음식점
갈비사랑,서울특별시 서초구 강남대로 204 갈비사랑,127.0367458713,37.4825317160,,A05,A0502,A05020100,2860770,39,음식점
갈현동할머니떡볶이,서울특별시 은평구 통일로87길 8-1,126.9187804084,37.6235354372,,A05,A0502,A05020100,2875276,39,음식점
감꽃당,서울특별시 종로구 돈화문로11다길 38,126.9900725369,37.5738480486,02-747-3999,A05,A0502,A05020900,2622715,39,음식점
감나무집기사식당,서울특별시 마포구 연남로 25,126.9219151974,37.5619509880,,A05,A0502,A05020100,2843816,39,음식점
감동식당,서울특별시 노원구 한글비석로47길 58,127.0665963946,37.6617086556,,A05,A0502,A05020100,2833002,39,음식점
감미옥,서울특별시 종로구 종로 166-1,126.9961359696,37.5704652174,02-2269-6933,A05,A0502,A05020100,2652929,39,음식점
값진식육,서울특별시 영등포구 선유로 58-4,126.8896998979,37.5190803938,,A05,A0502,A05020100,2851590,39,음식점
갓덴스시 강남,서울특별시 강남구 테헤란로 109,127.0290211120,37.4988880116,02-2051-1477,A05,A0502,A05020300,2685274,39,음식점
갓포아키 도산공원점,서울특별시 강남구 도산대로45길 8-3 쿠키빌딩,127.0362419924,37.5230742215,,A05,A0502,A05020300,2869782,39,음식점
갓포준 x 에스테반,서울특별시 강남구 논현로163길 10 (신사동),127.0273372138,37.5242544800,,A05,A0502,A05020300,2869794,39,음식점
강가네돌솥밥추어탕,서울특별시 금천구 남부순환로 1420 (독산동),126.9085798208,37.4804130000,,A05,A0502,A05020100,2940414,39,음식점
강강술래 신림동,서울특별시 관악구 남부순환로 1660,126.9350272959,37.4845518811,02-886-9233,A05,A0502,A05020100,135136,39,음식점
강남목장,서울특별시 강남구 논현로86길 34,127.0402783799,37.5003213806,02-562-7003,A05,A0502,A05020100,1756249,39,음식점
강남진해장,서울특별시 강남구 테헤란로5길 11,127.0292766253,37.4995434958,,A05,A0502,A05020100,2871478,39,음식점
강동반상,서울특별시 강동구 상일로6길 39 강동타워,127.1753646796,37.5498569527,,A05,A0502,A05020100,2839494,39,음식점
강동해물찜해천탕,서울특별시 강동구 양재대로 1416,127.1385935255,37.5323083258,,A05,A0502,A05020100,2839510,39,음식점
강릉생태막회집,서울특별시 영등포구 국회대로34길 6,126.8974572985,37.5270851577,02-2068-5321,A05,A0502,A05020100,2685359,39,음식점
강서면옥,서울특별시 중구 세종대로11길 35,126.9739382319,37.5619935812,02-752-1945,A05,A0502,A05020100,232229,39,음식점
강수사,서울특별시 서대문구 연희로 157 여흥빌딩,126.9342193638,37.5714167743,,A05,A0502,A05020300,2900328,39,음식점
강촌쌈밥,서울특별시 종로구 평창30길 9,126.9747812177,37.6107629270,,A05,A0502,A05020100,2847165,39,음식점
강한식당,서울특별시 영등포구 대림로23길 30,126.8977249064,37.4927974795,02-834-8855,A05,A0502,A05020100,2682667,39,음식점
갗,서울특별시 종로구 난계로27길 30-8 (숭인동),127.0215141284,37.5734236629,,A05,A0502,A05020900,3486753,39,음식점
개뿔,서울특별시 종로구 낙산성곽서1길 26,127.0080624399,37.5782311958,,A05,A0502,A05020900,2848108,39,음식점
개성만두 궁,서울특별시 종로구 인사동10길 11-3 (관훈동),126.9854257249,37.5743229103,02-733-9240,A05,A0502,A05020100,398373,39,음식점
개화,서울특별시 중구 남대문로 52-5 (명동2가),126.9818402861,37.5621214856,02-776-0508,A05,A0502,A05020400,134746,39,음식점
개화산장,서울특별시 강서구 개화동로19길 6-53,126.8039700643,37.5738613860,,A05,A0502,A05020100,2849647,39,음식점
개화옥,서울특별시 강남구 압구정로50길 7,127.0386083095,37.5277931604,02-549-1459,A05,A0502,A05020100,398363,39,음식점
갤러리 더 스퀘어,서울특별시 종로구 계동길 128 서울빌라,126.9870281102,37.5830219273,,A05,A0502,A05020900,2812755,39,음식점
갤러리카페 3안,서울특별시 종로구 북촌로 137-7,126.9829811452,37.5869575087,02-720-2722,A05,A0502,A05020900,2535502,39,음식점
갯마을,서울특별시 용산구 서빙고로 56 (한강로3가),126.9703535474,37.5230897040,02-795-2277,A05,A0502,A05020100,402897,39,음식점
갯마을풍천장어,서울특별시 도봉구 도봉산4나길 12-10,127.0431866722,37.6878635234,02-955-3396,A05,A0502,A05020100,403194,39,음식점
거울한옥 미러룸,서울특별시 종로구 삼청로2길 40,126.9811342849,37.5801193820,,A05,A0502,A05020900,2794729,39,음식점
거창 왕돈까스,서울특별시 영등포구 국제금융로6길 30 (여의도동),126.9266186801,37.5217751850,,A05,A0502,A05020100,2663444,39,음식점
건대 숯불부자곱창,서울특별시 광진구 아차산로33길 48,127.0709493941,37.5424392631,,A05,A0502,A05020100,2828669,39,음식점
게방식당,서울특별시 강남구 선릉로 131길 17,127.0394696385,37.5173360565,010-8479-1107,A05,A0502,A05020100,2643060,39,음식점
겟댓샷(Get That Shot),서울특별시 영등포구 경인로 846,126.9076816872,37.5157199947,,A05,A0502,A05020900,2766490,39,음식점
경동함흥냉면,서울특별시 동대문구 고산자로38길 19,127.0396456189,37.5801509845,,A05,A0502,A05020100,2789203,39,음식점
경발원,서울특별시 동대문구 망우로21길 34,127.0612572453,37.5904696193,02-2244-2616,A05,A0502,A05020400,2685276,39,음식점
경복궁 창동,서울특별시 도봉구 도봉로 610,127.0412487847,37.6589779599,02-992-6777,A05,A0502,A05020100,2685277,39,음식점
경복궁에 맛있는 부엌,서울특별시 종로구 사직로 103,126.9702631619,37.5763001859,,A05,A0502,A05020100,2820889,39,음식점
경복식당,"서울특별시 노원구 공릉로39길 10 (공릉동, 대아아파트)",127.0788741361,37.6237632891,,A05,A0502,A05020100,2875315,39,음식점
경천애인2237,서울특별시 강남구 테헤란로 421 (삼성동),127.0525465458,37.5060431587,,A05,A0502,A05020100,2855743,39,음식점
경회루,서울특별시 노원구 동일로 1005 대정빌딩,127.0745301956,37.6199803173,,A05,A0502,A05020100,2842443,39,음식점
계림마늘닭,서울특별시 중구 충무로2길 43,126.9955418067,37.5624466943,02-6467-6962,A05,A0502,A05020100,2653725,39,음식점
계림식당,서울특별시 종로구 돈화문로4길 39,126.9945027934,37.5701624455,02-2263-6658,A05,A0502,A05020100,2367770,39,음식점
계월곰탕,서울특별시 성동구 성덕정3길 8,127.0476515952,37.5396169495,,A05,A0502,A05020100,2895161,39,음식점
계자람,서울특별시 성동구 성덕정17길 5,127.0551704068,37.5378061841,,A05,A0502,A05020100,2901359,39,음식점
계절밥상 코엑스몰,서울특별시 강남구 봉은사로 524,127.0573070288,37.5129313340,02-6002-1020,A05,A0502,A05020700,2652946,39,음식점
고고스,서울특별시 송파구 송파나루길 256,127.1011364475,37.5103185368,02-2042-0100,A05,A0502,A05020900,2685296,39,음식점
고궁(명동점),서울특별시 중구 명동8가길 27,126.9865898579,37.5619632560,02-776-3211,A05,A0502,A05020100,2652947,39,음식점
고궁의 아침,서울특별시 종로구 창경궁로 158,126.9976078870,37.5764784341,02-762-7620,A05,A0502,A05020100,1985692,39,음식점
고기다,서울특별시 성동구 성수일로12길 20 성동안심상가,127.0532647290,37.5482271614,,A05,A0502,A05020100,2901371,39,음식점
고기창고,서울특별시 서대문구 연세로7길 34-4,126.9350252293,37.5578433666,02-323-9090,A05,A0502,A05020100,842887,39,음식점
고대앞멸치국수,서울특별시 동대문구 제기로 2,127.0331321481,37.5863195953,02-953-1095,A05,A0502,A05020100,2685303,39,음식점
고도식,서울특별시 송파구 백제고분로45길 28 벤도치빌딩,127.1086829802,37.5104019962,,A05,A0502,A05020100,2844673,39,음식점
고두리 용산점,서울특별시 용산구 한강대로39길 10,126.9686007095,37.5308748789,,A05,A0502,A05020100,2823949,39,음식점
고든램지버거,서울특별시 송파구 올림픽로 300 롯데월드타워앤드롯데월드몰,127.1040305171,37.5142459111,,A05,A0502,A05020200,2946702,39,음식점
고라니커피클럽,서울특별시 용산구 한강대로 262 (남영동),126.9732138716,37.5417237015,,A05,A0502,A05020900,3359119,39,음식점
고래불,서울특별시 강남구 논현로79길 62 (역삼동),127.0339707338,37.4963300643,02-556-3677,A05,A0502,A05020100,403515,39,음식점
고래의숲,"서울특별시 종로구 동숭길 136, 4층",127.0028266508,37.5836999107,070-7543-3313,A05,A0502,A05020200,2652948,39,음식점
고려삼계탕,서울특별시 중구 서소문로11길 1,126.9728938549,37.5629906688,02-752-9376,A05,A0502,A05020100,133854,39,음식점
고려정,서울특별시 영등포구 국제금융로6길 30 (여의도동),126.9266186801,37.5217751850,,A05,A0502,A05020100,2663450,39,음식점
고른햇살,서울특별시 성북구 개운사길 14,127.0294741271,37.5870583326,,A05,A0502,A05020100,2839061,39,음식점
고모네원조콩탕,서울특별시 강동구 풍성로57길 13,127.1359632826,37.5297224671,02-485-4675,A05,A0502,A05020100,2685308,39,음식점
고미소곱창,"서울특별시 동대문구 왕산로 228, 청아빌딩 1층",127.0477864946,37.5818814864,02-969-8883,A05,A0502,A05020100,2653085,39,음식점
고미정,서울특별시 서대문구 연희로26길 28,126.9370385134,37.5727583353,,A05,A0502,A05020100,2900309,39,음식점
고바우소곱창,서울특별시 노원구 동일로217가길 39,127.0582501786,37.6531289469,02-938-5142,A05,A0502,A05020100,403087,39,음식점
고봉삼계탕,서울특별시 중구 명동7길 21 2층,126.9838928014,37.5647906569,02-756-2300,A05,A0502,A05020100,2642895,39,음식점
고성막국수,서울특별시 강서구 방화대로49길 6-7,126.8161299653,37.5774278543,02-2665-1205,A05,A0502,A05020100,2371881,39,음식점
고센인코퍼레이티드 청담점,서울특별시 강남구 선릉로158길 18,127.0414470115,37.5252601720,,A05,A0502,A05020900,2849296,39,음식점
고양이똥,서울특별시 강서구 공항대로59가길 13,126.8646540296,37.5520955538,,A05,A0502,A05020900,2860975,39,음식점
고양이정원,서울특별시 강서구 개화동로19길 18,126.8032034138,37.5757722612,,A05,A0502,A05020900,2784721,39,음식점
고요남 명동,"서울특별시 중구 명동8나길 10, 2층",126.9842011909,37.5618104533,02-318-2225,A05,A0502,A05020100,2653702,39,음식점
고운 돈카츠,서울특별시 성동구 아차산로 92 S TOWER,127.0542591799,37.5448053547,,A05,A0502,A05020200,2901391,39,음식점
고운님,서울특별시 강남구 테헤란로87길 46,127.0581042320,37.5110343459,02-2016-5757,A05,A0502,A05020100,2663604,39,음식점
고추장구이,서울특별시 강동구 상암로 86,127.1322742089,37.5480119440,,A05,A0502,A05020100,2826629,39,음식점
고카페 용산아이파크몰점,서울특별시 용산구 한강대로23길 55 (한강로3가),126.9647566449,37.5298249324,02-2012-2189,A05,A0502,A05020900,3446770,39,음식점
고티(Goatee),서울특별시 광진구 아차산로 242,127.0699328895,37.5399923069,010-3283-6566,A05,A0502,A05020200,2678877,39,음식점
고향,서울특별시 종로구 종로31가길 15,127.0000216632,37.5726900285,02-743-9191,A05,A0502,A05020100,2642829,39,음식점
고향냉면,서울특별시 영등포구 도신로 193,126.9127424566,37.5114900206,02-6053-0453,A05,A0502,A05020100,2682843,39,음식점
고향풍천장어,서울특별시 종로구 수표로 134,126.9884143797,37.5729731206,02-763-3142,A05,A0502,A05020100,2556003,39,음식점
고흥순대국머리고기 본점,서울특별시 광진구 아차산로34길 26,127.0691468765,37.5390590679,,A05,A0502,A05020100,2940395,39,음식점
고희,서울특별시 종로구 자하문로12길 17,126.9720795531,37.5801914329,02-734-4907,A05,A0502,A05020900,2685311,39,음식점
골드피쉬 딤섬퀴진,서울특별시 강남구 압구정로48길 35,127.0371223814,37.5261238830,,A05,A0502,A05020400,2869819,39,음식점
골목냉면,서울특별시 성동구 독서당로 295-7,127.0220120090,37.5486015556,02-2235-2540,A05,A0502,A05020100,2685319,39,음식점
골목대장,서울특별시 영등포구 당산로32길 1-8,126.8973100961,37.5268685139,02-2671-7573,A05,A0502,A05020100,2685388,39,음식점
골목떡볶이,서울특별시 송파구 문정로1길 33,127.1234850164,37.4891019577,,A05,A0502,A05020100,2834563,39,음식점
골목집,서울특별시 영등포구 도림로125길 34 (문래동2가),126.8931053057,37.5133061252,,A05,A0502,A05020100,2782825,39,음식점
곰국시집,서울특별시 중구 무교로 24 (무교동),126.9794958849,37.5681540761,02-756-3249~50,A05,A0502,A05020100,133276,39,음식점
곰국시집 명동,"서울특별시 중구 명동10길 19-3, 2층",126.985616252121,37.563067059608,02-756-3449,A05,A0502,A05020100,2643061,39,음식점
곰바위,서울특별시 강남구 영동대로115길 10 (삼성동),127.0588318325,37.5149422384,02-511-0068,A05,A0502,A05020100,133868,39,음식점
곱,서울특별시 영등포구 당산로 34,126.8965076549,37.5175168078,02-2633-5201,A05,A0502,A05020100,2685321,39,음식점
공기(Gongi),서울특별시 용산구 이태원로45길 4,126.9993644218,37.5362525840,,A05,A0502,A05020100,2779128,39,음식점
공미학,서울특별시 서초구 서초대로48길 101 그룹메가타워,127.0124840167,37.4886750116,,A05,A0502,A05020900,2847170,39,음식점
공평동꼼장어,서울특별시 종로구 우정국로 29,126.9828788071,37.5717676058,02-738-1769,A05,A0502,A05020100,2685210,39,음식점
공푸,서울특별시 성북구 삼선교로24길 29,127.0161225147,37.5888662157,,A05,A0502,A05020400,2839074,39,음식점
공항칼국수,서울특별시 강서구 남부순환로 5,126.8077700704,37.5613101356,02-2664-9748,A05,A0502,A05020100,2685324,39,음식점
광명수산,서울특별시 구로구 경인로59길 7,126.8826675817,37.5057012674,02-2675-5795,A05,A0502,A05020100,2653716,39,음식점
광양불고기,서울특별시 양천구 남부순환로 531,126.8379517753,37.5212847704,02-2697-9999,A05,A0502,A05020100,232249,39,음식점
광양불고기,서울특별시 송파구 백제고분로39길 6 광양불고기,127.1054750906,37.5050775567,,A05,A0502,A05020100,2844918,39,음식점
광양불고기본가,서울특별시 강남구 도곡로99길 16,127.0660509898,37.5018994384,02-567-8494,A05,A0502,A05020100,232271,39,음식점
광장동 가온,서울특별시 중구 명동길 74 명동성당,126.9866370241,37.5637908227,,A05,A0502,A05020100,2943518,39,음식점
광장싸롱,서울특별시 종로구 동호로 403-3,127.0016910214,37.5703681062,,A05,A0502,A05020900,2794769,39,음식점
광주똑순이아구찜,서울특별시 강서구 강서로 375-8 정호빌딩,126.8378757098,37.5594358900,,A05,A0502,A05020100,2849659,39,음식점
광화문국밥,서울특별시 중구 세종대로21길 53,126.9754462294,37.5690039051,,A05,A0502,A05020100,2914214,39,음식점
광화문등심,서울특별시 종로구 종로5길 34,126.9806484517,37.5718703316,02-722-2020,A05,A0502,A05020100,2668319,39,음식점
광화문석갈비,서울특별시 중구 세종대로 136,126.9782848748,37.5684790172,02-318-6288,A05,A0502,A05020100,2670606,39,음식점
광화문한옥집,"서울특별시 종로구 새문안로5가길 7, 지하1층",126.9740156982,37.5727701079,02-731-2500,A05,A0502,A05020100,2544573,39,음식점
괴르츠,서울특별시 마포구 토정로 136-13,126.9258347656,37.5449169264,,A05,A0502,A05020200,2853913,39,음식점
교다이야,서울특별시 마포구 성지길 39,126.9132191921,37.5469081365,,A05,A0502,A05020300,2853890,39,음식점
구기동오면,서울특별시 종로구 진흥로 455,126.9589188753,37.6072324975,,A05,A0502,A05020100,2836141,39,음식점
구기우육도삭면,서울특별시 동대문구 휘경로 16 (이문동),127.0616653926,37.5957106839,,A05,A0502,A05020100,3094069,39,음식점
구수옥설렁탕,서울특별시 관악구 남부순환로 1674,126.9365160531,37.4844102580,,A05,A0502,A05020100,2873289,39,음식점
구스아일랜드 브루하우스,서울특별시 강남구 역삼로 118,127.0321959757,37.4934831403,,A05,A0502,A05020700,2789667,39,음식점
구욱희씨,서울특별시 성동구 서울숲4길 12-22,127.0418907953,37.5471631921,,A05,A0502,A05020900,2895211,39,음식점
구월십일,서울특별시 도봉구 도봉로112길 26,127.0361607051,37.6468542779,,A05,A0502,A05020100,2810826,39,음식점
구정칼국수,서울특별시 강남구 논현로161길 13,127.0270011596,37.5233351362,02-545-2489,A05,A0502,A05020100,1926032,39,음식점
구텐,서울특별시 양천구 목동동로 293,126.8757897973,37.5282290825,02-2168-3336,A05,A0502,A05020200,2685326,39,음식점
구펠,서울특별시 성동구 왕십리로14길 30-1,127.0470125152,37.5484131390,,A05,A0502,A05020900,2895236,39,음식점
국시랑만두,서울특별시 종로구 자하문로 276 부원빌딩,126.9623993674,37.5982613810,,A05,A0502,A05020100,2939571,39,음식점
국시집,서울특별시 성북구 창경궁로43길 9,127.0043374886,37.5884827151,02-762-1924,A05,A0502,A05020100,403337,39,음식점
국화정원,서울특별시 성북구 성북로 154 (성북동),126.9927189286,37.5946179043,,A05,A0502,A05020100,403283,39,음식점
군산오징어본점,서울특별시 송파구 삼학사로 101,127.0970258234,37.5063411468,,A05,A0502,A05020100,2778425,39,음식점
군산찜,서울특별시 마포구 새터산길 2,126.9074108771,37.5650253711,,A05,A0502,A05020100,2914730,39,음식점
굴다리식당,서울특별시 마포구 도화길 44-2,126.9506520413,37.5416205318,,A05,A0502,A05020100,2914768,39,음식점
굴림,서울특별시 성동구 성수이로5길 1,127.0535955921,37.5363285496,,A05,A0502,A05020900,2901437,39,음식점
궁나라냉면묵밥,서울특별시 종로구 지봉로12길 6,127.0158673219,37.5769092675,02-744-4701,A05,A0502,A05020100,232218,39,음식점
궁전백반삼겹살,서울특별시 영등포구 영신로 139-2,126.9007821842,37.5203971056,02-2676-5472,A05,A0502,A05020100,2685357,39,음식점
권숙수,서울특별시 강남구 압구정로80길 37 (청담동),127.0435940627,37.5244297515,,A05,A0502,A05020100,2870435,39,음식점
권참치,서울특별시 동작구 사당로30길 142,126.9805649844,37.4786117191,02-597-7080,A05,A0502,A05020100,2679042,39,음식점
그날우리는,서울특별시 종로구 대학로9길 29,127.0002686047,37.5818000856,02-764-4697,A05,A0502,A05020100,2652951,39,음식점
그라데이션커피,서울특별시 성동구 상원12길 24-1,127.0503093754,37.5505990552,,A05,A0502,A05020900,2898994,39,음식점
그란구스또,서울특별시 강남구 삼성로 340,127.0595765768,37.5019687584,0507-1322-3960,A05,A0502,A05020200,1515607,39,음식점
그랑씨엘,서울특별시 강남구 도산대로45길 16-6,127.0358531280,37.5234436160,,A05,A0502,A05020200,2870471,39,음식점
그랜드컨벤션센터,서울특별시 영등포구 양평로 58,126.9007317735,37.5351370587,02-3667-7776<br />02-3667-9000,A05,A0502,A05020100,2624256,39,음식점
그레도제빵사,서울특별시 성북구 화랑로 304 진성38 빌딩,127.0622259471,37.6134364113,,A05,A0502,A05020900,2839324,39,음식점
그레이박스,서울특별시 성동구 아차산로13길 16 성수동램킨중흥S클래스오피스텔,127.0614085323,37.5447027172,,A05,A0502,A05020900,2901473,39,음식점
그릭조이,서울특별시 마포구 성지1길 6,126.9137746590,37.5482552117,02-338-2100,A05,A0502,A05020200,403305,39,음식점
그린랩,서울특별시 성동구 서울숲2길 18-11,127.0405936980,37.5469020873,,A05,A0502,A05020900,2894873,39,음식점
그린프루츠,"서울특별시 강서구 강서로 231 (화곡동, 우장산역 해링턴 타워)",126.8359845849,37.5463123815,,A05,A0502,A05020200,2820442,39,음식점
그릴1492 본점,서울특별시 중구 퇴계로 369,127.0125679544,37.5652161230,,A05,A0502,A05020100,2914206,39,음식점
그릴에이치(Grill H),서울특별시 강남구 도산대로 439,127.0437551686,37.5240770180,02-3446-5547,A05,A0502,A05020200,135627,39,음식점
글로브 비스트로,서울특별시 강남구 테헤란로 521 파르나스타워,127.0608234799,37.5092457134,,A05,A0502,A05020200,2943522,39,음식점
글로우,서울특별시 성동구 아차산로9길 20,127.0585726446,37.5459025273,,A05,A0502,A05020900,2901527,39,음식점
금강산감자탕 방이본점,서울특별시 송파구 위례성대로 34,127.1160377125,37.5158459413,,A05,A0502,A05020100,2846970,39,음식점
금강수림,서울특별시 강남구 강남대로 240,127.0344460047,37.4852202516,02-577-9992,A05,A0502,A05020100,1882945,39,음식점
금고깃집 마곡본점,서울특별시 강서구 마곡동로 61 에이스프라자,126.8331733261,37.5606717733,,A05,A0502,A05020100,2849675,39,음식점
금동화로숯불구이,서울특별시 중구 퇴계로41길 35 (인현동2가),126.9954084594,37.5633354777,02-2264-3002,A05,A0502,A05020100,2652993,39,음식점
금돼지식당,서울특별시 중구 다산로 149 (신당동),127.0116932624,37.5571475999,,A05,A0502,A05020100,2778424,39,음식점
금룡,서울특별시 영등포구 국회대로70길 19,126.9208689925,37.5292686559,02-785-0609,A05,A0502,A05020400,2671202,39,음식점
금바위감자탕,서울특별시 송파구 동남로 94 (문정동),127.1219879353,37.4889352835,,A05,A0502,A05020100,2849336,39,음식점
금성관나주곰탕,서울특별시 중구 남대문로 29,126.9788572423,37.5614826177,02-753-7898,A05,A0502,A05020100,2653000,39,음식점
금수강산,서울특별시 영등포구 영등포로 147,126.8981323963,37.5214413813,02-2671-3881,A05,A0502,A05020100,2685352,39,음식점
금왕돈까스,서울특별시 성북구 성북로 138 (성북동),126.9943993243,37.5948845699,02-763-9366,A05,A0502,A05020200,2039547,39,음식점
금용문,서울특별시 종로구 새문안로5가길 7 (내수동),126.9740518037,37.5728256579,02-731-2502,A05,A0502,A05020400,2544579,39,음식점
금호칼국수,서울특별시 서대문구 홍제동,126.9491148534,37.5846543910,,A05,A0502,A05020100,2905524,39,음식점
기미사 성수,서울특별시 성동구 성수이로26길 47,127.0627889477,37.5451860192,,A05,A0502,A05020900,2901550,39,음식점
기와,서울특별시 용산구 한강대로21나길 40 (한강로3가),126.9640706549,37.5277557163,02-710-7777,A05,A0502,A05020100,2029960,39,음식점
기절초풍왕순대,서울특별시 관악구 봉천로62길 2,126.9584336783,37.4781641526,,A05,A0502,A05020100,2850314,39,음식점
기차가 있는 풍경,서울특별시 노원구 화랑로 608 (공릉동),127.0931061506,37.6245051267,,A05,A0502,A05020900,3457913,39,음식점
기후,서울특별시 성동구 성수이로 66 서울숲 드림타워,127.0561480144,37.5406725356,,A05,A0502,A05020300,2901568,39,음식점
긴꼬리초밥,서울특별시 강서구 공항대로 269-15 힐스테이트에코마곡,126.8372563156,37.5596636302,,A05,A0502,A05020300,2849681,39,음식점
길림성,서울특별시 영등포구 신길로 184,126.9111176832,37.5086764298,02-846-4661,A05,A0502,A05020400,2682803,39,음식점
길목,서울특별시 강남구 영동대로129길 10 진성빌딩,127.0564180465,37.5190778257,,A05,A0502,A05020100,2870486,39,음식점
길복정,서울특별시 종로구 새문안로5가길 13,126.9737601530,37.5732089415,02-739-9392,A05,A0502,A05020100,1120046,39,음식점
김가네가마솥설렁탕,서울특별시 강서구 방화동로 52,126.8119195860,37.5650625510,02-2666-0666,A05,A0502,A05020100,132920,39,음식점
김밥나라,"서울특별시 용산구 한강대로 53, 1층",126.9643762349,37.5258864941,02-796-1439,A05,A0502,A05020100,2642367,39,음식점
김북순큰남비집 신사본점,"서울특별시 강남구 압구정로2길 15 (신사동, 신사아이빌)",127.0199713168,37.5207714188,,A05,A0502,A05020100,2869101,39,음식점
김삼보김치찌개,서울특별시 서대문구 명물길 62 오시리스타워,126.9396164452,37.5589849824,,A05,A0502,A05020100,2918773,39,음식점
김수사,서울특별시 강남구 도산대로 132 해정빌딩,127.0232350084,37.5172413314,,A05,A0502,A05020300,2871497,39,음식점
김영섭초밥,서울특별시 마포구 월드컵북로 352-18,126.8933312477,37.5777125327,,A05,A0502,A05020300,2853997,39,음식점
김진목삼,"서울특별시 종로구 자하문로1길 51, 1층",126.9695965377,37.5769500984,02-929-2929,A05,A0502,A05020100,2674658,39,음식점
김치골웰빙밥상,서울특별시 종로구 인사동길 22-5,126.9867561958,37.5730397497,02-720-6436,A05,A0502,A05020100,2653001,39,음식점
까델루뽀,서울특별시 종로구 자하문로16길 5-5,126.9713490183,37.5817995664,02-734-5233,A05,A0502,A05020200,403407,39,음식점
까르니두브라질 강남역,서울특별시 강남구 테헤란로4길 14,127.0297099800,37.4974076397,02-552-4442,A05,A0502,A05020200,2685212,39,음식점
까르니브라질그릴,서울특별시 서초구 방배로 83-9 동화빌딩,126.9966717526,37.4821004919,,A05,A0502,A05020200,2857428,39,음식점
까볼로 연신내,서울특별시 은평구 연서로27길 16-14,126.9183305860,37.6187137678,02-382-2015,A05,A0502,A05020200,2685214,39,음식점
까사빠보(구 호무랑),서울특별시 중구 소공로 63,126.9811237176,37.5609438324,02-310-5169,A05,A0502,A05020300,2624898,39,음식점
까페오렌지,서울특별시 종로구 수표로 96,126.9900643206,37.5697568574,02-2279-1220,A05,A0502,A05020900,2653002,39,음식점
까폼,서울특별시 강남구 선릉로153길 18,127.0380140003,37.5249351480,,A05,A0502,A05020700,2870271,39,음식점
깎뜨쌀국수,서울특별시 강동구 구천면로40길 14,127.1342657698,37.5453595105,,A05,A0502,A05020700,2827975,39,음식점
깔리,서울특별시 종로구 대학로11길 43,126.9992714530,37.5825166505,,A05,A0502,A05020700,2786045,39,음식점
꺼거,서울특별시 용산구 한강대로48길 10,126.9711421239,37.5316053954,,A05,A0502,A05020400,2871082,39,음식점
꼬숑돈까스,서울특별시 서대문구 명물1길 2,126.9373722395,37.5577739722,,A05,A0502,A05020300,2851700,39,음식점
꼴라주,서울특별시 서초구 신반포로 176,127.0032288434,37.5049701757,02-3479-1027,A05,A0502,A05020200,2623599,39,음식점
꼼떼 바베큐 둔촌본점,서울특별시 강동구 동남로51길 9,127.1496369415,37.5331334298,,A05,A0502,A05020200,2839004,39,음식점
꽁티드툴레아,서울특별시 강남구 도산대로49길 39,127.0369085263,37.5256156049,,A05,A0502,A05020100,2847862,39,음식점
"꽃,밥에피다",서울특별시 종로구 인사동16길 3-6,126.9840397113,37.5753422114,,A05,A0502,A05020100,2708791,39,음식점
꽃새우 영번지,서울특별시 강남구 언주로 536,127.0413447839,37.5061734979,02-501-2050,A05,A0502,A05020100,2382657,39,음식점
꽃피는산골,서울특별시 종로구 우정국로 29,126.9828788071,37.5717676058,02-735-7963,A05,A0502,A05020100,2685213,39,음식점
꾸띠자르당,서울특별시 용산구 보광로 120,126.9946177098,37.5335000407,,A05,A0502,A05020200,2859916,39,음식점
꾸아 성수점,서울특별시 성동구 서울숲4길 26-24,127.0433045694,37.5466716078,,A05,A0502,A05020700,2894842,39,음식점
꾸에바마테라,서울특별시 용산구 소월로20길 28-1,126.9852293414,37.5453318316,010-9793-7999,A05,A0502,A05020900,2717322,39,음식점
꾸이꾸이 돼지촌 쭈꾸미 본점,서울특별시 강서구 초원로 77,126.8141220877,37.5677372795,,A05,A0502,A05020100,2849686,39,음식점
꿀꿀진순대 강동본점,서울특별시 강동구 양재대로103길 70 강동아너스빌,127.1342077641,37.5340358242,,A05,A0502,A05020100,2839528,39,음식점
꿈콩카페,서울특별시 은평구 연서로50길 8 (진관동),126.9380226193,37.6403865997,,A05,A0502,A05020900,3442723,39,음식점
나누미떡볶이,서울특별시 종로구 성균관로 9-1 (명륜2가),126.9979270937,37.5838331404,,A05,A0502,A05020100,3094113,39,음식점
나능이,서울특별시 강남구 봉은사로38길 4,127.0372062218,37.5079398853,02-517-4322,A05,A0502,A05020100,2525487,39,음식점
나리의 집,서울특별시 용산구 이태원로 245,127.0002559896,37.5368775275,,A05,A0502,A05020100,2849386,39,음식점
나인온스버거,서울특별시 관악구 관악로12길 109,126.9583670385,37.4774086837,070-8692-9020,A05,A0502,A05020200,2685230,39,음식점
나주곰탕&오우돈,서울특별시 마포구 신촌로18길 19,126.9349780997,37.5547187286,02-336-6824,A05,A0502,A05020100,2670615,39,음식점
낙동강,서울특별시 중구 을지로1길 34,126.9798764188,37.5676846934,,A05,A0502,A05020100,2788760,39,음식점
낙산냉면,서울특별시 종로구 지봉로5길 8,127.0152757763,37.5745400875,,A05,A0502,A05020100,2847196,39,음식점
낙원(메이필드호텔),서울특별시 강서구 방화대로 94,126.8194860451,37.5478813500,02-2660-9010,A05,A0502,A05020100,581248,39,음식점
낙원빈대떡,서울특별시 종로구 수표로22길 3,126.9895643240,37.5712344544,02-763-9515,A05,A0502,A05020100,2653723,39,음식점
낙원역,서울특별시 종로구 수표로28길 33-5 (익선동),126.9901558747,37.5734147673,,A05,A0502,A05020900,3434068,39,음식점
낙원타코 강남역점,서울특별시 서초구 서초대로73길 7 (서초동),127.0252936928,37.4981852488,,A05,A0502,A05020200,2903776,39,음식점
낙지왕국,서울특별시 종로구 돈화문로5가길 31,126.9913085821,37.5722065950,02-765-3119,A05,A0502,A05020100,2642679,39,음식점
낙타날다,서울특별시 관악구 승방4길 32 위즈엘타워(Wiz-L Tower),126.9807206195,37.4752621110,,A05,A0502,A05020900,2810109,39,음식점
난포,서울특별시 성동구 서울숲4길 18-8,127.0426907243,37.5471076572,,A05,A0502,A05020100,2843520,39,음식점
남도분식,서울특별시 종로구 옥인2길 2,126.9669744399,37.5809912486,02-723-7775,A05,A0502,A05020100,2030281,39,음식점
남문토방,서울특별시 중구 남대문시장길 45-3,126.9783906441,37.5605993790,02-778-6727,A05,A0502,A05020100,232231,39,음식점
남미플랜트랩,서울특별시 서초구 방배천로4안길 55 일신빌딩,126.9832507929,37.4806587515,,A05,A0502,A05020200,2907181,39,음식점
남산골산채집,서울특별시 중구 소파로 93,126.9852040201,37.5567638358,02-754-1978,A05,A0502,A05020100,135679,39,음식점
남산도서관 구내식당,서울특별시 용산구 소월로 109 (후암동),126.9813656031,37.5524531569,02-733-3674,A05,A0502,A05020100,3444607,39,음식점
남산생고기집,서울특별시 중구 퇴계로20길 21,126.9860066526,37.5593135537,02-3789-9721,A05,A0502,A05020100,2669957,39,음식점
남서울민물장어,서울특별시 강남구 봉은사로 137 상원빌딩,127.0295402983,37.5063343783,,A05,A0502,A05020100,2871545,39,음식점
남영돈,서울특별시 용산구 한강대로80길 17,126.9737915663,37.5428013647,,A05,A0502,A05020100,2836064,39,음식점
남원집,서울특별시 관악구 신림로59길 14,126.9287556803,37.4832824721,02-886-9198,A05,A0502,A05020100,751212,39,음식점
남원추어탕,서울특별시 광진구 동일로 114,127.0646138494,37.5428085506,02-498-8649,A05,A0502,A05020100,2685231,39,음식점
남원추어탕 풍천장어,서울특별시 강남구 영동대로86길 27,127.0663202228,37.5084986772,02-555-7077,A05,A0502,A05020100,2549901,39,음식점
남원황토추어탕,서울특별시 강동구 성안로 7-12,127.1286140845,37.5250478778,,A05,A0502,A05020100,678522,39,음식점
남포면옥,서울특별시 중구 을지로3길 24,126.9816040503,37.5672875483,02-777-3131,A05,A0502,A05020100,134754,39,음식점
남한강민물매운탕,서울특별시 광진구 동일로 150,127.0662247324,37.5456776907,,A05,A0502,A05020100,2840211,39,음식점
남해굴국밥,서울특별시 종로구 종로46길 11,127.0108901628,37.5710848548,02-764-4858,A05,A0502,A05020100,2653009,39,음식점
남해바다,서울특별시 마포구 토정로37길 46 정우빌딩,126.9472356566,37.5426564612,,A05,A0502,A05020300,2853837,39,음식점
내가국수다,서울특별시 강남구 밤고개로23길 20,127.1084673756,37.4736673673,,A05,A0502,A05020100,2870265,39,음식점
내꾸미쭈꾸미,서울특별시 송파구 성내천로 106,127.1401026463,37.4997954604,,A05,A0502,A05020100,2846604,39,음식점
내자상회,서울특별시 종로구 사직로10길 3,126.9705214845,37.5758502431,,A05,A0502,A05020900,2717547,39,음식점
너비집,서울특별시 중구 명동9길 37-8,126.9837900106,37.5655822303,02-756-4084,A05,A0502,A05020100,836350,39,음식점
널담은공간,서울특별시 종로구 삼청로 24,126.9798483489,37.5781029260,,A05,A0502,A05020900,2988399,39,음식점
네기다이닝라운지,서울특별시 강남구 도산대로15길 18 (신사동),127.0240543130,37.5195355246,,A05,A0502,A05020300,2870254,39,음식점
네모집 청담점,서울특별시 강남구 선릉로148길 28 (청담동),127.0418664921,37.5226577043,,A05,A0502,A05020100,2870227,39,음식점
네이버후드,서울특별시 성북구 대사관로 133,126.9951407558,37.6007727872,,A05,A0502,A05020900,2839091,39,음식점
노다메 건대,서울특별시 광진구 능동로 157,127.0726936111,37.5448640127,02-461-1919,A05,A0502,A05020300,2685245,39,음식점
노다지품바,서울특별시 종로구 종로35길 40,127.0039296314,37.5730150610,02-764-5814,A05,A0502,A05020100,2642817,39,음식점
노들강본채,서울특별시 강남구 강남대로114길 21,127.0259878450,37.5062843205,,A05,A0502,A05020100,2871568,39,음식점
노란상 소갈비,서울특별시 강남구 선릉로131길 22 (논현동),127.0391946569,37.5175721359,,A05,A0502,A05020100,2870197,39,음식점
노랑저고리,서울특별시 서초구 서초대로73길 9 (서초동),127.0252436924,37.4983602268,02-534-5300,A05,A0502,A05020100,581825,39,음식점
노바이탈리아노,서울특별시 동대문구 경희대로 20,127.0529412523,37.5934191269,02-966-1652,A05,A0502,A05020200,2685252,39,음식점
노조미일식,서울특별시 영등포구 은행로 3 익스콘벤처타워,126.9196802604,37.5275632774,,A05,A0502,A05020300,2855118,39,음식점
노천파전,서울특별시 동대문구 회기로28길 3,127.0562049480,37.5897557225,02-968-2494,A05,A0502,A05020100,1998567,39,음식점
녹원쌈밥 연희점,서울특별시 서대문구 연희로25길 22,126.9341582265,37.5725360875,,A05,A0502,A05020100,2900286,39,음식점
논밭골 봉천점,서울특별시 관악구 청룡길 30,126.9459347493,37.4805414311,,A05,A0502,A05020100,2850295,39,음식점
논현손칼국수,서울특별시 강남구 논현로111길 16,127.0322344600,37.5076648280,,A05,A0502,A05020100,2808941,39,음식점
놀부부대찌개 명동,"서울특별시 중구 명동10길 16-1, 2층",126.9852149501,37.5631242076,02-3789-0110,A05,A0502,A05020100,2653189,39,음식점
농민백암순대 본점,서울특별시 강남구 선릉로86길 40-4,127.0530437877,37.5037600996,,A05,A0502,A05020100,2752169,39,음식점
농부보쌈,서울특별시 중랑구 용마산로 389 석주빌딩,127.0949570645,37.5865345731,,A05,A0502,A05020100,2847980,39,음식점
농협안심축산 고덕역,서울특별시 강동구 동남로73길 26,127.1548136721,37.5533561747,02-481-8841,A05,A0502,A05020100,2685254,39,음식점
뇨끼바,서울특별시 용산구 한남대로20길 41-4,127.0095190865,37.5350667926,,A05,A0502,A05020200,2851970,39,음식점
누메로도스,서울특별시 성동구 상원1길 35-9,127.0473514302,37.5464189322,,A05,A0502,A05020200,2894810,39,음식점
누메로뜨레쓰,서울특별시 성동구 성수일로 21,127.0486930831,37.5425888455,,A05,A0502,A05020200,2894795,39,음식점
누브티스,서울특별시 성북구 선잠로 42 (성북동),126.9972101364,37.5963816689,02-765-0252,A05,A0502,A05020200,2495232,39,음식점
눈나무집,서울특별시 종로구 삼청로 136-1,126.9818701207,37.5874740954,02-739-6742,A05,A0502,A05020100,398345,39,음식점
뉘조,서울특별시 종로구 인사동14길 27,126.9851868340,37.5751644745,"02-730-9311,9301",A05,A0502,A05020100,402976,39,음식점
뉘조,서울특별시 종로구 인사동14길 27,126.9851868340,37.5751644745,02-730-9301,A05,A0502,A05020100,2653022,39,음식점
뉴델리,서울특별시 동대문구 경희대로6길 5,127.0531301254,37.5933719136,02-957-7955,A05,A0502,A05020700,836008,39,음식점
뉴욕뉴욕(켄싱턴호텔),서울특별시 영등포구 국회대로76길 16,126.9219549763,37.5302741137,02-6670-7270,A05,A0502,A05020200,834489,39,음식점
뉴웨이브서울,서울특별시 광진구 아차산로33길 28-10,127.0707994273,37.5417615617,,A05,A0502,A05020200,2815129,39,음식점
느티나무설렁탕,서울특별시 중구 퇴계로71길 38,127.0128567804,37.5664770920,02-2234-9713,A05,A0502,A05020100,1900810,39,음식점
늘복집 (구_교수마을 초원복집),서울특별시 강남구 밤고개로14길 13-48,127.1028205009,37.4795249190,,A05,A0502,A05020100,2870406,39,음식점
늘봄해물찜&손칼국수 답십리본점,서울특별시 동대문구 전농로 39,127.0568221592,37.5686137463,,A05,A0502,A05020100,2842714,39,음식점
늘푸른목장 잠실본점,서울특별시 송파구 백제고분로9길 34,127.0826548153,37.5096321728,,A05,A0502,A05020100,2839940,39,음식점
늘푸른식당,서울특별시 마포구 굴레방로9길 3,126.9555372771,37.5568327402,02-362-9604,A05,A0502,A05020100,738596,39,음식점
능라밥상,서울특별시 종로구 돈화문로5길 42,126.9896837693,37.5708206158,02-733-9905,A05,A0502,A05020100,2642682,39,음식점
능이버섯백숙,서울특별시 영등포구 선유로 32,126.8888722596,37.5168111987,,A05,A0502,A05020100,2851611,39,음식점
니드스윗,서울특별시 성동구 아차산로1길 9,127.0457098386,37.5490435970,,A05,A0502,A05020900,2894763,39,음식점
니와,서울특별시 용산구 이촌로75길 22,126.9744949024,37.5207650483,02-790-0917,A05,A0502,A05020300,135423,39,음식점
다과상사,서울특별시 용산구 백범로 291,126.9617010969,37.5394265400,,A05,A0502,A05020900,2814836,39,음식점
다동 황소막창,서울특별시 중구 을지로3길 49,126.9807763209,37.5682235355,,A05,A0502,A05020100,2824948,39,음식점
다락정,서울특별시 종로구 삼청로 131-1 (삼청동),126.9815507103,37.5873018875,02-725-1697,A05,A0502,A05020100,398346,39,음식점
다래국수,서울특별시 종로구 자하문로1길 12,126.9717630159,37.5766251750,,A05,A0502,A05020100,2820424,39,음식점
다래함박스텍,서울특별시 강북구 수유로 20-2,127.0190571087,37.6328278234,,A05,A0502,A05020200,2755513,39,음식점
다로베,서울특별시 성동구 왕십리로11길 7,127.0434072836,37.5485713890,,A05,A0502,A05020200,2862133,39,음식점
다미죽,"서울특별시 중구 명동4길 40, 지하1층",126.9839456545,37.5619548765,02-777-5077,A05,A0502,A05020100,2653026,39,음식점
다온바이뱀부,서울특별시 강남구 학동로25길 39 (논현동),127.0277679600,37.5161276537,,A05,A0502,A05020100,2870174,39,음식점
다온스시,서울특별시 성동구 왕십리로 410 센트라스,127.0247973922,37.5653302184,,A05,A0502,A05020300,2829629,39,음식점
다올 숯불구이,서울특별시 중구 명동8길 8-11 (명동2가),126.9839761710,37.5632325059,,A05,A0502,A05020100,3303211,39,음식점
다운타우너 청담,서울특별시 강남구 도산대로53길 14,127.0385861936,37.5241130318,0507-1422-9399,A05,A0502,A05020200,2804976,39,음식점
단디,서울특별시 송파구 백제고분로45길 7,127.1103439731,37.5092743794,,A05,A0502,A05020300,2849353,39,음식점
단미그린비,서울특별시 강남구 밤고개로14길 13-50,127.1026871842,37.4793693798,,A05,A0502,A05020100,2752177,39,음식점
단박왕돈까스,서울특별시 용산구 백범로90길 74 이안용산,126.9696226583,37.5372602669,,A05,A0502,A05020200,2851986,39,음식점
단비,서울특별시 용산구 한남대로20길 21-12,127.0088135891,37.5352723121,,A05,A0502,A05020100,2852009,39,음식점
단스시,서울특별시 강남구 언주로 652 (논현동),127.0358005892,37.5151862409,,A05,A0502,A05020300,2870159,39,음식점
단아,서울특별시 영등포구 여의대방로67길 21 정곡빌딩,126.9294934507,37.5206059278,,A05,A0502,A05020100,2854383,39,음식점
단일서울,서울특별시 성동구 왕십리로 66-33,127.0455155806,37.5430859525,,A05,A0502,A05020900,2894747,39,음식점
달 카페,서울특별시 종로구 삼청로 94-1,126.9820479855,37.5838328553,02-735-7355,A05,A0502,A05020900,1018855,39,음식점
달리나인,서울특별시 서초구 신반포로 194,127.0058619153,37.5057340231,02-595-8999,A05,A0502,A05020200,2685257,39,음식점
달마시안,서울특별시 강남구 압구정로42길 42,127.0345420549,37.5263238132,,A05,A0502,A05020200,2849290,39,음식점
닭곱새,서울특별시 종로구 종로5길 7,126.9805679369,37.5706843569,02-6226-8220,A05,A0502,A05020100,2653032,39,음식점
닭내장집,서울특별시 서대문구 수색로 28-5,126.9156322234,37.5695111074,,A05,A0502,A05020100,2873449,39,음식점
닭으로가 압구정본점,서울특별시 강남구 언주로172길 55,127.0384194597,37.5270376893,,A05,A0502,A05020100,2870139,39,음식점
닭한마리 공릉본점,서울특별시 노원구 동일로 1020 공릉본점닭한마리,127.0748301314,37.6212551745,,A05,A0502,A05020100,2833427,39,음식점
닭한마리돼지한근,서울특별시 중구 동호로24길 33,127.0052131937,37.5608026145,02-2285-5988,A05,A0502,A05020100,2653729,39,음식점
담은갈비,서울특별시 송파구 삼전로 93 태정빌딩,127.0896070378,37.5069048366,,A05,A0502,A05020100,2843041,39,음식점
당산오돌 본점,서울특별시 영등포구 국회대로37길 6,126.8998320674,37.5276156945,,A05,A0502,A05020100,2854402,39,음식점
대가방 본점,"서울특별시 강남구 봉은사로 333 (논현동, 선정릉역 모아엘가 퍼스트 홈)",127.0430806123,37.5105785734,,A05,A0502,A05020400,2870120,39,음식점
대가식당,서울특별시 광진구 광나루로 596,127.0943861597,37.5420841713,,A05,A0502,A05020100,2840217,39,음식점
대가원 본점,서울특별시 강남구 언주로130길 8 (논현동),127.0361394589,37.5147696287,,A05,A0502,A05020100,2870077,39,음식점
대나무골,서울특별시 서초구 법원로3길 15,127.0088536639,37.4931994214,,A05,A0502,A05020100,2733859,39,음식점
대나무와인삼겹살,서울특별시 중구 퇴계로20길 29,126.9861455369,37.5590302557,02-753-7271,A05,A0502,A05020100,2653655,39,음식점
대도식당 왕십리본점,서울특별시 성동구 무학로12길 3 대도식당,127.0306162501,37.5673273128,,A05,A0502,A05020100,2836670,39,음식점
대돈집,서울특별시 성동구 왕십리로14길 18 뚝섬영재어린이집,127.0456154132,37.5486714162,,A05,A0502,A05020100,2894854,39,음식점
대문,서울특별시 도봉구 시루봉로 139-6,127.0275415665,37.6636966089,02-956-0843,A05,A0502,A05020100,232241,39,음식점
대문점,서울특별시 영등포구 영중로10길 30,126.9085565270,37.5185918989,02-2678-3256,A05,A0502,A05020400,135114,39,음식점
대박쌈밥두루치기,서울특별시 은평구 응암로9길 7,126.9156094965,37.5874451331,02-303-3090,A05,A0502,A05020100,2685283,39,음식점
대방골,서울특별시 영등포구 국회대로 800,126.9210994815,37.5308851387,02-783-4999,A05,A0502,A05020100,871834,39,음식점
대보명가,서울특별시 강북구 4.19로 69,127.0071328288,37.6457344413,,A05,A0502,A05020100,2834736,39,음식점
대복,서울특별시 중구 세종대로14길 22,126.9779406207,37.5628491096,,A05,A0502,A05020100,2809683,39,음식점
대상해,서울특별시 중구 세종대로 135,126.9762489670,37.5678346101,02-2171-7869,A05,A0502,A05020400,134030,39,음식점
대성갈비,서울특별시 성동구 상원1길 26 (성수동1가),127.0484485572,37.5462467490,,A05,A0502,A05020100,2843503,39,음식점
대성관 대방동,서울특별시 동작구 여의대방로 204-1,126.9226389558,37.5051409351,02-815-0567,A05,A0502,A05020400,2685286,39,음식점
대성집,서울특별시 종로구 사직로 5,126.9609168920,37.5727393211,02-735-4259,A05,A0502,A05020100,2438867,39,음식점
대성한정식,서울특별시 종로구 인사동3길 10,126.9861312822,37.5720009704,02-723-4407,A05,A0502,A05020100,2642826,39,음식점
대여죽집,서울특별시 영등포구 여의대방로67길 22 태양빌딩,126.9300128444,37.5207531422,,A05,A0502,A05020100,2866398,39,음식점
대우부대찌개,서울특별시 강남구 테헤란로25길 34,127.0352870976,37.5027987810,,A05,A0502,A05020100,2752172,39,음식점
대원,서울특별시 영등포구 국제금융로8길 34,126.9272631075,37.5202920355,02-784-0879,A05,A0502,A05020100,2685290,39,음식점
대장금,서울특별시 송파구 올림픽로 300 (신천동),127.1040749597,37.5141653654,02-3213-4534,A05,A0502,A05020100,2360783,39,음식점
대치동 함흥면옥,서울특별시 강남구 도곡로 423 (대치동),127.0567908359,37.4978608517,,A05,A0502,A05020100,2870043,39,음식점
대통령,서울특별시 종로구 대학로14길 12-1,127.0027433194,37.5839054403,02-766-4405,A05,A0502,A05020100,2685293,39,음식점
대평갈비,서울특별시 종로구 평창문화로 83,126.9702039630,37.6070438330,02-395-5288,A05,A0502,A05020100,2685295,39,음식점
대포찜닭 대학로,"서울특별시 종로구 대학로9길 18, 1층",127.0008935445,37.5819139724,02-742-6669,A05,A0502,A05020100,2653043,39,음식점
대포찜닭 신촌,서울특별시 서대문구 연세로 27-1,126.9367111776,37.5581739135,02-325-6633,A05,A0502,A05020100,2668235,39,음식점
대풍간장게장생선구이,서울특별시 서초구 신반포로45길 9-26,127.0179523353,37.5109003069,02-518-7357,A05,A0502,A05020100,134760,39,음식점
대한옥,서울특별시 영등포구 영등포로51길 6,126.9108951791,37.5194140671,,A05,A0502,A05020100,2850183,39,음식점
대한제빵소,서울특별시 마포구 월드컵북로 402 (상암동),126.8890565676,37.5801982781,,A05,A0502,A05020700,3453614,39,음식점
대호갈비,서울특별시 송파구 백제고분로 83,127.0793467861,37.5095154601,,A05,A0502,A05020100,2844929,39,음식점
대흥정육식당,"서울특별시 성동구 왕십리로 16 (성수동1가, 트리마제)",127.0439852779,37.5391002770,,A05,A0502,A05020100,2899012,39,음식점
댓잎갈비 본점,서울특별시 용산구 서빙고로91길 2 댓잎갈비,127.0018422980,37.5247984033,,A05,A0502,A05020100,2859951,39,음식점
댓짱돈까스 본점,서울특별시 서초구 방배로6길 13,127.0000854102,37.4792925456,,A05,A0502,A05020300,2856579,39,음식점
더 스팟 패뷸러스,서울특별시 중구 명동2길 22,126.9826318732,37.5623853582,,A05,A0502,A05020900,2786072,39,음식점
더 우리곱창,서울특별시 종로구 종로36나길 9 (종로5가),127.0044435509,37.5702681673,02-2266-8125,A05,A0502,A05020100,1965691,39,음식점
더 킹스,서울특별시 중구 동호로 287,127.0021023723,37.5605831395,02-2270-3121,A05,A0502,A05020200,1526940,39,음식점
더 한옥,서울특별시 종로구 계동길 75,126.9867309806,37.5807110796,02-743-7470,A05,A0502,A05020900,2679077,39,음식점
더그릴630,서울특별시 강남구 선릉로148길 43 Pasion 310,127.0430163740,37.5231271148,,A05,A0502,A05020100,2903120,39,음식점
더라운지 JW메리어트동대문스퀘어서울,"서울특별시 종로구 청계천로 279, JW메리어트동대문스퀘어서울 1층",127.0087987073,37.5703710113,02-2276-3336,A05,A0502,A05020200,2654150,39,음식점
더레스토랑,서울특별시 종로구 삼청로 54,126.9806981959,37.5807443015,02-735-8441,A05,A0502,A05020200,2685297,39,음식점
더마샬라,서울특별시 중구 명동길 14,126.9829179274,37.5634741263,02-754-8939,A05,A0502,A05020700,2679088,39,음식점
더버스스탑,서울특별시 중구 퇴계로20길 26-1,126.9858872259,37.5590691358,010-9083-9616,A05,A0502,A05020900,2669960,39,음식점
더블린,서울특별시 강남구 강남대로 442,127.0260935091,37.5021181398,02-561-3281,A05,A0502,A05020200,2685298,39,음식점
더블유오앤,서울특별시 마포구 잔다리로6길 20-9 (서교동),126.9206711493,37.5519326848,,A05,A0502,A05020900,3397897,39,음식점
더스키앤커피,서울특별시 종로구 동숭길 63,127.0041543825,37.5810641294,02-745-3343,A05,A0502,A05020900,2653114,39,음식점
더식당 명동,서울특별시 중구 명동10길 36,126.9855566084,37.5623270844,02-318-2234,A05,A0502,A05020100,2642583,39,음식점
더아너스,서울특별시 중랑구 망우로 353 상봉 프레미어스 엠코,127.0913376195,37.5981387149,,A05,A0502,A05020100,2835826,39,음식점
더웍,"서울특별시 성북구 길음로 11 (길음동, 길음역롯데캐슬트윈골드아파트)",127.0234880845,37.6038534948,,A05,A0502,A05020400,3446219,39,음식점
더원 레스토랑,서울특별시 강남구 영동대로 648 (삼성동),127.0576901262,37.5200388484,,A05,A0502,A05020400,2870024,39,음식점
더즌파스타바,서울특별시 성동구 서울숲4길 12-7 스타힐스,127.0422490916,37.5473242904,,A05,A0502,A05020200,2894911,39,음식점
더코너키친,서울특별시 종로구 평창문화로 98 행운빌딩,126.9719260252,37.6071382974,,A05,A0502,A05020200,2848075,39,음식점
더콘서트,서울특별시 서초구 서초중앙로20길 40,127.0164307757,37.4923607657,,A05,A0502,A05020200,2828400,39,음식점
더클래스 청담,서울특별시 강남구 압구정로60길 17-5,127.0422913531,37.5261878572,,A05,A0502,A05020700,2733974,39,음식점
더플레이스다이닝,서울특별시 용산구 남산공원길 105,126.9878983791,37.5511089858,02-3455-9220,A05,A0502,A05020200,135683,39,음식점
더한강,서울특별시 동작구 노량진로32길 29-6,126.9569939562,37.5123684883,,A05,A0502,A05020900,2834955,39,음식점
덕승재 상암본점,서울특별시 마포구 월드컵북로 361 DMC이안오피스텔,126.8914258814,37.5771597852,,A05,A0502,A05020100,2847839,39,음식점
덕후선생,서울특별시 강남구 선릉로 822 (청담동),127.0401887917,37.5253101437,,A05,A0502,A05020400,2854372,39,음식점
데이블러,서울특별시 용산구 한강대로 290-1 (남영동),126.9725888570,37.5442567296,,A05,A0502,A05020900,3046985,39,음식점
도깨비불고기,서울특별시 중구 을지로 43길 38,127.0078016499,37.5677629632,02-2269-1538,A05,A0502,A05020100,2653697,39,음식점
도깨비코티지,서울특별시 용산구 소월로2나길 6-1,126.9770715257,37.5533252005,,A05,A0502,A05020200,2809943,39,음식점
도넛정수,서울특별시 종로구 창신12길 40,127.0108788465,37.5783478996,,A05,A0502,A05020900,2811673,39,음식점
도락,서울특별시 마포구 월드컵북로54길 17 (상암동),126.8885621347,37.5813786875,,A05,A0502,A05020100,3443159,39,음식점
도마 유즈라멘,서울특별시 종로구 북촌로2길 14,126.9864810819,37.5779280656,,A05,A0502,A05020300,2808942,39,음식점
도봉산양고기,서울특별시 도봉구 도봉로191길 99-6 (도봉동),127.0417561863,37.6899771406,,A05,A0502,A05020100,2832791,39,음식점
도성,서울특별시 종로구 자하문로7길 15,126.9707936067,37.5785027177,02-738-8885,A05,A0502,A05020400,2642756,39,음식점
도성,서울특별시 종로구 자하문로7길 15,126.9707936067,37.5785027177,02-738-8885,A05,A0502,A05020400,2685216,39,음식점
도쎄멕시칸,서울특별시 성동구 왕십리로 58 FORHU,127.0452211721,37.5427498754,,A05,A0502,A05020200,2894932,39,음식점
도우룸,서울특별시 서초구 동광로 99,126.9933606107,37.4938879524,,A05,A0502,A05020200,2860789,39,음식점
도원마산아구찜,서울특별시 종로구 삼일대로 438,126.9879366209,37.5738452330,02-765-4009,A05,A0502,A05020100,2642683,39,음식점
도원스타일,서울특별시 강남구 압구정로 165,127.0274843337,37.5274180039,02-3449-5890,A05,A0502,A05020400,2623110,39,음식점
도원한우,서울특별시 강동구 진황도로 227 하선빌딩,127.1450153311,37.5264091268,,A05,A0502,A05020100,2834380,39,음식점
도읍지,서울특별시 동대문구 회기로21길 38-1,127.0530968038,37.5930552828,02-964-2388,A05,A0502,A05020100,835984,39,음식점
도일처,서울특별시 강서구 개화동로 567,126.8077561621,37.5620544928,02-2662-2322,A05,A0502,A05020400,678899,39,음식점
도키도키,서울특별시 광진구 아차산로33길 43,127.0706522037,37.5422753878,0507-1311-9884,A05,A0502,A05020300,2693508,39,음식점
도하정,서울특별시 마포구 마포대로4길 38,126.9466080654,37.5380903137,010-9440-6639,A05,A0502,A05020100,2670532,39,음식점
돈까스의집,서울특별시 송파구 삼전로 100 아카데미빌딩,127.0906986015,37.5070159544,,A05,A0502,A05020200,2843075,39,음식점
돈까스잔치 동빙고점,서울특별시 용산구 서빙고로 297,126.9964290009,37.5213070453,,A05,A0502,A05020100,2837902,39,음식점
돈덩어리,서울특별시 관악구 봉천로 237-8 (봉천동),126.9283971942,37.4898983640,,A05,A0502,A05020100,2933798,39,음식점
돈돼지,서울특별시 중구 명동9길 15,126.9847593948,37.5645879183,02-776-3301,A05,A0502,A05020100,2642541,39,음식점
돈족골,서울특별시 송파구 삼학사로 66,127.0974536533,37.5031415259,,A05,A0502,A05020100,2844953,39,음식점
돈존참나무장작구이,서울특별시 종로구 종로9길 8,126.9843898037,37.5709538387,02-730-2700,A05,A0502,A05020100,2653115,39,음식점
돈카츠인정,서울특별시 강서구 마곡중앙4로 22 파인스퀘어,126.8293043003,37.5583330873,,A05,A0502,A05020300,2847571,39,음식점
돌고래횟집,서울특별시 종로구 율곡로8길 101,126.9919418384,37.5728759729,02-765-3612,A05,A0502,A05020100,2685225,39,음식점
돌곰네,서울특별시 강남구 언주로146길 18,127.0367587153,37.5194135453,02-3446-2928,A05,A0502,A05020100,2670585,39,음식점
돌솥추어탕,서울특별시 종로구 자하문로1길 54,126.9695270961,37.5770723053,,A05,A0502,A05020100,2812642,39,음식점
돕감자탕,서울특별시 광진구 아차산로31길 9,127.0692912376,37.5415365603,02-499-2838,A05,A0502,A05020100,2685306,39,음식점
동경,서울특별시 종로구 새문안로9길 28,126.9757044705,37.5714341825,,A05,A0502,A05020300,2789182,39,음식점
동경,서울특별시 마포구 마포대로 49 성우빌딩,126.9469107357,37.5409233235,,A05,A0502,A05020300,2932740,39,음식점
동다헌,서울특별시 성북구 도봉로3길 15,127.0292207093,37.6103889490,02-988-4730,A05,A0502,A05020900,2378522,39,음식점
동달식당 강남본점,서울특별시 서초구 서운로 133,127.0247327106,37.4954272255,,A05,A0502,A05020100,2856611,39,음식점
동대문본가가마솥설렁탕,서울특별시 종로구 종로 299-1,127.0110540094,37.5720514123,02-741-1510,A05,A0502,A05020100,2653706,39,음식점
동대문정육식당,서울특별시 종로구 종로46길 7,127.0110068139,37.5712431719,02-764-1541,A05,A0502,A05020100,2653721,39,음식점
동대문허파집,서울특별시 종로구 종로17길 26,126.9888088244,37.5716954983,02-747-1235,A05,A0502,A05020100,2653116,39,음식점
동방명주,서울특별시 중구 퇴계로 186,126.9923921397,37.5608190489,02-2267-7285,A05,A0502,A05020400,1985729,39,음식점
동빙고 본점,서울특별시 용산구 이촌로 319 현대아파트,126.9823414879,37.5180155081,,A05,A0502,A05020900,2849404,39,음식점
동숭숯불갈비,서울특별시 종로구 대학로9길 26,127.0006185744,37.5817362105,02-741-3451,A05,A0502,A05020100,2653126,39,음식점
동심 한정식,서울특별시 중구 퇴계로27길 12-4,126.9918588304,37.5616689405,02-2267-4862,A05,A0502,A05020100,2027565,39,음식점
동우설렁탕 본점,서울특별시 성북구 개운사길 45,127.0290796795,37.5884526077,,A05,A0502,A05020100,2839112,39,음식점
동원집,서울특별시 중구 을지로1길 46 (다동),126.9799513982,37.5681735264,,A05,A0502,A05020100,3094599,39,음식점
동작구름카페,서울특별시 서초구 동작대로 350,126.9811002794,37.5058141254,,A05,A0502,A05020900,2784696,39,음식점
동작노을카페,서울특별시 동작구 동작대로 335 (동작동),126.9800614768,37.5060890748,,A05,A0502,A05020900,2763751,39,음식점
동적불고기깡통구이 쌍문 본점,서울특별시 도봉구 도봉로109길 30,127.0317027710,37.6471097240,,A05,A0502,A05020100,2842634,39,음식점
동촌 보리밥과 돈까스,서울특별시 송파구 거마로 22,127.1455161770,37.4950544417,,A05,A0502,A05020100,2848967,39,음식점
동해도 광화문,서울특별시 중구 무교로 28,126.9796153081,37.5685234803,,A05,A0502,A05020300,2788820,39,음식점
동해도 본점,서울특별시 영등포구 은행로 25 안원빌딩,126.9213967368,37.5287492815,,A05,A0502,A05020300,2850152,39,음식점
동해복집,서울특별시 노원구 동일로217가길 23,127.0591056498,37.6533317165,02-930-5400,A05,A0502,A05020100,403090,39,음식점
동화마을잔칫날,서울특별시 강서구 금낭화로 287-50,126.8125274857,37.5784971103,02-2665-1555,A05,A0502,A05020100,2685347,39,음식점
동흥관,서울특별시 금천구 시흥대로63길 20,126.8964843292,37.4580181632,02-803-3759,A05,A0502,A05020400,679654,39,음식점
돝고기506,서울특별시 강남구 역삼로17길 53,127.0362288061,37.4982826556,,A05,A0502,A05020100,2752546,39,음식점
된장예술과술,서울특별시 종로구 삼일대로15길 20,126.9864091204,37.5689735496,,A05,A0502,A05020100,2789169,39,음식점
두가헌,서울특별시 종로구 삼청로 14,126.9798039302,37.5773002409,02-3210-2100,A05,A0502,A05020200,562425,39,음식점
두레 국립현대미술관서울점,서울특별시 종로구 삼청로 30,126.9799038846,37.5785945367,,A05,A0502,A05020100,2941379,39,음식점
두레유,서울특별시 종로구 평창문화로 136 킴스관광호텔,126.9751701061,37.6095464090,,A05,A0502,A05020100,2814408,39,음식점
두르가 여의도,서울특별시 영등포구 국제금융로2길 37,126.9243244085,37.5230388861,02-785-4786,A05,A0502,A05020700,2685348,39,음식점
두바이레스토랑,서울특별시 용산구 이태원로 192,126.9953703949,37.5343444008,02-798-9277,A05,A0502,A05020700,820593,39,음식점
두에꼬제,"서울특별시 용산구 한남대로 60 (한남동, 금호리첸시아)",127.0079497995,37.5345362705,02-795-1405,A05,A0502,A05020200,403509,39,음식점
뒤뜰,서울특별시 구로구 안양천로539길 6,126.8705548127,37.5051288955,,A05,A0502,A05020100,2774271,39,음식점
드럼통 참숯석쇠구이,서울특별시 송파구 삼학사로19길 3 (삼전동),127.0965869906,37.5057550957,02-416-4555,A05,A0502,A05020100,134793,39,음식점
들국화떡볶이,서울특별시 중구 퇴계로76길 61,127.0147122797,37.5625192519,02-2235-2967,A05,A0502,A05020100,697269,39,음식점
들풀한상,서울특별시 마포구 동교로 156-5,126.9198155694,37.5555600261,,A05,A0502,A05020100,2851749,39,음식점
등나무집,서울특별시 동작구 대림로 52,126.9079852112,37.4882204166,,A05,A0502,A05020100,2764171,39,음식점
등촌샤브칼국수 등촌,서울특별시 강서구 강서로56가길 65,126.8403976136,37.5625577941,02-2659-9318,A05,A0502,A05020100,2685372,39,음식점
등촌칼국수버섯매운탕,서울특별시 강서구 화곡로64길 68,126.8567240849,37.5560921702,02-3661-2744,A05,A0502,A05020100,2685374,39,음식점
디딤생고기촌감자탕,서울특별시 영등포구 당산로41길 11,126.8983321127,37.5308652897,02-6268-9000,A05,A0502,A05020100,2682953,39,음식점
디라이프스타일키친 광화문점,서울특별시 중구 세종대로 136 파이낸스빌딩,126.9782987614,37.5685067916,,A05,A0502,A05020200,2853910,39,음식점
디마떼오,서울특별시 종로구 동숭길 29,127.0039016577,37.5800086922,02-747-4444,A05,A0502,A05020200,686363,39,음식점
디앤제이(DNJ),서울특별시 노원구 노원로 244 (하계동),127.0743268776,37.6395752576,02-939-6700,A05,A0502,A05020400,679683,39,음식점
디자이너리 카페,서울특별시 관악구 관천로 71-1 디자이너리 빌딩,126.9241282724,37.4851155095,,A05,A0502,A05020900,2850269,39,음식점
디자인카페허브,서울특별시 강동구 천호대로200길 15-16,127.1504006777,37.5360553267,,A05,A0502,A05020900,2839542,39,음식점
디토,서울특별시 서초구 명달로 94 (주)삼성출판사 사옥,127.0043487294,37.4857363185,,A05,A0502,A05020200,2856638,39,음식점
딥커피,서울특별시 마포구 동교로 209 (동교동),126.9233596001,37.5587736048,,A05,A0502,A05020900,2907163,39,음식점
따봉하우스,서울특별시 동대문구 경희대로4길 73,127.0563076683,37.5914527495,02-962-2885,A05,A0502,A05020100,2685377,39,음식점
딸부자네불백 신사본점,서울특별시 강남구 신사동 508-6,127.0205407502,37.5193215975,,A05,A0502,A05020100,2946082,39,음식점
땅코참숯구이 본점,서울특별시 성동구 행당로17길 26 세종보습학원,127.0330439935,37.5607364558,,A05,A0502,A05020100,2845040,39,음식점
땡스오트 연남,서울특별시 마포구 성미산로23길 68,126.9199124789,37.5663254437,,A05,A0502,A05020900,2900452,39,음식점
또순이,서울특별시 동작구 노들로 674,126.9355902885,37.5145456302,02-2254-7988,A05,A0502,A05020100,2384136,39,음식점
또순이네집,서울특별시 영등포구 선유로47길 16 (양평동4가),126.8954016819,37.5359285378,,A05,A0502,A05020100,2836227,39,음식점
또순이원조순대,서울특별시 관악구 신림로59길 14,126.9287890094,37.4833519091,02-884-7565,A05,A0502,A05020100,398356,39,음식점
뚝도농원,서울특별시 성동구 아차산로 82,127.0532287048,37.5452858357,,A05,A0502,A05020100,2900455,39,음식점
뚝도지기,서울특별시 성동구 성수이로 30-4,127.0546426744,37.5379061629,,A05,A0502,A05020100,2900649,39,음식점
뚱보네홍어,서울특별시 영등포구 신길로 200-20,126.9115453697,37.5105456646,0507-1326-7315,A05,A0502,A05020100,738665,39,음식점
뜨락,서울특별시 강남구 영동대로142길 13-3 (청담동),127.0555679713,37.5244660740,,A05,A0502,A05020100,2845699,39,음식점
뜰과다원,서울특별시 종로구 인사동길 34 (관훈동),126.9857312719,37.5736452166,02-734-5310,A05,A0502,A05020900,1986171,39,음식점
띠아낭,서울특별시 강서구 화곡로64길 72,126.8569018500,37.5559616332,,A05,A0502,A05020700,2782900,39,음식점
라 카페 갤러리,서울특별시 종로구 자하문로10길 28,126.9730489329,37.5793498817,02-379-1975,A05,A0502,A05020900,1926582,39,음식점
라 쿠치나,서울특별시 용산구 회나무로44길 10 라쿠치나,126.9964728955,37.5406020271,02-794-6006,A05,A0502,A05020200,402926,39,음식점
라구뜨 건대,서울특별시 광진구 능동로 92,127.0711633577,37.5391257631,02-2218-5770,A05,A0502,A05020100,2685379,39,음식점
라도스트,서울특별시 종로구 우정국로2길 17,126.9840843115,37.5696984235,02-734-8945,A05,A0502,A05020100,2642700,39,음식점
라메흐꺄도,서울특별시 영등포구 선유로17길 24 신일아르디세,126.8870500801,37.5211801026,,A05,A0502,A05020100,2853574,39,음식점
라멘트럭 상수본점,서울특별시 마포구 독막로14길 31,126.9226183177,37.5475526741,,A05,A0502,A05020300,2853819,39,음식점
라면점빵,서울특별시 종로구 자하문로1길 39,126.9701464960,37.5766501431,,A05,A0502,A05020100,2818856,39,음식점
라미띠에,서울특별시 강남구 도산대로67길 30,127.0446050364,37.5260268065,02-546-9621,A05,A0502,A05020200,2679023,39,음식점
라브리,서울특별시 종로구 종로 1,126.9757599561,37.5737339162,02-739-8930,A05,A0502,A05020200,685544,39,음식점
라뽀즈,서울특별시 마포구 양화로6길 60,126.9174187619,37.5486052357,,A05,A0502,A05020900,2940991,39,음식점
라세느 롯데호텔서울,서울특별시 중구 을지로 30,126.9816346542,37.5654794250,02-317-7171,A05,A0502,A05020200,2654151,39,음식점
라시에스타,서울특별시 서초구 효령로2길 4,126.9865478355,37.4763898620,02-587-9087,A05,A0502,A05020200,2685392,39,음식점
라온석갈비,서울특별시 성동구 성수이로 119,127.0571616658,37.5457858482,,A05,A0502,A05020100,2900624,39,음식점
라운드앤드,서울특별시 중구 정동길 35 (정동),126.9723827022,37.5661041865,,A05,A0502,A05020900,3354907,39,음식점
라이스앤파스타,서울특별시 송파구 올림픽로 300,127.1025779177,37.5126238510,,A05,A0502,A05020200,2703474,39,음식점
라임,서울특별시 서대문구 연세로4길 41,126.9387554383,37.5580711846,,A05,A0502,A05020300,2939587,39,음식점
라칸티나,서울특별시 중구 을지로 19 (을지로1가),126.9799708922,37.5663598490,02-777-2579,A05,A0502,A05020200,836324,39,음식점
라코펠라,서울특별시 강서구 마곡중앙로 136 (마곡동),126.8294429794,37.5653406087,,A05,A0502,A05020900,3452316,39,음식점
라크라센타,서울특별시 영등포구 문래로 92-5,126.8922135621,37.5189360109,,A05,A0502,A05020900,2851644,39,음식점
라크슌,서울특별시 종로구 청계천로 97-6,126.9884533889,37.5685958522,02-2266-8815,A05,A0502,A05020100,2663380,39,음식점
라프레플루트,서울특별시 성동구 서울숲2길 8-8,127.0394576794,37.5473047981,,A05,A0502,A05020900,2895139,39,음식점
락희안 가좌본점,서울특별시 서대문구 가재울로4길 53,126.9241673689,37.5761466000,,A05,A0502,A05020400,2914252,39,음식점
락희옥 마포본점,서울특별시 마포구 백범로 170 공덕더샵아파트,126.9491215459,37.5444257335,,A05,A0502,A05020100,2900435,39,음식점
란,서울특별시 영등포구 여의대방로53가길 12,126.9230943136,37.5106847437,02-848-1884,A05,A0502,A05020100,2682791,39,음식점
램랜드,서울특별시 마포구 토정로 255,126.9388919493,37.5434895483,,A05,A0502,A05020400,2733858,39,음식점
러반로제 레스토랑,서울특별시 송파구 석촌호수로 274 (송파동),127.1062304296,37.5102797443,,A05,A0502,A05020200,2849387,39,음식점
러프러프,서울특별시 성동구 연무장길 81 남경빌딩,127.0582811222,37.5417613364,,A05,A0502,A05020900,2900599,39,음식점
런던베이글뮤지엄,서울특별시 종로구 북촌로4길 20 연화빌딩,126.9862171806,37.5792251324,,A05,A0502,A05020900,2809117,39,음식점
레더라SFC,서울특별시 중구 세종대로 136,126.9782848748,37.5684790172,02-3789-3245,A05,A0502,A05020900,2685405,39,음식점
레드마블하우스,서울특별시 강남구 논현로 408 (역삼동),127.0391841373,37.4967190011,,A05,A0502,A05020100,2870000,39,음식점
레스쁘아,서울특별시 강남구 도산대로59길 16 (청담동),127.0424080481,37.5248296839,,A05,A0502,A05020200,2869691,39,음식점
레스토랑담,서울특별시 종로구 인사동길 30-7,126.9860395759,37.5736952164,02-730-3624,A05,A0502,A05020200,2670965,39,음식점
레스피레,서울특별시 마포구 월드컵로13길 55-24,126.9065473677,37.5543793705,,A05,A0502,A05020900,2816154,39,음식점
레이더,서울특별시 성동구 연무장길 39-29,127.0540397880,37.5436693715,,A05,A0502,A05020900,2900554,39,음식점
레이지 유스,서울특별시 성동구 무학로6길 22 (도선동),127.0325272508,37.5650748310,,A05,A0502,A05020900,3484142,39,음식점
레인리포트,서울특별시 용산구 소월로40길 85 (이태원동),126.9936870039,37.5418268348,,A05,A0502,A05020900,2996458,39,음식점
레인트리,서울특별시 서대문구 이화여대2가길 24,126.9462797395,37.5585490414,02-6406-2172,A05,A0502,A05020900,2685410,39,음식점
로덴드론 연희점,서울특별시 서대문구 연희로25길 82,126.9322862414,37.5701863271,,A05,A0502,A05020900,2900268,39,음식점
로리스 더 프라임 립,서울특별시 서초구 서초대로 411 GT TOWER,127.0259380793,37.4981602632,02-590-2800,A05,A0502,A05020200,2623617,39,음식점
로씨니,서울특별시 종로구 북촌로 18 (재동),126.9858672342,37.5784557709,02-766-8771,A05,A0502,A05020200,403024,39,음식점
로얄 라운지 다이닝,서울특별시 강남구 논현로 709 (논현동),127.0298233511,37.5153416703,,A05,A0502,A05020200,2846959,39,음식점
로얄맨션,서울특별시 서초구 사평대로22길 9 포레스트,126.9978128312,37.4992568527,,A05,A0502,A05020200,2856645,39,음식점
로얄인디안,서울특별시 광진구 동일로22길 42,127.0664748163,37.5419225762,02-466-8809,A05,A0502,A05020700,2685412,39,음식점
로얄커피호프,서울특별시 영등포구 도림로 150,126.8986692361,37.4938001579,02-836-6138,A05,A0502,A05020100,2682670,39,음식점
로우키,서울특별시 성동구 연무장3길 6,127.0515927719,37.5442525932,,A05,A0502,A05020900,2900494,39,음식점
로이터 커피 셸터,서울특별시 중구 필동로 53 삼경빌딩,126.9959335972,37.5568140223,,A05,A0502,A05020900,2914179,39,음식점
로코스 비비큐 경리단길본점,서울특별시 용산구 회나무로 83,126.9955535221,37.5410380710,,A05,A0502,A05020200,2855483,39,음식점
록멘,서울특별시 성동구 성수일로3길 2,127.0485653291,37.5421611148,,A05,A0502,A05020300,2895179,39,음식점
루나아시아,서울특별시 강남구 삼성로100길 15,127.0566682819,37.5099622221,,A05,A0502,A05020700,2654147,39,음식점
루비떡볶이,서울특별시 강남구 선릉로153길 21,127.0376640392,37.5246851709,,A05,A0502,A05020100,2731162,39,음식점
루위,서울특별시 강남구 도산대로 211 (신사동),127.0297093227,37.5206382758,,A05,A0502,A05020400,2602869,39,음식점
루이,서울특별시 중구 세종대로21길 40,126.9758878752,37.5683206583,02-736-8889,A05,A0502,A05020400,843591,39,음식점
루프,서울특별시 성동구 연무장5길 9-13,127.0524538036,37.5442831609,,A05,A0502,A05020900,2900407,39,음식점
류니끄,서울특별시 강남구 강남대로162길 40,127.0216239442,37.5207575613,02-546-9279,A05,A0502,A05020200,2685414,39,음식점
르몽블랑,서울특별시 용산구 신흥로 99-4,126.9848599410,37.5449652004,,A05,A0502,A05020900,2783403,39,음식점
르브런쉭 신사점,"서울특별시 강남구 강남대로162길 41-22 (신사동, 오로라빌)",127.0210822885,37.5221240595,,A05,A0502,A05020200,2867189,39,음식점
르빵,서울특별시 송파구 백제고분로41길 12,127.1082219999,37.5072717961,070-8973-7004,A05,A0502,A05020900,2685416,39,음식점
르뺑블랑,서울특별시 강서구 강서로47가길 33,126.8357816884,37.5511757020,,A05,A0502,A05020900,2782729,39,음식점
르지우,서울특별시 서초구 사평대로26길 40 리윤빌딩,126.9989349762,37.4983736430,,A05,A0502,A05020200,2856652,39,음식점
르프리크,서울특별시 성동구 연무장5길 9-16,127.0526732224,37.5444914739,,A05,A0502,A05020200,2778821,39,음식점
르한스,서울특별시 성북구 정릉로10길 127,126.9985375715,37.6041863408,,A05,A0502,A05020200,2757730,39,음식점
리브나 Rivna,서울특별시 성동구 뚝섬로 366-46,127.0508513013,37.5397197729,,A05,A0502,A05020200,2899048,39,음식점
리애,서울특별시 강남구 선릉로16길 6,127.0601075967,37.4838569819,,A05,A0502,A05020300,2869105,39,음식점
리커버리커피바,서울특별시 성동구 왕십리로16가길 10,127.0448709877,37.5503906482,,A05,A0502,A05020900,2895210,39,음식점
리코,서울특별시 강북구 도봉로68길 36 (미아동),127.0264453642,37.6313947898,,A05,A0502,A05020900,3458629,39,음식점
리틀넥한남,서울특별시 용산구 한남대로27길 66,127.0030278809,37.5396550323,,A05,A0502,A05020200,2779136,39,음식점
리틀포레스트,서울특별시 성동구 성수일로12길 23,127.0537230167,37.5483604874,,A05,A0502,A05020200,2900388,39,음식점
린스시,서울특별시 서초구 반포대로12길 10,127.0119369587,37.4846115843,0507-1456-9893,A05,A0502,A05020300,2535556,39,음식점
릴즈,서울특별시 성동구 청계천로 474 왕십리 모노퍼스 주상복합,127.0295773913,37.5695853650,,A05,A0502,A05020200,2807829,39,음식점
마곡오리,서울특별시 강서구 양천로30길 11,126.8228933688,37.5727424089,,A05,A0502,A05020100,2849691,39,음식점
마구로센 한남점,서울특별시 용산구 대사관로31길 24 (한남동),127.0060610870,37.5343918088,,A05,A0502,A05020300,2856413,39,음식점
마노디셰프 명동,서울특별시 중구 명동길 26,126.9837900693,37.5635074711,02-777-7047,A05,A0502,A05020200,2685420,39,음식점
마누테라스,서울특별시 강남구 양재천로 179 (도곡동),127.0455867406,37.4822819033,,A05,A0502,A05020200,2869969,39,음식점
마당족발,서울특별시 광진구 능동로 175,127.0734296104,37.5464360656,02-468-3030,A05,A0502,A05020100,2685258,39,음식점
마도,서울특별시 영등포구 의사당대로1길 11,126.9286019029,37.5192782879,02-784-2660,A05,A0502,A05020300,2685425,39,음식점
마드레,서울특별시 강동구 동남로 710 마드레,127.1524004597,37.5373191045,,A05,A0502,A05020100,2839559,39,음식점
마라탄탄면,서울특별시 중구 명동2길 49,126.9833429511,37.5612688345,070-7762-5858,A05,A0502,A05020400,2679086,39,음식점
마루심,서울특별시 서초구 고무래로10길 10,127.0104977111,37.5019456569,,A05,A0502,A05020300,2733964,39,음식점
마를리,서울특별시 성동구 연무장길 47 조은빌딩,127.0547508574,37.5428528123,,A05,A0502,A05020900,2900364,39,음식점
마리오네,서울특별시 성동구 성수이로12길 15,127.0569229685,37.5397948735,,A05,A0502,A05020200,2827892,39,음식점
마망갸또,서울특별시 강남구 압구정로10길 30-12,127.0215711272,37.5223268224,070-4353-5860,A05,A0502,A05020900,2685427,39,음식점
마복림할머니 막내아들네,서울특별시 중구 다산로 221,127.0151038977,37.5629747614,,A05,A0502,A05020100,2853937,39,음식점
마복림할머니집,서울특별시 중구 다산로35길 5,127.0151150008,37.5632219560,02-2232-8930,A05,A0502,A05020100,398352,39,음식점
마부자생삼겹살,서울특별시 강서구 마곡중앙5로 6 마곡나루역보타닉푸르지오시티,126.8269709260,37.5673431093,,A05,A0502,A05020100,2849708,39,음식점
마블상회,서울특별시 성동구 광나루로8길 11 (성수동2가),127.0639637660,37.5478162907,,A05,A0502,A05020100,2900341,39,음식점
마산아구찜,서울특별시 서초구 강남대로99길 9,127.0190215594,37.5152525979,0507-1311-4304,A05,A0502,A05020100,2689417,39,음식점
마산옥,서울특별시 강남구 강남대로152길 9,127.0202352812,37.5172440556,02-544-7207,A05,A0502,A05020100,134808,39,음식점
마얘 (MAILLET),서울특별시 서초구 사평대로22길 14 토마소닉스빌딩,126.9976184113,37.4990096559,,A05,A0502,A05020900,2810010,39,음식점
마오 청담동점,서울특별시 강남구 도산대로56길 17 (청담동),127.0405582959,37.5220299758,,A05,A0502,A05020400,2867216,39,음식점
마우스래빗,서울특별시 광진구 능동로11길 10 (화양동),127.0709188521,37.5420531964,,A05,A0502,A05020900,2946087,39,음식점
마음을담아내면,서울특별시 종로구 율곡로3길 79,126.9821258854,37.5792722752,02-732-7768,A05,A0502,A05020100,2653130,39,음식점
마이시크릿덴,서울특별시 중구 덕수궁길 9,126.9762407191,37.5648544009,,A05,A0502,A05020900,2905552,39,음식점
마이클 바이 해비치,서울특별시 종로구 우정국로 26,126.9836731855,37.5715509786,,A05,A0502,A05020200,2848063,39,음식점
마일스톤 커피,서울특별시 강남구 논현로159길 49 (신사동),127.0243514413,37.5218963670,,A05,A0502,A05020900,2867252,39,음식점
마장갈비,서울특별시 성동구 마장로 292-1 (마장동),127.0425207728,37.5655138491,02-2292-8588,A05,A0502,A05020100,403985,39,음식점
마장동 한우촌,서울특별시 성동구 마장로35길 68 마축일축산물시장,127.0412901810,37.5707354421,,A05,A0502,A05020100,2843485,39,음식점
마제스티 타바론 티 라운지,서울특별시 강남구 도산대로 327 (신사동),127.0376140865,37.5231714569,,A05,A0502,A05020200,2869947,39,음식점
마지,서울특별시 종로구 자하문로5길 19,126.9707714116,37.5776167085,02-536-5228,A05,A0502,A05020700,2025260,39,음식점
마쯔야,서울특별시 중구 소공로 63,126.9811237176,37.5609438324,02-310-5038,A05,A0502,A05020300,2624690,39,음식점
마초쉐프 강남본점,서울특별시 강남구 강남대로106길 29 (역삼동),127.0278599746,37.5035513381,,A05,A0502,A05020200,2869928,39,음식점
마쵸마라,서울특별시 종로구 종로8길 5,126.9841176384,37.5698178546,02-737-8886,A05,A0502,A05020400,2642702,39,음식점
마켓오 압구정,서울특별시 강남구 도산대로 310,127.0354948797,37.5216021568,02-515-0105,A05,A0502,A05020200,2685429,39,음식점
마크69,서울특별시 성동구 서울숲길 24 진성금속,127.0400076114,37.5479325124,,A05,A0502,A05020900,2895253,39,음식점
마포소문난원조족발,서울특별시 마포구 만리재로 19,126.9532294950,37.5447729890,02-716-9731,A05,A0502,A05020100,737480,39,음식점
마포숯불갈비,서울특별시 영등포구 도신로53길 9-1,126.9145367233,37.5119899949,02-841-2729,A05,A0502,A05020100,2682761,39,음식점
마포양지설렁탕,서울특별시 마포구 새창로 6,126.9505242619,37.5420899190,,A05,A0502,A05020100,2841742,39,음식점
마포옥,서울특별시 마포구 토정로 312,126.9433499762,37.5399261531,02-716-6661,A05,A0502,A05020100,2678887,39,음식점
마포원조떡볶이,서울특별시 마포구 도화2길 3,126.9488105771,37.5403900858,,A05,A0502,A05020100,2847803,39,음식점
마포유가궁중족발,서울특별시 마포구 만리재로 19,126.9532294950,37.5447729890,02-718-7087,A05,A0502,A05020100,737695,39,음식점
마포집,서울특별시 강남구 남부순환로 2726 거북빌딩,127.0441589970,37.4856731504,,A05,A0502,A05020100,2926952,39,음식점
마하차이 성수본점,서울특별시 성동구 뚝섬로 399,127.0550981573,37.5390004886,,A05,A0502,A05020700,2900310,39,음식점
막내회센타,서울특별시 영등포구 도신로53길 7,126.9144256227,37.5119594407,02-844-6150,A05,A0502,A05020100,2682745,39,음식점
막내회집,서울특별시 중구 남대문시장4길 34-11,126.9766630831,37.5584884821,02-755-5115,A05,A0502,A05020100,2679021,39,음식점
만가,서울특별시 종로구 사직로 103-19,126.9704020341,37.5764418386,02-720-5797,A05,A0502,A05020100,2642805,39,음식점
만다린,서울특별시 영등포구 국회대로29길 16 (당산동4가),126.8973572393,37.5295432042,02-2634-0379,A05,A0502,A05020400,2679810,39,음식점
만다린,서울특별시 서초구 방배로6길 10-15 대영빌딩,127.0006270489,37.4785370871,,A05,A0502,A05020400,2856695,39,음식점
만두향,서울특별시 중랑구 면목로74길 6 (면목동),127.0879270771,37.5890952598,,A05,A0502,A05020100,2835205,39,음식점
만보성,서울특별시 종로구 서순라길 53,126.9930889543,37.5729482074,02-766-8488,A05,A0502,A05020400,2642812,39,음식점
만족오향족발 강남역,서울특별시 강남구 역삼로1길 19,127.0301766848,37.4945579795,02-561-4755,A05,A0502,A05020100,2643062,39,음식점
만족오향족발 시청,서울특별시 중구 서소문로 134-7,126.9760491139,37.5633129102,02-753-4755,A05,A0502,A05020100,2642979,39,음식점
만족오향족발 홍대,서울특별시 마포구 동교로 191,126.9223958318,37.5576015017,02-323-1233,A05,A0502,A05020100,2642973,39,음식점
만포막국수,서울특별시 중구 동호로14길 2,127.0103378666,37.5558588365,,A05,A0502,A05020100,2914148,39,음식점
맛보래즉석떡볶이,서울특별시 종로구 인사동3길 9,126.9862840485,37.5719037621,02-720-4831,A05,A0502,A05020100,2653132,39,음식점
맛뿔감자탕,서울특별시 영등포구 시흥대로 629 대진빌딩,126.9056798526,37.4886897653,02-835-4795,A05,A0502,A05020100,2827995,39,음식점
맛짱조개,서울특별시 강남구 언주로134길 18 (논현동),127.0370282141,37.5166388719,,A05,A0502,A05020100,2869902,39,음식점
맛차차,서울특별시 성동구 서울숲2길 18-11,127.0406075865,37.5469020876,,A05,A0502,A05020900,2783578,39,음식점
망우찜쌈밥 본점,서울특별시 중랑구 용마공원로2길 8,127.1003313443,37.5946448388,,A05,A0502,A05020100,2847967,39,음식점
망원동수창골,서울특별시 마포구 망원로11길 3,126.9072305331,37.5581345018,02-322-3230,A05,A0502,A05020100,2671156,39,음식점
망원동즉석우동 본점,서울특별시 마포구 동교로 83,126.9111663928,37.5543072392,,A05,A0502,A05020300,2842851,39,음식점
매일낙지,서울특별시 영등포구 경인로78길 3-16,126.8953829154,37.5119118844,,A05,A0502,A05020100,2783104,39,음식점
매화반점,서울특별시 광진구 동일로18길 96,127.0679470041,37.5384146766,02-498-1939,A05,A0502,A05020400,2685447,39,음식점
맥심플랜트,서울특별시 용산구 이태원로 250,127.0009892506,37.5370691850,,A05,A0502,A05020900,2733960,39,음식점
맥파이앤타이거 성수티룸,서울특별시 성동구 성수이로 97,127.0566034424,37.5436999698,,A05,A0502,A05020900,2938669,39,음식점
맨메이드 도산,서울특별시 강남구 선릉로153길 35,127.0365585870,37.5245934950,,A05,A0502,A05020900,2847018,39,음식점
맷카페,서울특별시 강남구 학동로50길 42 (논현동),127.0406362953,37.5139420279,,A05,A0502,A05020900,2847035,39,음식점
맹순이꽃게아구찜,서울특별시 강서구 공항대로 272 하바나빌딩,126.8377729769,37.5581638139,,A05,A0502,A05020100,2849242,39,음식점
먹고을전주콩나물국밥 묵동본점,서울특별시 중랑구 중랑역로 268,127.0779883260,37.6160141744,,A05,A0502,A05020100,2851777,39,음식점
먼데이투선데이,서울특별시 강남구 도산대로67길 13-3 (청담동),127.0441467779,37.5248436022,,A05,A0502,A05020900,3017749,39,음식점
멍석집,서울특별시 종로구 돈화문로11다길 7,126.9903558720,37.5728787220,02-766-4620,A05,A0502,A05020100,2685450,39,음식점
메쉬커피,서울특별시 성동구 서울숲길 43,127.0424684913,37.5481714179,,A05,A0502,A05020900,2899351,39,음식점
메이린,서울특별시 강북구 월계로 173 북서울꿈의숲,127.0445440464,37.6197242510,,A05,A0502,A05020400,2840162,39,음식점
메이비카페,서울특별시 구로구 디지털로32나길 51,126.9006915216,37.4849984384,,A05,A0502,A05020200,2833368,39,음식점
메이플탑,서울특별시 성동구 성수이로14길 14 (주)대명케미칼,127.0567923725,37.5416279914,,A05,A0502,A05020900,2900247,39,음식점
메종 드 라 카테고리,서울특별시 강남구 선릉로 826,127.0402415554,37.5256212198,,A05,A0502,A05020200,2752393,39,음식점
메종 사우스케이프,서울특별시 강남구 도산대로45길 17 제성빌딩,127.0350781981,37.5234713765,,A05,A0502,A05020200,2853037,39,음식점
메종 파이프그라운드,서울특별시 성동구 왕십리로 83-21 아크로 서울포레스트,127.0432879644,37.5445357444,,A05,A0502,A05020900,2899368,39,음식점
메종 한남,서울특별시 용산구 유엔빌리지3길 24,127.0129521277,37.5343086091,,A05,A0502,A05020200,2758116,39,음식점
메종드타르트,서울특별시 광진구 자양로53길 69,127.0908138718,37.5558297322,,A05,A0502,A05020900,2844853,39,음식점
메종브리크,서울특별시 마포구 동교로38길 27-19,126.9259842696,37.5620093872,,A05,A0502,A05020200,2809287,39,음식점
메종엠오,서울특별시 서초구 방배로26길 22,126.9941106695,37.4893579362,,A05,A0502,A05020900,2905321,39,음식점
메종조,서울특별시 서초구 반포대로7길 35,127.0101399735,37.4820368509,,A05,A0502,A05020200,2864341,39,음식점
멕시칼리,서울특별시 광진구 능동,127.0884891695,37.5527967094,,A05,A0502,A05020200,2824947,39,음식점
멘슈,서울특별시 영등포구 여의대방로 394,126.9327904056,37.5194450107,02-761-5285,A05,A0502,A05020300,2685453,39,음식점
멘야하나비,서울특별시 송파구 백제고분로45길 38,127.1077413832,37.5109713579,,A05,A0502,A05020300,2844971,39,음식점
멜팅샵X치즈룸,서울특별시 종로구 종로3길 17 D타워,126.9789291877,37.5710481741,,A05,A0502,A05020200,2827893,39,음식점
명동 알쌈쭈꾸미 VS 부대찌개,서울특별시 중구 장충단로13길 13,127.0078821939,37.5678823953,02-2275-9023,A05,A0502,A05020100,2679082,39,음식점
명동 영양센터,서울특별시 중구 명동2길 52,126.9830818681,37.5611160695,02-776-2015,A05,A0502,A05020100,133337,39,음식점
명동관,"서울특별시 중구 명동10길 7-9, 2층",126.9857676635,37.5636158272,02-318-4840,A05,A0502,A05020400,2653133,39,음식점
명동교자,서울특별시 중구 명동10길 29 (명동2가),126.9855954862,37.5625964986,0507-1366-5348,A05,A0502,A05020100,403053,39,음식점
명동길신신,서울특별시 중구 남대문로 64,126.9822041213,37.5628464081,02-772-9489,A05,A0502,A05020100,2653686,39,음식점
명동돈가스,서울특별시 중구 명동3길 8,126.9835761856,37.5640101870,"02-776-5300, 02-775-5300",A05,A0502,A05020300,398339,39,음식점
명동뚱뚱이족발,서울특별시 중구 퇴계로20길 9,126.9858149873,37.5598773738,02-778-8998,A05,A0502,A05020100,2669958,39,음식점
명동무등산정육식당,서울특별시 중구 명동8길 27,126.9851927451,37.5625881583,02-752-9292,A05,A0502,A05020100,2685463,39,음식점
명동부대찌개 명동황기족발,서울특별시 중구 명동길 25-7,126.9837706082,37.5641518402,02-752-6800,A05,A0502,A05020100,134268,39,음식점
명동서서갈비,서울특별시 중구 명동7가길 20-8 (을지로2가),126.9833206306,37.5648128667,02-318-6400,A05,A0502,A05020100,2653134,39,음식점
명동솥뚜껑,서울특별시 중구 명동7길 14-4,126.9845983016,37.5644740398,02-773-5076,A05,A0502,A05020100,2663358,39,음식점
명동정,"서울특별시 중구 삼일대로 299, 1층",126.9885952394,37.5616494398,02-3789-5132,A05,A0502,A05020100,2643068,39,음식점
명동쭈꾸미,서울특별시 중구 퇴계로6길 3-28 (회현동1가),126.9793017287,37.5585912950,,A05,A0502,A05020100,3505386,39,음식점
명동한우방,"서울특별시 중구 명동9길 37-5, 2층",126.9839622210,37.5654433607,02-2267-8132,A05,A0502,A05020100,2642960,39,음식점
명동해물탕어머니집,서울특별시 중구 명동8길 11-6,126.9850038560,37.5632103053,02-776-3896,A05,A0502,A05020100,2685228,39,음식점
명문막국수,서울특별시 성북구 창경궁로 319 (성북동1가),127.0049541051,37.5882633071,02-745-3389,A05,A0502,A05020100,2495458,39,음식점
명보정,서울특별시 영등포구 국제금융로6길 30 (여의도동),126.9266186801,37.5217751850,,A05,A0502,A05020100,2663464,39,음식점
명성,서울특별시 영등포구 당산로36길 7-2,126.8987488150,37.5282517120,02-2634-6162,A05,A0502,A05020400,2682845,39,음식점
명인등심 압구정 본점,서울특별시 강남구 도산대로 211 동현빌딩,127.0297093227,37.5206382758,,A05,A0502,A05020100,2867294,39,음식점
명인밥상,서울특별시 송파구 송이로 155,127.1250514194,37.4933681573,,A05,A0502,A05020100,2839950,39,음식점
명품기사식당뚝다리김치찌개,서울특별시 강동구 천중로 175,127.1396792786,37.5414128440,,A05,A0502,A05020100,2787231,39,음식점
명품송이족발,서울특별시 동작구 사당로17길 11,126.9740654290,37.4838137764,02-535-0712,A05,A0502,A05020100,2685476,39,음식점
명화당,서울특별시 중구 명동4길 30,126.9838345403,37.5624270421,02-777-7317,A05,A0502,A05020100,2642555,39,음식점
모꼬지에,서울특별시 송파구 송파대로36길 5-13,127.1123190409,37.5005254306,,A05,A0502,A05020100,2843115,39,음식점
모녀김밥,서울특별시 종로구 동호로 403-23,127.0011132988,37.5702819948,02-2273-8330,A05,A0502,A05020100,1998333,39,음식점
모닥불,서울특별시 동대문구 회기로8길 34,127.0409868683,37.5905331359,02-963-2290,A05,A0502,A05020100,133248,39,음식점
모두랑,서울특별시 광진구 자양로28길 24,127.0855452965,37.5421256737,02-457-1178,A05,A0502,A05020100,2685480,39,음식점
모래내곱창,서울특별시 서대문구 증가로10길 26,126.9236617944,37.5784518788,,A05,A0502,A05020100,2900401,39,음식점
모리티아,서울특별시 성동구 성수동2가,127.0526148328,37.5466523332,,A05,A0502,A05020900,2861463,39,음식점
모모야마,서울특별시 중구 을지로 30,126.9809819395,37.5653516507,02-317-7031,A05,A0502,A05020300,1393694,39,음식점
모스가든,서울특별시 강남구 논현로139길 12,127.0283873324,37.5167137081,,A05,A0502,A05020700,2755477,39,음식점
모어딥 성수,서울특별시 성동구 성수일로 95-1,127.0512260047,37.5489770378,,A05,A0502,A05020900,2899392,39,음식점
모연 마포본점,서울특별시 마포구 토정로 318,126.9437749505,37.5394901003,,A05,A0502,A05020100,2847772,39,음식점
모짜(MOZZA),서울특별시 성북구 성북로 102 (성북동),126.9975740852,37.5931153884,02-742-1020,A05,A0502,A05020200,2495463,39,음식점
모찌크림,서울특별시 중구 을지로 30,126.9816346542,37.5654794250,02-772-3997,A05,A0502,A05020900,2685262,39,음식점
목금,서울특별시 성동구 왕십리로2길 34,127.0484653225,37.5427138265,,A05,A0502,A05020200,2899411,39,음식점
목동분식,서울특별시 강서구 강서로45라길 36,126.8343485381,37.5493175584,,A05,A0502,A05020100,2849258,39,음식점
목란,서울특별시 서대문구 연희로15길 21,126.9305031195,37.5684392756,,A05,A0502,A05020400,2839885,39,음식점
목멱산방,서울특별시 중구 퇴계로20길 71,126.9869204906,37.5581803685,02-318-4790,A05,A0502,A05020100,2679039,39,음식점
목우촌숯불갈비,서울특별시 종로구 성균관로 49-1,126.9964021378,37.5871799461,02-3672-2867,A05,A0502,A05020100,2653135,39,음식점
목포낙지동태매운탕,서울특별시 영등포구 신풍로 103,126.9177006552,37.5002164193,02-823-7113,A05,A0502,A05020100,2682744,39,음식점
목포명가 율현본점,서울특별시 강남구 밤고개로23길 22 (율현동),127.1086201343,37.4738423498,,A05,A0502,A05020100,2869793,39,음식점
목포산꽃게찜,서울특별시 성동구 마장로 325,127.0450788069,37.5678386247,02-2292-1270,A05,A0502,A05020200,2685484,39,음식점
몰타참치,서울특별시 강남구 삼성로85길 26,127.0550713449,37.5050238783,02-508-7861,A05,A0502,A05020300,2685485,39,음식점
몽고네,서울특별시 강남구 선릉로155길 5 (신사동),127.0391305578,37.5252045816,,A05,A0502,A05020200,2869781,39,음식점
몽련,서울특별시 성동구 왕십리로10길 3,127.0450488397,37.5471965780,,A05,A0502,A05020100,2899443,39,음식점
몽실이네 토종한우,서울특별시 성동구 마장로35길 70,127.0415318284,37.5706271256,02-2299-3365,A05,A0502,A05020100,1917067,39,음식점
몽중헌 청담점,서울특별시 강남구 도산대로 445 (청담동),127.0448050642,37.5243770020,,A05,A0502,A05020400,2842790,39,음식점
몽탄,서울특별시 용산구 백범로99길 50,126.9722585634,37.5360493436,,A05,A0502,A05020100,2815118,39,음식점
묘한식탁,서울특별시 마포구 포은로2나길 44,126.9097249652,37.5505048774,,A05,A0502,A05020200,2807699,39,음식점
무교동 북어국집,서울특별시 중구 을지로1길 38 (다동),126.9798736375,37.5677957910,02-777-3891,A05,A0502,A05020100,403044,39,음식점
무궁화 롯데호텔서울,서울특별시 중구 을지로 30,126.9816346542,37.5654794250,02-317-7061,A05,A0502,A05020100,2653710,39,음식점
무등산,서울특별시 강남구 선릉로146길 3,127.0399333544,37.5219549732,02-518-4001,A05,A0502,A05020100,134201,39,음식점
무등산수만리염소탕 강남점,서울특별시 강남구 역삼로2길 13,127.0316710499,37.4925499062,,A05,A0502,A05020100,2869759,39,음식점
무브모브,서울특별시 성동구 성수일로 56 성수동BY센터,127.0504428442,37.5453913292,,A05,A0502,A05020900,2900178,39,음식점
무수아취,서울특별시 도봉구 도봉로169길 249 (도봉동),127.0331018070,37.6764424483,,A05,A0502,A05020100,2781508,39,음식점
무수옥,서울특별시 도봉구 도봉로165길 15,127.0441591085,37.6772592190,,A05,A0502,A05020100,2832803,39,음식점
무식당 성수본점,서울특별시 성동구 왕십리로10길 5-9,127.0452515968,37.5472715731,,A05,A0502,A05020100,2899462,39,음식점
무진장,서울특별시 중구 다산로44길 66,127.0206588875,37.5650829496,02-2232-5566,A05,A0502,A05020100,2660634,39,음식점
무타리,"서울특별시 마포구 양화로16길 26, 2층",126.9209849781,37.5530408955,0507-1488-7600,A05,A0502,A05020100,2645706,39,음식점
무탄,서울특별시 강남구 논현로176길 22,127.0303257432,37.5273597287,,A05,A0502,A05020400,2845760,39,음식점
무한쌈밥집,서울특별시 서초구 강남대로93길 23-10 동훈빌딩,127.0188660970,37.5124556978,,A05,A0502,A05020100,2855797,39,음식점
묵골무공해쌈밥 본점,서울특별시 송파구 새말로15길 22 (문정동),127.1292095766,37.4862607240,,A05,A0502,A05020100,2848969,39,음식점
문바리문어세상해천탕,서울특별시 송파구 오금로 169,127.1135547718,37.5099660236,,A05,A0502,A05020100,2849487,39,음식점
문배동 육칼,서울특별시 용산구 백범로90길 50,126.9703281680,37.5365964678,,A05,A0502,A05020100,1985351,39,음식점
문츠 바베큐,서울특별시 성동구 연무장5길 6 천일정공사,127.0524482654,37.5436860075,,A05,A0502,A05020200,2900146,39,음식점
문화식당,서울특별시 성북구 혜화로 88,126.9982101461,37.5928265443,,A05,A0502,A05020200,2839130,39,음식점
문화식당,서울특별시 성동구 성수일로4길 45,127.0538426204,37.5423667414,,A05,A0502,A05020200,2900037,39,음식점
뮤직컴플렉스 서울,서울특별시 종로구 인사동길 49,126.9835675554,37.5745200760,02-6954-2939,A05,A0502,A05020900,2947970,39,음식점
미 피아체,서울특별시 강남구 도산대로70길 34 (청담동),127.0448856938,37.5215134469,02-516-6317,A05,A0502,A05020200,402880,39,음식점
미가본,"서울특별시 중구 명동길 56, 2층",126.9854510205,37.5638074655,02-752-0330,A05,A0502,A05020100,2653735,39,음식점
미나미,서울특별시 서초구 서초대로58길 31-2,127.0181361469,37.4933912319,,A05,A0502,A05020300,2864321,39,음식점
미나미야마 본점,서울특별시 중구 소파로 105,126.9859344939,37.5573026750,,A05,A0502,A05020300,2853965,39,음식점
미니네,서울특별시 중구 다산로 219-1,127.0150566827,37.5628747731,02-2232-4425,A05,A0502,A05020100,697328,39,음식점
"미도리파티 (구, 풍납동 미도리)",서울특별시 송파구 천호대로152길 13 성신빌라,127.1218087867,37.5377573902,,A05,A0502,A05020200,2817111,39,음식점
미드나잇 롤러코스터 클럽,서울특별시 동대문구 망우로 22 (휘경동),127.0560911185,37.5880336982,,A05,A0502,A05020900,3416133,39,음식점
미락,서울특별시 강서구 화곡로15길 10,126.8342432413,37.5404630308,02-2604-3855,A05,A0502,A05020100,2685492,39,음식점
미림산장,서울특별시 강북구 삼양로181길 253 미림산장,127.0050349948,37.6739422335,,A05,A0502,A05020100,2840174,39,음식점
미미미 가든,서울특별시 강남구 도산대로 417 (청담동),127.0411331916,37.5238631067,,A05,A0502,A05020200,2867344,39,음식점
미미옥,서울특별시 용산구 한강로3가 한강대로15길 (27),126.9630207911,37.5263308628,,A05,A0502,A05020700,2806716,39,음식점
미성옥,서울특별시 중구 명동길 25-11,126.9839567005,37.5642185030,02-776-8929,A05,A0502,A05020100,2682587,39,음식점
미쓰족발 명동,"서울특별시 중구 명동3길 21, 1층",126.9834539545,37.5647212126,02-3789-8799,A05,A0502,A05020100,2642961,39,음식점
미아논나,서울특별시 성동구 연무장5길 9-16 블루스톤타워,127.0526732224,37.5444914739,,A05,A0502,A05020200,2900009,39,음식점
미에뜨,서울특별시 강남구 양재천로 195,127.0467699477,37.4829235171,,A05,A0502,A05020200,2871674,39,음식점
미오 도쿄 다이닝,서울특별시 성동구 연무장5가길 7 성수역 현대테라스타워,127.0536870289,37.5441387552,,A05,A0502,A05020200,2899990,39,음식점
미우미우참숯구이,"서울특별시 송파구 양재대로71길 2-27 (방이동, 인택 파크랜드)",127.1269701761,37.5114327620,010-9427-2581,A05,A0502,A05020100,840629,39,음식점
미우야,서울특별시 서초구 강남대로23길 90,127.0353962329,37.4740882270,,A05,A0502,A05020300,2763742,39,음식점
미자식당,서울특별시 동작구 노들로 674,126.9368568295,37.5149233858,,A05,A0502,A05020100,2383448,39,음식점
미즐카페엠,서울특별시 강북구 4.19로 107,127.0038026375,37.6436124062,,A05,A0502,A05020900,2840190,39,음식점
미진,서울특별시 종로구 종로 19 (종로1가),126.9799374337,37.5708982096,,A05,A0502,A05020100,134752,39,음식점
미테이블 성수점,서울특별시 성동구 왕십리로8길 5 대영빌딩,127.0453071667,37.5465938744,,A05,A0502,A05020200,2899515,39,음식점
민속돌솥설렁탕,서울특별시 영등포구 가마산로 366-1,126.8995495059,37.5011104349,,A05,A0502,A05020100,2855151,39,음식점
밀란국수 개포본점,서울특별시 강남구 개포로28길 4,127.0491226348,37.4785740643,,A05,A0502,A05020100,2944608,39,음식점
밀콩제면소,서울특별시 강북구 4.19로2길 1-2 (수유동),127.0126739202,37.6481953661,,A05,A0502,A05020100,3444738,39,음식점
밀파니,서울특별시 송파구 위례서로 273,127.1424777318,37.4891772915,,A05,A0502,A05020900,2758057,39,음식점
밀화,서울특별시 서초구 신반포로 176,127.0032288434,37.5049701757,02-3479-1967,A05,A0502,A05020100,2623622,39,음식점
밍글스,서울특별시 강남구 도산대로67길 19,127.0441745362,37.5254268684,,A05,A0502,A05020100,2867713,39,음식점
바다나라1박2일포차,서울특별시 마포구 어울마당로 143-1,126.9258011054,37.5566155661,02-334-7739,A05,A0502,A05020300,2685497,39,음식점
바다식당,서울특별시 용산구 이태원로 245,127.0000698926,37.5369775125,0507-1376-1317,A05,A0502,A05020100,2678897,39,음식점
바다축제 서초점,서울특별시 서초구 사평대로 335 금성빌딩,127.0198301512,37.5035095321,,A05,A0502,A05020100,2855835,39,음식점
바다화원 본점,서울특별시 성동구 상원4길 6-1,127.0491262472,37.5471660992,,A05,A0502,A05020100,2899592,39,음식점
바다회사랑,서울특별시 마포구 동교로27길 60,126.9210764267,37.5604678115,,A05,A0502,A05020100,2847752,39,음식점
바다회장어구이,서울특별시 영등포구 당산로 34,126.8965076549,37.5175168078,02-2637-7757,A05,A0502,A05020100,2682631,39,음식점
바랗,서울특별시 강남구 도산대로 309 (신사동),127.0352032169,37.5224020587,,A05,A0502,A05020100,2869697,39,음식점
바른고기 정육점 서래마을본점,서울특별시 서초구 동광로 80,126.9913191564,37.4929269160,,A05,A0502,A05020100,2855865,39,음식점
바른쌀국수,서울특별시 구로구 디지털로33길 48 (구로동),126.8945197967,37.4873119484,,A05,A0502,A05020700,2918770,39,음식점
바바인디아 강남역점,서울특별시 서초구 강남대로 359,127.0285907113,37.4948051443,02-521-4588,A05,A0502,A05020700,232215,39,음식점
바빌리안테이블,서울특별시 강남구 압구정로46길 5-2 (신사동),127.0368834583,37.5280930945,,A05,A0502,A05020200,2869672,39,음식점
바위파스타바 성수,서울특별시 성동구 뚝섬로15길 27,127.0615781180,37.5391866947,,A05,A0502,A05020200,2899954,39,음식점
바이킹스워프 롯데월드몰점,서울특별시 송파구 올림픽로 300 롯데월드타워앤드롯데월드몰,127.1040305171,37.5142459111,,A05,A0502,A05020200,2839397,39,음식점
바캉스커피,서울특별시 중구 남대문로9길 12,126.9817734898,37.5669153723,,A05,A0502,A05020900,2794736,39,음식점
바토스,서울특별시 용산구 이태원로15길 1,126.9901736363,37.5346970445,02-797-8226,A05,A0502,A05020200,2685499,39,음식점
박가네 빈대떡,서울특별시 종로구 종로32길 7 (종로5가),127.0008577576,37.5705958426,02-2267-0614,A05,A0502,A05020100,1998216,39,음식점
박가뼈다귀감자탕 본점,서울특별시 중랑구 망우로 193,127.0740920902,37.5938639004,,A05,A0502,A05020100,2864285,39,음식점
박사네갈비,서울특별시 종로구 인사동길 14-5,126.9870561856,37.5724314926,02-730-7305,A05,A0502,A05020100,2653139,39,음식점
박석고개,서울특별시 종로구 창경궁로26길 34,126.9995714467,37.5817722978,02-762-9839,A05,A0502,A05020100,133288,39,음식점
박재성의 메밀숯불닭갈비,서울특별시 관악구  신원로 (40-16),126.9295028829,37.4815826831,,A05,A0502,A05020100,2807321,39,음식점
반려문화,서울특별시 강남구 언주로133길 23,127.0333174582,37.5160194328,,A05,A0502,A05020900,2733965,39,음식점
반룡산,서울특별시 강남구 테헤란로78길 26,127.0558212909,37.5045295045,,A05,A0502,A05020100,2752373,39,음식점
반상회 성수,서울특별시 성동구 아차산로1길 12,127.0459625925,37.5490713767,,A05,A0502,A05020100,2899747,39,음식점
반저,서울특별시 종로구 대학로8가길 56,127.0028961070,37.5830610976,02-742-9779,A05,A0502,A05020100,2685500,39,음식점
반짝반짝빛나는,서울특별시 종로구 인사동길 28-1,126.9861395763,37.5733452588,02-738-4525,A05,A0502,A05020900,2653140,39,음식점
반쿤콴(B.K.K),서울특별시 종로구 종로10길 20,126.9843259700,37.5692068185,02-725-1688,A05,A0502,A05020700,2642703,39,음식점
반하당,서울특별시 성북구 성북로5길 36 (성북동1가),127.0032181222,37.5893214862,,A05,A0502,A05020900,3044252,39,음식점
발렁스,서울특별시 성동구 성수일로4길 49,127.0539842682,37.5425806081,,A05,A0502,A05020900,2899928,39,음식점
발산삼계탕,서울특별시 강서구 강서로 344,126.8378313570,37.5563223620,,A05,A0502,A05020100,2849272,39,음식점
밥장인돼지찌개,서울특별시 마포구 양화로18안길 16,126.9254955724,37.5567794305,02-6052-1833,A05,A0502,A05020100,2642904,39,음식점
방목,서울특별시 성북구 동소문로2길 21,127.0076816429,37.5879772783,,A05,A0502,A05020100,2876684,39,음식점
방이샤브샤브칼국수 방이본점,서울특별시 송파구 오금로31길 42,127.1233677863,37.5093384955,,A05,A0502,A05020100,2839421,39,음식점
방화동 교동짬뽕,"서울특별시 강서구 금낭화로24나길 21 (방화동, 이루미팰리스)",126.8157688886,37.5773778541,,A05,A0502,A05020400,3520668,39,음식점
배꼽집,서울특별시 마포구 월드컵북로54길 17 사보이시티디엠씨,126.8885621347,37.5813786875,,A05,A0502,A05020100,2914789,39,음식점
배나무골오리집 양재본점,서울특별시 서초구 마방로2길 12,127.0391598057,37.4731578472,,A05,A0502,A05020100,2745580,39,음식점
배정철 어도,서울특별시 강남구 언주로148길 14,127.0361670686,37.5206189497,02-548-7766,A05,A0502,A05020300,838949,39,음식점
백년손님,서울특별시 용산구 장문로 105,127.0012839660,37.5265481904,,A05,A0502,A05020100,2856443,39,음식점
백년옥,서울특별시 서초구 남부순환로 2407 (서초동),127.0137952186,37.4812481191,,A05,A0502,A05020100,2733856,39,음식점
백년토종삼계탕,서울특별시 종로구 북촌로 41,126.9846922806,37.5806027224,02-747-5535,A05,A0502,A05020100,1968879,39,음식점
백년토종삼계탕,서울특별시 마포구 양화로 118,126.9202711313,37.5538574544,02-325-3399,A05,A0502,A05020100,2642905,39,음식점
백두한우곱창,서울특별시 강서구 공항대로 291,126.8400338621,37.5588776600,02-3662-3015,A05,A0502,A05020100,2685501,39,음식점
백리향,서울특별시 영등포구 63로 50 (여의도동),126.9398592010,37.5196284490,02-789-5741,A05,A0502,A05020400,684280,39,음식점
백마김씨네 도곡본점,서울특별시 강남구 남부순환로 2743,127.0457393648,37.4872118895,,A05,A0502,A05020100,2752385,39,음식점
백야드빌더성수,서울특별시 성동구 광나루로 152,127.0470735343,37.5514738947,,A05,A0502,A05020900,2843074,39,음식점
백원,서울특별시 영등포구 여의공원로 101 (여의도동),126.9248991792,37.5293492744,02-784-6161,A05,A0502,A05020400,685265,39,음식점
백제삼계탕,서울특별시 중구 명동8길 8-10 (명동2가),126.9841178194,37.5634241535,02-776-3267,A05,A0502,A05020100,133858,39,음식점
백제추어탕 본점,서울특별시 강동구 양재대로 1406,127.1381658092,37.5315084107,,A05,A0502,A05020100,2839571,39,음식점
밴건디스테이크하우스,서울특별시 서초구 사평대로22길 5,126.9977683866,37.4994068347,,A05,A0502,A05020200,2763749,39,음식점
밸런스포케,서울특별시 성동구 서울숲4길 28,127.0438545096,37.5470076895,,A05,A0502,A05020200,2899779,39,음식점
뱃고동,서울특별시 강남구 언주로172길 54,127.0380278349,37.5268182631,02-514-8008,A05,A0502,A05020100,836702,39,음식점
뱅뱅막국수,서울특별시 강남구 도곡로 112 서한빌딩,127.0328543559,37.4897058130,,A05,A0502,A05020100,2871687,39,음식점
버드나무집 본점,서울특별시 서초구 효령로 434,127.0311795260,37.4890947428,02-3473-4167,A05,A0502,A05020100,232261,39,음식점
버섯잔치집 본점,서울특별시 강동구 성내로 52 성원빌딩,127.1257114761,37.5283696617,,A05,A0502,A05020100,2839588,39,음식점
버터밀크,서울특별시 마포구 와우산로 130,126.9280065495,37.5534298648,,A05,A0502,A05020900,2814573,39,음식점
벌교한상,서울특별시 강남구 광평로46길 7,127.0994234067,37.4859130054,,A05,A0502,A05020100,2752116,39,음식점
벌스가든,서울특별시 마포구 성미산로23길 44 (연남동),126.9206096652,37.5653311268,,A05,A0502,A05020900,3373019,39,음식점
베나레스,서울특별시 구로구 디지털로32길 79,126.8997888650,37.4836096947,02-863-9982,A05,A0502,A05020700,2685562,39,음식점
베네베네 2010,서울특별시 강남구 선릉로148길 52,127.0437996434,37.5228632707,02-555-8968,A05,A0502,A05020200,2487831,39,음식점
베라 한남점,서울특별시 용산구 이태원로 272 SPC빌딩,127.0020891025,37.5387634524,,A05,A0502,A05020200,2860400,39,음식점
베이스이즈나이스,서울특별시 마포구 도화2길 20,126.9491244574,37.5396818406,,A05,A0502,A05020100,2931861,39,음식점
베이스캠프,서울특별시 마포구 잔다리로3안길 21,126.9197490420,37.5508411295,,A05,A0502,A05020700,2789499,39,음식점
베이징,서울특별시 강서구 화곡로 118 (화곡동),126.8349793004,37.5399214403,,A05,A0502,A05020400,2860998,39,음식점
베티버,서울특별시 성동구 성덕정11길 18,127.0532094413,37.5389754575,,A05,A0502,A05020900,2899876,39,음식점
벤스쿠키 이태원점,서울특별시 용산구 이태원로 203,126.9965758280,37.5347915928,02-556-3275,A05,A0502,A05020900,1831681,39,음식점
벤의 서재,서울특별시 강서구 공항대로 219 (마곡동),126.8320234586,37.5596885340,,A05,A0502,A05020900,3443228,39,음식점
벨라스가든,서울특별시 송파구 백제고분로41길 42-19,127.1063248693,37.5101436508,,A05,A0502,A05020200,2765200,39,음식점
벨벳문,서울특별시 종로구 자하문로5길 39,126.9696909505,37.5777666720,010-4028-9957,A05,A0502,A05020900,2685170,39,음식점
벽제갈비 방이점,서울특별시 송파구 양재대로71길 1-4 (방이동),127.1262258393,37.5100634630,02-415-5522,A05,A0502,A05020100,134796,39,음식점
벽제갈비(방이본점),서울특별시 송파구 양재대로71길 1-4,127.1262063951,37.5100829048,02-415-5522,A05,A0502,A05020100,2685564,39,음식점
별양집,서울특별시 강남구 테헤란로43길 17,127.0436973963,37.5044626278,,A05,A0502,A05020100,2751802,39,음식점
보광기사식당,서울특별시 용산구 장문로6길 97,126.9963760925,37.5261120420,,A05,A0502,A05020100,2859974,39,음식점
보니스피자펍,서울특별시 용산구 신흥로3길 2,126.9869487447,37.5412434482,,A05,A0502,A05020200,2816970,39,음식점
보따리부대찌개,서울특별시 영등포구 당산로 222,126.9025622113,37.5333984040,02-2068-1127,A05,A0502,A05020100,2682947,39,음식점
보보식당,서울특별시 강남구 언주로174길 30 (신사동),127.0363057386,37.5279014396,,A05,A0502,A05020400,2665070,39,음식점
보슬보슬 역삼본점,서울특별시 강남구 논현로85길 59 (역삼동),127.0332957575,37.4976604525,,A05,A0502,A05020100,2871711,39,음식점
보틀라운지,서울특별시 서대문구 홍연길 26,126.9285086657,37.5752384499,,A05,A0502,A05020900,2718417,39,음식점
복돈이 부추삼겹살,서울특별시 관악구 남현1길 68-14 남현빌딩,126.9811400276,37.4752204562,,A05,A0502,A05020100,2943881,39,음식점
복성각,서울특별시 서대문구 명물1길 24,126.9374138812,37.5585211080,,A05,A0502,A05020400,2914233,39,음식점
복이당,서울특별시 중구 퇴계로6길 3-28 (회현동1가),126.9793017287,37.5585912950,,A05,A0502,A05020900,3517821,39,음식점
본가설렁탕,서울특별시 송파구 석촌호수로 204,127.0999699991,37.5063689742,,A05,A0502,A05020100,2758118,39,음식점
본가진미간장게장,서울특별시 송파구 백제고분로 420,127.1113272416,37.5083800567,,A05,A0502,A05020100,2847012,39,음식점
본노엘 성수점,서울특별시 성동구 상원길 64,127.0480262726,37.5497991067,,A05,A0502,A05020900,2899886,39,음식점
본앤브레드 신관,서울특별시 성동구 마장로42길 1,127.0445177750,37.5668442852,,A05,A0502,A05020100,2843214,39,음식점
볼라레,서울특별시 서초구 사평대로20길 8 성훈빌딩,126.9969073621,37.4991318518,,A05,A0502,A05020200,2855877,39,음식점
볼트스테이크하우스,서울특별시 강남구 압구정로72길 22,127.0449883614,37.5250602591,,A05,A0502,A05020200,2867381,39,음식점
볼피노,서울특별시 강남구 도산대로45길 10-7,127.0364252958,37.5235380598,,A05,A0502,A05020200,2754723,39,음식점
봄솔레씨네,서울특별시 동대문구 서울시립대로29길 3,127.0541691885,37.5839146983,,A05,A0502,A05020200,2815401,39,음식점
봉래면옥,서울특별시 강동구 명일로 200-16,127.1466954442,37.5365746434,,A05,A0502,A05020100,2839606,39,음식점
봉래헌(메이필드호텔),서울특별시 강서구 방화대로 94,126.8194860451,37.5478813500,02-2660-9020,A05,A0502,A05020100,581460,39,음식점
봉밀가 강남구청점,서울특별시 강남구 선릉로 664 건설빌딩,127.0423110856,37.5159529350,,A05,A0502,A05020100,2871724,39,음식점
봉브라더스 본점,서울특별시 강남구 강남대로118길 39,127.0262905637,37.5074008628,,A05,A0502,A05020900,2751810,39,음식점
봉산옥,서울특별시 서초구 반포대로8길 5-6,127.0124841644,37.4834450638,02-525-2282,A05,A0502,A05020100,2685572,39,음식점
봉선마라탕,서울특별시 영등포구 도림로38길 11,126.8978249124,37.4922253257,02-2637-4005,A05,A0502,A05020100,2682644,39,음식점
봉우리 역삼본점,서울특별시 강남구 논현로94길 25-3 (역삼동),127.0381618277,37.5030932429,,A05,A0502,A05020100,2733860,39,음식점
봉이밥,서울특별시 강서구 마곡중앙로 171 마곡나루역프라이빗타워Ⅱ,126.8277930252,37.5690790332,,A05,A0502,A05020100,2849289,39,음식점
봉파레트,서울특별시 성북구 창경궁로43길 14,127.0044124790,37.5885854822,02-766-0827,A05,A0502,A05020200,2495465,39,음식점
봉피양 방이점,서울특별시 송파구 양재대로71길 1-4,127.1262063951,37.5100829048,,A05,A0502,A05020100,2774280,39,음식점
봉희설렁탕 본점,서울특별시 은평구 증산로 413 동현빌딩,126.9138622709,37.5931861011,,A05,A0502,A05020100,2837964,39,음식점
뵈르니,서울특별시 성동구 성덕정9가길 2,127.0502263619,37.5395892214,,A05,A0502,A05020900,2899906,39,음식점
부다스벨리 이태원,서울특별시 용산구 녹사평대로40길 48,126.9884099171,37.5343748281,02-796-9330,A05,A0502,A05020700,402929,39,음식점
부민옥,서울특별시 중구 다동길 24-12,126.9801930592,37.5675847106,,A05,A0502,A05020100,2788819,39,음식점
부부식당,서울특별시 종로구 동숭길 43,127.0043293884,37.5802864453,02-765-6056,A05,A0502,A05020100,2685331,39,음식점
부부요리단,서울특별시 성동구 독서당로40길 25-1 (옥수동),127.0175514669,37.5428632538,,A05,A0502,A05020100,3085313,39,음식점
부부횟집,서울특별시 송파구 오금로18길 4 I.D.C빌딩,127.1107216798,37.5105353512,,A05,A0502,A05020100,2839975,39,음식점
부부횟집,서울특별시 동대문구 장한로 198,127.0724760186,37.5781295887,,A05,A0502,A05020100,2842725,39,음식점
부빔,"서울특별시 양천구 오목로50길 23 (신정동, 문창오피스텔)",126.8643742903,37.5240071470,,A05,A0502,A05020100,3388482,39,음식점
부빙,서울특별시 종로구 창의문로 136,126.9653603655,37.5927398536,02-394-8288,A05,A0502,A05020900,1922730,39,음식점
부산복집,서울특별시 중구 수표로2길 25,126.9919143631,37.5623022014,02-2266-6334,A05,A0502,A05020300,2563373,39,음식점
부산아구찜굴보쌈,서울특별시 종로구 돈화문로 35,126.9916807863,37.5716455557,02-764-2373,A05,A0502,A05020100,2653143,39,음식점
부암동 계열사,서울특별시 종로구 백석동길 7 (부암동),126.9656242249,37.5929287254,,A05,A0502,A05020100,3085030,39,음식점
부암동 몽유도원 도이창,서울특별시 종로구 창의문로11길 10,126.9627272302,37.5942118572,,A05,A0502,A05020900,2902191,39,음식점
부엉이돈가스 남산서울타워,"서울특별시 용산구 남산공원길 105, 남산서울타워 2층 202B호",126.9878983791,37.5511089858,02-318-0518,A05,A0502,A05020300,2653678,39,음식점
부여집,서울특별시 영등포구 선유동1로 24,126.8921606365,37.5243353827,,A05,A0502,A05020100,2855162,39,음식점
부영각,서울특별시 마포구 토정로 268,126.9395224729,37.5425702216,,A05,A0502,A05020400,2914806,39,음식점
부일갈매기,서울특별시 송파구 삼전로13길 4,127.0899097756,37.5073436802,,A05,A0502,A05020100,2849505,39,음식점
부일갈비,서울특별시 서초구 서초중앙로2길 42,127.0196807188,37.4839006953,02-3482-3112,A05,A0502,A05020100,134771,39,음식점
부첼리하우스,서울특별시 용산구 독서당로 122-1 포트힐(Fort Hill) 빌딩,127.0128715069,37.5368999735,,A05,A0502,A05020200,2852021,39,음식점
부촌육회,서울특별시 종로구 종로 200-12,126.9999384014,37.5704347337,02-2267-1831,A05,A0502,A05020100,2679020,39,음식점
부타이 1막,서울특별시 강남구 테헤란로88길 22 (대치동),127.0600541909,37.5062238284,,A05,A0502,A05020300,2870297,39,음식점
북촌김치재,서울특별시 종로구 북촌로2길 8,126.9862005536,37.5778836214,,A05,A0502,A05020100,2907171,39,음식점
북촌리둘레골,서울특별시 종로구 인사동14길 44,126.9846896586,37.5751116943,02-747-9700,A05,A0502,A05020100,2643012,39,음식점
북한산 큰숲 제빵소,서울특별시 은평구 북한산로 271-3,126.9389998971,37.6548654881,,A05,A0502,A05020900,2783365,39,음식점
불맛감자국,서울특별시 은평구 응암로 172-1,126.9168316147,37.5871812967,02-307-5005,A05,A0502,A05020100,712590,39,음식점
불밥,서울특별시 서대문구 이화여대8길 11,126.9464186055,37.5589101133,02-362-9833,A05,A0502,A05020100,2685582,39,음식점
불타는곱창,서울특별시 종로구 종로35길 8,127.0040768799,37.5716041165,02-3672-4885,A05,A0502,A05020100,2653148,39,음식점
붓처스컷 광화문점,서울특별시 중구 세종대로 136 파이낸스빌딩,126.9782987614,37.5685067916,,A05,A0502,A05020200,2853988,39,음식점
브라운씨카페,서울특별시 강서구 강서로47가길 33 덕산빌딩,126.8357761341,37.5511645918,,A05,A0502,A05020900,2817068,39,음식점
브라운에비뉴,서울특별시 종로구 혜화로3길 5,127.0001768379,37.5856246395,02-762-8334,A05,A0502,A05020900,2663118,39,음식점
브라운치킨,서울특별시 중구 을지로43길 15,127.0068739771,37.5670380306,02-2275-9972,A05,A0502,A05020100,2653722,39,음식점
브라이언스커피,서울특별시 강남구 논현로26길 46 (도곡동),127.0458005641,37.4839094962,,A05,A0502,A05020900,3017801,39,음식점
브래디스커피,서울특별시 마포구 성미산로23안길 23,126.9209984936,37.5662310296,,A05,A0502,A05020900,2815891,39,음식점
브랜뉴하이몬드,서울특별시 강동구 천호옛14길 11,127.1261723144,37.5364853944,,A05,A0502,A05020900,2834678,39,음식점
브레라,서울특별시 중구 동호로17길 295,127.0069606070,37.5484290833,,A05,A0502,A05020200,2854009,39,음식점
브루스리,서울특별시 서초구 양재천로 147-1,127.0428787231,37.4798265841,,A05,A0502,A05020400,2855896,39,음식점
브루클린더버거조인트,서울특별시 서초구 동광로43길 51-13,127.0007265101,37.4972987992,02-533-7180,A05,A0502,A05020200,2685583,39,음식점
브릭버거,"서울특별시 송파구 올림픽로 240, 지하1층",127.0981783602,37.5111322780,070-1688-2810,A05,A0502,A05020200,2654454,39,음식점
비건카페 달냥,서울특별시 종로구 명륜1가 31-20,126.9991268213,37.5895769386,,A05,A0502,A05020900,2827829,39,음식점
비노인빌라,서울특별시 서초구 남부순환로319길 14,127.0116704231,37.4808397958,02-599-7020,A05,A0502,A05020200,836020,39,음식점
비마이피스,서울특별시 구로구 구일로10길 27 (구로동),126.8732576120,37.4955911628,,A05,A0502,A05020900,3457554,39,음식점
비비브라운,서울특별시 강남구 도산대로 412,127.0407471394,37.5230270857,,A05,A0502,A05020900,2778830,39,음식점
비사벌 전주 콩나물 국밥,서울특별시 성동구 왕십리로6길 1-2,127.0450405319,37.5463355662,,A05,A0502,A05020100,2899926,39,음식점
비스타 워커힐 서울 피자힐,서울특별시 광진구 워커힐로 177 워커힐호텔,127.1069125182,37.5518832586,,A05,A0502,A05020200,2832942,39,음식점
비스테까,서울특별시 용산구 회나무로 49,126.9921483029,37.5401297819,02-792-7746,A05,A0502,A05020200,834658,39,음식점
비스트로누,서울특별시 서초구 사평대로26길 26-6 (반포동),126.9987683029,37.4991485492,,A05,A0502,A05020200,2855918,39,음식점
비스티버거,"서울특별시 용산구  독서당로 (46, 한남아이파크)",127.0071610404,37.5324892722,,A05,A0502,A05020200,2804909,39,음식점
비아트 성수,서울특별시 성동구 아차산로5길 24-45,127.0542896650,37.5471967443,,A05,A0502,A05020900,2899830,39,음식점
비야본점,서울특별시 성북구 개운사길 42-4,127.0294602055,37.5882609703,02-923-6070,A05,A0502,A05020100,2706858,39,음식점
비어오크,서울특별시 종로구 대학로 151,127.0011212216,37.5847275386,02-745-0087,A05,A0502,A05020100,2685586,39,음식점
비언유주얼,서울특별시 강남구 선릉로108길 5,127.0446388305,37.5096425987,,A05,A0502,A05020900,2804501,39,음식점
비엘티스테이크 JW메리어트동대문스퀘어서울,"서울특별시 종로구 청계천로 279, JW메리어트동대문스퀘어서울 2층",127.0087987073,37.5703710113,02-2276-3330,A05,A0502,A05020200,2654149,39,음식점
비올레타,서울특별시 성동구 금호로 60,127.0260283083,37.5486655101,,A05,A0502,A05020900,2870210,39,음식점
비진도해물뚝배기,서울특별시 서대문구 서소문로 53,126.9671777446,37.5617268245,02-312-2867,A05,A0502,A05020100,2670604,39,음식점
비타포,서울특별시 성북구 동소문로 7-3 (동소문동1가),127.0067650247,37.5891993421,0507-1442-8924,A05,A0502,A05020700,2495467,39,음식점
비하인드(B-hind),서울특별시 마포구 어울마당로5길 18,126.9196546499,37.5492913074,02-3141-7212,A05,A0502,A05020900,134702,39,음식점
빈브라더스 합정,서울특별시 마포구 토정로 35-1,126.9149968402,37.5457721891,,A05,A0502,A05020900,2875964,39,음식점
빌즈 강남,서울특별시 강남구 테헤란로 142,127.0349788776,37.4997880134,,A05,A0502,A05020900,2733862,39,음식점
빙봉,서울특별시 성동구 서울숲2길 18-14,127.0404409328,37.5469576339,,A05,A0502,A05020900,2899978,39,음식점
빠네파스타 종로,서울특별시 종로구 자하문로7길 11,126.9709880369,37.5783888446,02-777-6556,A05,A0502,A05020200,2653150,39,음식점
빠리가옥,서울특별시 종로구 수표로28길 33-4,126.9902586451,37.5733703299,,A05,A0502,A05020200,2924527,39,음식점
빠우,서울특별시 중구 을지로 157,126.9955083433,37.5671183729,,A05,A0502,A05020900,2789346,39,음식점
뺑드에코,서울특별시 성동구 연무장길 44,127.0540870314,37.5427722545,,A05,A0502,A05020900,2899802,39,음식점
뻐꾸기,서울특별시 강남구 도산대로17길 4,127.0251736690,37.5190494902,02-512-6798,A05,A0502,A05020100,2685263,39,음식점
뼈탄집,서울특별시 종로구 자하문로1길 13,126.9716796948,37.5764696362,,A05,A0502,A05020100,2818750,39,음식점
뽐모도로,서울특별시 종로구 새문안로9길 19-1,126.9756378181,37.5711258838,02-722-4675,A05,A0502,A05020200,836044,39,음식점
뽕나무쟁이 선릉본점,서울특별시 강남구 역삼로65길 31 (대치동),127.0520161176,37.5032518068,,A05,A0502,A05020100,2870343,39,음식점
뽕사부,서울특별시 송파구 백제고분로 498,127.1152961467,37.5146682874,,A05,A0502,A05020400,2848950,39,음식점
뿌자,서울특별시 종로구 종로 327,127.0139676127,37.5727402733,02-744-2199,A05,A0502,A05020700,232205,39,음식점
뿡어당,서울특별시 성북구 보문로34길 94,127.0205525978,37.5912799036,507-1381-2796,A05,A0502,A05020900,2935186,39,음식점
사담,서울특별시 관악구 남부순환로 1852,126.9555949971,37.4799527826,,A05,A0502,A05020900,2818756,39,음식점
사랑채,서울특별시 종로구 인사동16길 6,126.9842369248,37.5750144752,02-737-1155,A05,A0502,A05020100,1887241,39,음식점
사모님짬뽕,서울특별시 강서구 금낭화로18길 10,126.8122776038,37.5751308310,,A05,A0502,A05020400,2849301,39,음식점
사운드키친,서울특별시 마포구 백범로24길 11,126.9451135334,37.5460032563,,A05,A0502,A05020200,2858244,39,음식점
사이코우스시 쌍문점,서울특별시 도봉구 방학로7길 99,127.0364131356,37.6582251828,,A05,A0502,A05020300,2834844,39,음식점
사조참치,서울특별시 서대문구 통일로 107-39,126.9660944402,37.5641931854,02-364-9838,A05,A0502,A05020300,134686,39,음식점
사찰음식 전문점 발우공양,서울특별시 종로구 우정국로 56,126.9831814961,37.5739312489,02-733-2081,A05,A0502,A05020100,1316965,39,음식점
사케야,서울특별시 영등포구 당산로 222,126.9025622113,37.5333984040,02-2069-1228,A05,A0502,A05020300,2682884,39,음식점
산도토리임자탕,서울특별시 도봉구 덕릉로60길 13,127.0401188840,37.6396246351,02-903-9928,A05,A0502,A05020700,2009928,39,음식점
산들애건강밥상,서울특별시 은평구 대서문길 43-16,126.9492544791,37.6561877405,,A05,A0502,A05020100,2836111,39,음식점
산들해 송파점,서울특별시 송파구 위례성대로 6 현대토픽스,127.1131657222,37.5168929903,,A05,A0502,A05020100,2839980,39,음식점
산띠,서울특별시 마포구 와우산로27길 70,126.9249762108,37.5555323440,02-6052-3989,A05,A0502,A05020700,250564,39,음식점
산모퉁이,서울특별시 종로구 백석동길 153,126.9679822710,37.5954756933,,A05,A0502,A05020900,2836148,39,음식점
산삼청각,서울특별시 송파구 송이로 151 (가락동),127.1249319803,37.4935570222,02-431-3007,A05,A0502,A05020100,1840479,39,음식점
산삼청각,서울특별시 송파구 송이로 151,127.1249180932,37.4935459124,,A05,A0502,A05020100,2758147,39,음식점
산수갑산,서울특별시 중구 을지로20길 24,126.9953306286,37.5654685618,,A05,A0502,A05020100,2914110,39,음식점
산수고원,서울특별시 강동구 동남로 588,127.1480955905,37.5269730060,,A05,A0502,A05020100,2839618,39,음식점
산채향,서울특별시 중구 청계천로 8,126.9782154269,37.5688234198,02-778-2959,A05,A0502,A05020100,1818827,39,음식점
산촌,서울특별시 종로구 인사동길 30-13,126.9863034359,37.5738535360,02-735-0312,A05,A0502,A05020700,402970,39,음식점
살구나무집 칼국수,서울특별시 양천구 중앙로32길 35,126.8575722574,37.5195519881,,A05,A0502,A05020100,2852902,39,음식점
살라댕템플,서울특별시 성동구 성수동2가,127.0595143952,37.5399532350,,A05,A0502,A05020200,2998217,39,음식점
살롱순라,서울특별시 종로구 율곡로10길 75,126.9917057106,37.5742396990,02-6409-0027,A05,A0502,A05020200,2670614,39,음식점
삼겹살전문점대통령,"서울특별시 중구 장충단로 249-24, 1층",127.0076877789,37.5674991027,02-2277-2276,A05,A0502,A05020100,2642972,39,음식점
삼다코지,서울특별시 마포구 독막로9길 34,126.9205462215,37.5497690459,,A05,A0502,A05020900,2951460,39,음식점
삼대나주곰탕 명동,서울특별시 중구 명동9길 29,126.9841983194,37.5651267341,02-318-0879,A05,A0502,A05020100,2642590,39,음식점
삼대할먼네,서울특별시 중구 퇴계로76길 50 (신당동),127.0147900298,37.5632441693,02-2233-1559,A05,A0502,A05020100,697234,39,음식점
삼성 빨간양념 숯불구이,서울특별시 중구 남대문로1길 39,126.9772490174,37.5628546523,02-752-6449,A05,A0502,A05020100,398342,39,음식점
삼수갑산,서울특별시 관악구 남현1길 38-9,126.9796957046,37.4755676123,02-521-0056,A05,A0502,A05020100,1646603,39,음식점
삼양삼계탕,서울특별시 종로구 수표로20길 9,126.9901254184,37.5700429363,02-2275-9968,A05,A0502,A05020100,2653152,39,음식점
삼원가든,서울특별시 강남구 언주로 835,127.0324617282,37.5249322713,02-548-3030,A05,A0502,A05020100,132892,39,음식점
삼원일식,서울특별시 중구 무교로 32,126.9795930789,37.5688234445,02-777-3680,A05,A0502,A05020300,2653158,39,음식점
삼정복집,서울특별시 강남구 봉은사로 626,127.0639591517,37.5146840272,02-3447-3030,A05,A0502,A05020100,134765,39,음식점
삼정집,서울특별시 강서구 강서로56길 92,126.8439279478,37.5590082696,02-3662-8040,A05,A0502,A05020100,2653693,39,음식점
삼천리골 돼지집,서울특별시 은평구 진관동,126.9426137825,37.6433530035,02-381-3800,A05,A0502,A05020100,2996373,39,음식점
삼청각,서울특별시 성북구 대사관로 3,126.9835391309,37.5974229690,02-765-3700,A05,A0502,A05020100,2685594,39,음식점
삼청동수제비,서울특별시 종로구 삼청로 101-1,126.9819035323,37.5846049848,,A05,A0502,A05020100,402994,39,음식점
삼촌네 2호,서울특별시 관악구 신림로59길 12,126.9292556305,37.4834269088,02-876-7704,A05,A0502,A05020100,2689334,39,음식점
삼학도,서울특별시 서초구 효령로57길 4,127.0170475825,37.4854115834,02-584-4700,A05,A0502,A05020100,133267,39,음식점
삼해집,서울특별시 종로구 수표로20길 16-15,126.9909920073,37.5699901802,,A05,A0502,A05020100,834631,39,음식점
삼형제쭈꾸미 대학로,서울특별시 종로구 동숭길 68,127.0043376905,37.5813668753,02-763-1204,A05,A0502,A05020100,2679081,39,음식점
삼호 짱뚱이,서울특별시 강남구 도산대로34길 11 (논현동),127.0310397845,37.5196800777,,A05,A0502,A05020100,2870393,39,음식점
삼호복집 신촌,서울특별시 서대문구 연세로5다길 10,126.9349863818,37.5565129647,02-337-9019,A05,A0502,A05020100,133225,39,음식점
상락원,서울특별시 서초구 원터길 23,127.0561757710,37.4431949630,02-555-5220,A05,A0502,A05020100,581154,39,음식점
상상돈가츠 코엑스,서울특별시 강남구 테헤란로87길 36,127.0584542179,37.5104288668,02-551-5855,A05,A0502,A05020300,2689428,39,음식점
상암일미락,서울특별시 마포구 성암로13길 40,126.8972087090,37.5763877560,,A05,A0502,A05020100,2914816,39,음식점
새들러하우스(SADDLER HAUS),서울특별시 강남구 도산대로17길 10 (신사동),127.0249375689,37.5194355520,,A05,A0502,A05020900,3075321,39,음식점
새마을식당 동대문,"서울특별시 중구 장충단로13길 13, 지하1층",127.0078821939,37.5678823953,02-2274-0410,A05,A0502,A05020100,2653730,39,음식점
새벽집 청담,서울특별시 강남구 도산대로101길 6,127.0529348432,37.5256658872,02-546-5739,A05,A0502,A05020100,2678968,39,음식점
새벽집양곱창,서울특별시 구로구 경인로61길 21,126.8840785072,37.5077343899,02-2296-0325,A05,A0502,A05020100,2653711,39,음식점
새봄떡국국수,서울특별시 중구 새문안로 24,126.9686024528,37.5674511850,,A05,A0502,A05020100,2944562,39,음식점
새우숲,서울특별시 영등포구 당산로35길 5-1,126.8969822901,37.5289293791,02-2679-3535,A05,A0502,A05020100,2682885,39,음식점
색동저고리,서울특별시 마포구 도화길 27,126.9489799909,37.5409316926,,A05,A0502,A05020100,2914917,39,음식점
샐러드포원 건대점,서울특별시 광진구 능동로 135,127.0718381846,37.5430614290,,A05,A0502,A05020200,2841086,39,음식점
샛집남원추어탕,서울특별시 송파구 오금로11길 7-12 (방이동),127.1077607138,37.5149153450,02-421-8163,A05,A0502,A05020100,403381,39,음식점
생강김밥 본점,서울특별시 강남구 남부순환로 2738 상일빌딩,127.0454338713,37.4860175782,,A05,A0502,A05020100,2871081,39,음식점
생생아구,서울특별시 송파구 백제고분로7길 8-37,127.0802939404,37.5088683301,,A05,A0502,A05020100,2845881,39,음식점
샤브옥,서울특별시 성북구 동소문로20다길 2 (동선동1가),127.0168918121,37.5915742478,,A05,A0502,A05020100,3458178,39,음식점
샤브왕,서울특별시 영등포구 신길로 167,126.9107622048,37.5070988288,02-836-9042,A05,A0502,A05020100,2682759,39,음식점
샤블리,서울특별시 강남구 강남대로152길 35,127.0222128537,37.5181412090,,A05,A0502,A05020700,2867731,39,음식점
샤오바오우육면 종로본점,서울특별시 종로구 삼일대로17길 15 (관철동),126.9866396503,37.5691374236,,A05,A0502,A05020100,3094138,39,음식점
서강팔경,서울특별시 마포구 토정로 128,126.9253709158,37.5450085740,,A05,A0502,A05020200,2733861,39,음식점
서관면옥,서울특별시 서초구 서초대로56길 11,127.0172973157,37.4940466965,,A05,A0502,A05020100,2745572,39,음식점
서궁,서울특별시 영등포구 국제금융로 86 롯데캐슬 아이비,126.9318099165,37.5202560099,,A05,A0502,A05020400,2855178,39,음식점
서글렁탕,서울특별시 영등포구 여의대방로 394,126.9327542995,37.5193839057,02-780-8858,A05,A0502,A05020100,836567,39,음식점
서당골 수유본점,서울특별시 강북구 한천로 1153 (수유동),127.0169568987,37.6469289235,02-900-7797,A05,A0502,A05020100,403004,39,음식점
서래본갈비,서울특별시 서초구 사평대로 126,126.9983683200,37.4998317969,,A05,A0502,A05020100,2745569,39,음식점
서래향,서울특별시 서초구 사평대로26길 48 미성빌딩,126.9988822101,37.4981292257,,A05,A0502,A05020400,2855972,39,음식점
서룡,서울특별시 마포구 월드컵북로 361 DMC이안오피스텔,126.8914258814,37.5771597852,,A05,A0502,A05020400,2914942,39,음식점
서린낙지,서울특별시 종로구 종로 19 르메이에르종로타운1,126.9799374337,37.5708982096,,A05,A0502,A05020100,2902898,39,음식점
서부감자국,서울특별시 은평구 서오릉로 8,126.9269524857,37.6023102741,,A05,A0502,A05020100,2845667,39,음식점
서북면옥,서울특별시 광진구 자양로 199-1,127.0853174462,37.5454086210,02-457-8319,A05,A0502,A05020100,2039624,39,음식점
서산간장게장,서울특별시 동대문구 장한로24길 7,127.0715179771,37.5709470728,,A05,A0502,A05020100,2842749,39,음식점
서석대,서울특별시 서초구 서초대로 346,127.0194526437,37.4951604943,02-537-0077,A05,A0502,A05020100,133785,39,음식점
서울 본크레페,서울특별시 성북구 동소문로20다길 30 (동선동1가),127.0183055578,37.5920825475,,A05,A0502,A05020900,3461606,39,음식점
서울 원조할머니 떡볶이,서울특별시 종로구 자하문로15길 18,126.9699797262,37.5808246546,,A05,A0502,A05020100,2729458,39,음식점
서울다이닝,서울특별시 중구 동호로 272 디자인하우스,127.0036411567,37.5593194253,,A05,A0502,A05020200,2854027,39,음식점
서울로PH,서울특별시 중구 만리재로 211 (만리동1가),126.9681750278,37.5563607992,,A05,A0502,A05020900,3458089,39,음식점
서울리즘,서울특별시 송파구 백제고분로 435,127.1115744007,37.5098410027,,A05,A0502,A05020900,2784022,39,음식점
서울서둘째로잘하는집,서울특별시 종로구 삼청로 122-1,126.9818479335,37.5863103414,02-734-5302,A05,A0502,A05020900,398350,39,음식점
서울앵무새,서울특별시 성동구 서울숲9길 3,127.0435628310,37.5483741917,,A05,A0502,A05020900,2835334,39,음식점
서울왕돈까스,서울특별시 성북구 창경궁로35다길 140,126.9993517170,37.5925349323,,A05,A0502,A05020200,2839181,39,음식점
서울우담냉채족발,서울특별시 동대문구 경희대로1가길 39,127.0522246570,37.5932052499,070-7664-9996,A05,A0502,A05020100,2685603,39,음식점
서울원조아구찜,서울특별시 종로구 삼일대로 436-1,126.9880505048,37.5736535905,,A05,A0502,A05020100,2778436,39,음식점
서울홍성원,서울특별시 강서구 공항대로 206 (마곡동),126.8302875269,37.5589469226,,A05,A0502,A05020400,2861171,39,음식점
서원,"서울특별시 중구 퇴계로 141, 지하1층",126.9875508993,37.5613244588,02-776-0214,A05,A0502,A05020100,2653685,39,음식점
서일순대국,서울특별시 동작구 여의대방로22길 20 (신대방동),126.9209532131,37.4975140136,,A05,A0502,A05020100,2764169,39,음식점
서촌돌솥,서울특별시 종로구 자하문로 33-1,126.9712046692,37.5788915682,02-737-7080,A05,A0502,A05020100,2438221,39,음식점
서촌막회센타,서울특별시 종로구 자하문로1길 49,126.9697020855,37.5768778864,010-9018-6349,A05,A0502,A05020100,2678876,39,음식점
서촌쭈꾸미,서울특별시 종로구 자하문로1길 20,126.9712852830,37.5765862822,,A05,A0502,A05020100,2820890,39,음식점
서촌친구네,서울특별시 종로구 자하문로1길 32,126.9706547847,37.5765890484,02-720-4763,A05,A0502,A05020100,2653159,39,음식점
서화,서울특별시 중구 서소문로 109 (서소문동),126.9732354885,37.5630517793,,A05,A0502,A05020100,3094657,39,음식점
석파랑,서울특별시 종로구 자하문로 309,126.9587635581,37.5993084164,,A05,A0502,A05020100,133769,39,음식점
선비옥,서울특별시 종로구 종로17길 32,126.9887366041,37.5718565894,02-764-2214,A05,A0502,A05020100,2653160,39,음식점
설가온,서울특별시 종로구 세종대로 175 (세종로),126.9763210635,37.5720618985,02-733-3276,A05,A0502,A05020100,1321191,39,음식점
설눈,서울특별시 서초구 서초대로46길 20-7 영토빌딩,127.0097841885,37.4912829935,,A05,A0502,A05020100,2855984,39,음식점
설레는마중,서울특별시 종로구 인사동길 49,126.9835620013,37.5744839692,02-6954-2915,A05,A0502,A05020900,2670582,39,음식점
설마중,서울특별시 서초구 남부순환로 2648,127.0382566953,37.4878311276,,A05,A0502,A05020100,2603070,39,음식점
설화랑 본점,서울특별시 강서구 강서로 381-7 예원빌딩,126.8379451431,37.5596080931,,A05,A0502,A05020100,2849318,39,음식점
섬소년,"서울특별시 마포구 월드컵북로6길 12, 지상1층 101호",126.9195821905,37.5579236361,02-333-9286,A05,A0502,A05020100,2674657,39,음식점
성경만두요리전문점 종로,서울특별시 종로구 수표로 88,126.9897449270,37.5689736095,02-2273-9233,A05,A0502,A05020100,2643078,39,음식점
성균관감자탕,서울특별시 종로구 창경궁로29길 37,126.9972104805,37.5842525228,02-762-2170,A05,A0502,A05020100,2653165,39,음식점
성대국수,서울특별시 종로구 성균관로 18,126.9976687667,37.5844552851,02-762-3996,A05,A0502,A05020100,2653166,39,음식점
성미골,서울특별시 마포구 월드컵로 137,126.9061361302,37.5601925763,,A05,A0502,A05020100,2907094,39,음식점
성민양꼬치 서울대입구,서울특별시 관악구 관악로16길 38,126.9547672996,37.4797833439,02-888-8665,A05,A0502,A05020400,2685605,39,음식점
성민촌,서울특별시 영등포구 여의나루로 71 (여의도동),126.9268935965,37.5238305066,02-780-6262,A05,A0502,A05020100,713839,39,음식점
성북동 구포국수,서울특별시 성북구 성북로12길 2,127.0026875180,37.5927405238,02-744-0215,A05,A0502,A05020100,2000790,39,음식점
성북동누룽지백숙,서울특별시 성북구 성북로31길 9 (성북동),126.9904802440,37.5946345287,02-754-0707,A05,A0502,A05020100,2495915,39,음식점
성북동돼지갈비,서울특별시 성북구 성북로 115 (성북동),126.9960853254,37.5933403354,02-764-2420,A05,A0502,A05020100,1288970,39,음식점
성북동면옥집,서울특별시 성북구 대사관로 40,126.9886470404,37.5959482318,,A05,A0502,A05020100,2873293,39,음식점
성북동빵공장,서울특별시 성북구 대사관로 40,126.9886470404,37.5959482318,,A05,A0502,A05020900,2834536,39,음식점
성북동집,서울특별시 성북구 성북로24길 4,126.9957131033,37.5945318571,02-747-6234,A05,A0502,A05020100,2495918,39,음식점
성북로,서울특별시 성북구 성북로28길 10 (성북동),126.9938688101,37.5951317542,,A05,A0502,A05020900,3044120,39,음식점
성수 포레스트,서울특별시 성동구 서울숲2길 20-12,127.0407464642,37.5468520958,,A05,A0502,A05020900,2991392,39,음식점
성수 피치스도원,서울특별시 성동구 연무장3길 9 (성수동2가),127.0515594337,37.5445331156,,A05,A0502,A05020900,2809803,39,음식점
성수노루,서울특별시 성동구 아차산로 110 (성수동2가),127.0561729109,37.5442415655,,A05,A0502,A05020100,2899749,39,음식점
성수다락,서울특별시 성동구 뚝섬로9길 20,127.0562480244,37.5399865056,,A05,A0502,A05020200,2837773,39,음식점
성수동 대림창고 갤러리,서울특별시 성동구 성수이로 78,127.0566646048,37.5416918710,,A05,A0502,A05020900,2707938,39,음식점
성수망치버거,서울특별시 성동구 성덕정3길 8,127.0476515952,37.5396169495,,A05,A0502,A05020200,2894352,39,음식점
성수베이킹스튜디오,서울특별시 성동구 서울숲2길 46,127.0437628723,37.5462494428,,A05,A0502,A05020900,2894319,39,음식점
성수부두,서울특별시 성동구 연무장길 41-26,127.0542869932,37.5434693994,,A05,A0502,A05020100,2899723,39,음식점
성수온실,서울특별시 성동구 왕십리로4길 26-14,127.0468736817,37.5469077553,,A05,A0502,A05020100,2894252,39,음식점
성수일미락,서울특별시 성동구 상원6나길 22-20 동남문화인쇄,127.0496428525,37.5476716052,,A05,A0502,A05020100,2845075,39,음식점
성수족발,서울특별시 성동구 아차산로7길 7 (성수동2가),127.0542869202,37.5460413229,02-464-0425,A05,A0502,A05020100,2373394,39,음식점
성수지앵협동조합,서울특별시 성동구 왕십리로 101,127.0443266964,37.5467493946,,A05,A0502,A05020900,2900081,39,음식점
성일정육점식당,서울특별시 성동구 아차산로3길 9,127.0469791871,37.5483464790,,A05,A0502,A05020100,2900106,39,음식점
성하,서울특별시 영등포구 국제금융로6길 30,126.9266297904,37.5217779627,,A05,A0502,A05020100,2663476,39,음식점
세디치,서울특별시 성동구 성수이로22길 37 성수동 아크벨리,127.0613307815,37.5439750229,,A05,A0502,A05020200,2899661,39,음식점
세상의모든아침,서울특별시 영등포구 여의대로 24,126.9199581632,37.5222305684,,A05,A0502,A05020200,2745542,39,음식점
세스크 멘슬,서울특별시 성동구 성수이로14길 7,127.0564257544,37.5411141555,,A05,A0502,A05020200,2899649,39,음식점
센터커피 서울숲점,서울특별시 성동구 서울숲2길 28-11,127.0416352780,37.5466132504,,A05,A0502,A05020900,2900154,39,음식점
셀프하우스,서울특별시 강동구 올림픽로 572,127.1218033799,37.5325413292,02-476-7063,A05,A0502,A05020100,1887499,39,음식점
셰프테이너,서울특별시 용산구 이태원로27길 101,126.9949314501,37.5377523303,,A05,A0502,A05020200,2855507,39,음식점
소금집델리 망원,서울특별시 마포구 월드컵로19길 14,126.9082499196,37.5568763330,,A05,A0502,A05020200,2907099,39,음식점
소금집델리 안국,서울특별시 종로구 북촌로4길 19,126.9862588355,37.5795001006,,A05,A0502,A05020200,2764344,39,음식점
소나무집,서울특별시 서초구 식유촌길 71,127.0115877289,37.4584646134,,A05,A0502,A05020100,2757827,39,음식점
소랑호젠,서울특별시 성동구 왕십리로 58 FORHU,127.0452211721,37.5427498754,,A05,A0502,A05020200,2900179,39,음식점
소르비,서울특별시 강남구 압구정로2길 11,127.0197407764,37.5209797238,,A05,A0502,A05020900,2911425,39,음식점
소문난성수감자탕 별관,서울특별시 성동구 연무장7길 4 해피드림,127.0546230858,37.5430527872,,A05,A0502,A05020100,2837198,39,음식점
소문난식당,서울특별시 영등포구 도림로141가길 32-1 (문래동4가),126.8899027363,37.5162668351,,A05,A0502,A05020100,2782928,39,음식점
소바식당,서울특별시 성동구 연무장7가길 6,127.0550091611,37.5430694587,,A05,A0502,A05020300,2899573,39,음식점
소바연구소,서울특별시 서대문구 명물길 50-9,126.9394692411,37.5588294424,,A05,A0502,A05020300,2828401,39,음식점
소백산 양재별관,서울특별시 서초구 강남대로8길 36,127.0430706914,37.4685223439,,A05,A0502,A05020100,2757828,39,음식점
소선재,서울특별시 종로구 삼청로 113-1 (삼청동),126.9818062910,37.5855937574,02-730-7002,A05,A0502,A05020700,402996,39,음식점
소설한남,서울특별시 용산구 한남대로20길 21-18 (한남동),127.0091468927,37.5352584310,,A05,A0502,A05020100,2851166,39,음식점
소소하게,서울특별시 성동구 성덕정길 27,127.0468183478,37.5392641979,,A05,A0502,A05020900,2824027,39,음식점
소소한 풍경,서울특별시 종로구 자하문로40길 75,126.9659936151,37.5936564249,02-395-5035,A05,A0502,A05020100,1922694,39,음식점
소수,서울특별시 용산구 한남대로20길 31,127.0087052682,37.5351862086,,A05,A0502,A05020100,2855532,39,음식점
소안도풍경,서울특별시 성동구 아차산로 126 (성수동2가),127.0580699799,37.5435527909,,A05,A0502,A05020100,2899546,39,음식점
소온table,서울특별시 종로구 윤보선길 24,126.9840896552,37.5771614451,,A05,A0502,A05020200,2854884,39,음식점
소울,서울특별시 종로구 자하문로 50,126.9713990504,37.5805052733,,A05,A0502,A05020900,2815711,39,음식점
소이연남,서울특별시 마포구 동교로 267,126.9253926121,37.5635841930,,A05,A0502,A05020700,2853799,39,음식점
소인수서울,서울특별시 성동구 왕십리로 136,127.0445793661,37.5497462735,,A05,A0502,A05020100,2900222,39,음식점
소정담,서울특별시 영등포구 당산로40길 16,126.9004014144,37.5292349609,02-2675-0305,A05,A0502,A05020100,2682853,39,음식점
소피텔 앰배서더 서울 미오,서울특별시 송파구 잠실로 209 KT송파타워,127.1063803122,37.5139237687,,A05,A0502,A05020300,2807700,39,음식점
소호정 양재,서울특별시 서초구 논현로 27,127.0487117098,37.4733135563,02-579-7282,A05,A0502,A05020100,2685610,39,음식점
속초그바람에 발산본점,서울특별시 강서구 강서로54길 11,126.8392505896,37.5592387149,,A05,A0502,A05020100,2849337,39,음식점
손가네곰국수,서울특별시 성북구 성북로15길 8 (성북동),127.0003738278,37.5931709875,02-743-8937,A05,A0502,A05020100,2495922,39,음식점
손가명가,서울특별시 중구 다동길 13,126.9802541484,37.5681763099,02-777-1013,A05,A0502,A05020100,2654055,39,음식점
손국수,서울특별시 성북구 성북로 89 (성북동),126.9990045135,37.5929904285,02-743-5640,A05,A0502,A05020100,2496274,39,음식점
손수메밀,서울특별시 은평구 연서로 5-2,126.9155230427,37.5998436893,,A05,A0502,A05020300,2807934,39,음식점
손정보쌈,서울특별시 종로구 삼일대로15길 24 (관철동),126.9861952506,37.5689818778,,A05,A0502,A05020100,3506591,39,음식점
솔나무길된장예술,서울특별시 종로구 대학로11길 9-2,127.0011240714,37.5821833900,,A05,A0502,A05020100,2834225,39,음식점
솜리황토방,서울특별시 서초구 신반포로 194,127.0058619153,37.5057340231,02-534-1759,A05,A0502,A05020100,2685614,39,음식점
송가네감자탕,서울특별시 마포구 동교로 245,126.9240677806,37.5618926992,,A05,A0502,A05020100,2778422,39,음식점
송강,서울특별시 서초구 명달로9길 5 정호빌딩,127.0045016003,37.4819367623,,A05,A0502,A05020100,2856008,39,음식점
송림가,서울특별시 구로구 경인로 398,126.8644056010,37.4969991747,"02-2066-6000,6006",A05,A0502,A05020100,323408,39,음식점
송림식당,서울특별시 광진구 자양번영로 79,127.0765490434,37.5368344594,02-457-5473,A05,A0502,A05020100,2373384,39,음식점
송백식당,서울특별시 영등포구 당산로38길 15,126.9000320175,37.5287461216,02-2632-5080,A05,A0502,A05020100,2682869,39,음식점
송쉐프,서울특별시 송파구 백제고분로 357 근양프라자,127.1056556320,37.5049942363,,A05,A0502,A05020400,2839440,39,음식점
송원,서울특별시 중구 동호로24길 35-4,127.0051576390,37.5609609284,02-2275-3118,A05,A0502,A05020100,133836,39,음식점
송월냉면,서울특별시 강동구 구천면로29길 26,127.1294774259,37.5415348675,,A05,A0502,A05020100,2809790,39,음식점
송이네,서울특별시 마포구 포은로8길 21,126.9059168042,37.5566929793,,A05,A0502,A05020100,2833276,39,음식점
송죽장,서울특별시 영등포구 문래로 203,126.9047152179,37.5183057517,,A05,A0502,A05020400,2852660,39,음식점
송파아구찜,서울특별시 송파구 오금로44길 50-22,127.1315341206,37.4948792101,,A05,A0502,A05020100,2842227,39,음식점
송화산시도삭면,서울특별시 광진구 뚝섬로27길 48,127.0665277017,37.5379619259,,A05,A0502,A05020400,2838417,39,음식점
송화유수,서울특별시 서초구 강남대로79길 21,127.0230159352,37.5048177707,,A05,A0502,A05020100,2856026,39,음식점
수가,"서울특별시 중구 명동8가길 42-1, 2층",126.9874981145,37.5617549632,02-777-5575,A05,A0502,A05020100,2642540,39,음식점
수담한정식,서울특별시 강남구 봉은사로 418,127.0459775729,37.5105091890,02-558-4900,A05,A0502,A05020100,2393103,39,음식점
수라연,서울특별시 강동구 강동대로 143-64,127.1201730985,37.5281251460,02-473-0550,A05,A0502,A05020100,2685619,39,음식점
수락이오냉면,서울특별시 노원구 동일로237다길 7 창일빌딩,127.0525973214,37.6739680878,,A05,A0502,A05020100,2842458,39,음식점
수릿날 설렁탕 할매 족발보쌈,서울특별시 중구 동호로24길 31,127.0052909689,37.5606498556,02-2268-7400,A05,A0502,A05020100,699142,39,음식점
수빈,서울특별시 서대문구 연희로25길 31-3,126.9343165645,37.5718583912,02-307-9979,A05,A0502,A05020100,845319,39,음식점
수연산방,서울특별시 성북구 성북로26길 8 (성북동),126.9948548318,37.5951067748,02-764-1736,A05,A0502,A05020900,1664105,39,음식점
수원집,서울특별시 송파구 송파대로 108,127.1257961605,37.4805307724,,A05,A0502,A05020100,2839997,39,음식점
수유손칼국수,서울특별시 강북구 도봉로101길 45,127.0283726077,37.6440128021,,A05,A0502,A05020100,2838259,39,음식점
수정궁,서울특별시 도봉구 방학로 173,127.0329494503,37.6621691063,02-3491-0440,A05,A0502,A05020100,2685625,39,음식점
수제벗갈비,"서울특별시 종로구 대학로8가길 79, 2층",127.0035932806,37.5825361702,02-743-9599,A05,A0502,A05020100,2653167,39,음식점
수퍼판,서울특별시 강남구 논현로167길 15 (신사동),127.0268622503,37.5245016648,,A05,A0502,A05020700,2856391,39,음식점
수하동 그랑서울,서울특별시 종로구 종로 33,126.9814983976,37.5710565526,02-2158-7958,A05,A0502,A05020100,2685631,39,음식점
순대실록 대학로본점,서울특별시 종로구 동숭길 127 우성빌딩,127.0030794152,37.5833555104,,A05,A0502,A05020100,2864267,39,음식점
순댕이네얼큰수제비,서울특별시 금천구 시흥대로136길 1,126.8993419985,37.4723971000,,A05,A0502,A05020100,2836634,39,음식점
순라길 예 & 비비,서울특별시 종로구 서순라길 55,126.9929917413,37.5729509832,,A05,A0502,A05020900,1968826,39,음식점
순미네행복게장 동대문,서울특별시 중구 을지로43길 38,127.0078016499,37.5677629632,02-2268-2059,A05,A0502,A05020100,2653657,39,음식점
순천가,서울특별시 종로구 수표로 109-2,126.9891921385,37.5711344594,02-765-0398,A05,A0502,A05020100,2642695,39,음식점
순천집,서울특별시 동작구 노량진로 80,126.9346015351,37.5129402427,,A05,A0502,A05020100,2782724,39,음식점
순희네빈대떡,서울특별시 종로구 종로32길 5 (종로5가),127.0007355441,37.5706736091,02-2264-5057,A05,A0502,A05020100,1998192,39,음식점
숨은,서울특별시 성동구 광나루로4가길 12-7,127.0543812666,37.5491965138,,A05,A0502,A05020900,2951480,39,음식점
슈치쿠,서울특별시 영등포구 63로 50,126.9399203060,37.5196423374,02-789-5751~2,A05,A0502,A05020300,1567395,39,음식점
스담,서울특별시 중구 다산로28길 2-1,127.0138874317,37.5598167735,,A05,A0502,A05020300,2900426,39,음식점
스미스가 좋아하는 한옥,서울특별시 종로구 삼청로 22-7,126.9800483320,37.5780307157,02-722-7003,A05,A0502,A05020100,1947036,39,음식점
스시 장종현,서울특별시 강남구 도산대로85길 13,127.0489685416,37.5255352757,,A05,A0502,A05020300,2867754,39,음식점
스시 카이신(鮨海信),서울특별시 강남구 도산대로100길 12,127.0517544470,37.5238438553,02-515-9855,A05,A0502,A05020300,2544497,39,음식점
스시겐,서울특별시 마포구 양화로7길 6-12 (서교동),126.9156521692,37.5516854017,02-3144-7733,A05,A0502,A05020300,134691,39,음식점
스시고,서울특별시 서초구 사평대로22길 15,126.9978989421,37.4989874418,,A05,A0502,A05020300,2856044,39,음식점
스시도쿠 왕십리본점,서울특별시 성동구 왕십리광장로 6,127.0360825984,37.5610003683,,A05,A0502,A05020300,2845098,39,음식점
스시만,서울특별시 서초구 동광로27길 3,126.9947854708,37.4942212723,,A05,A0502,A05020300,2864298,39,음식점
스시미노루,서울특별시 송파구 백제고분로 508 제일빌딩,127.1157516422,37.5153237742,,A05,A0502,A05020300,2847048,39,음식점
스시선수,서울특별시 강남구 도산대로45길 6 (신사동),127.0364669758,37.5229325753,,A05,A0502,A05020300,2869549,39,음식점
스시야,서울특별시 종로구 수표로20길 43,126.9919446949,37.5701096279,02-2268-8775,A05,A0502,A05020300,2642771,39,음식점
스시오오모토,서울특별시 성동구 상원1길 39-1,127.0468597907,37.5470327407,,A05,A0502,A05020300,2899461,39,음식점
스시유,서울특별시 강남구 영동대로 407 (대치동),127.0643565937,37.5056573049,,A05,A0502,A05020300,2870464,39,음식점
스시조,서울특별시 중구 소공로 106 서울 웨스틴조선호텔,126.9801987007,37.5645378422,02-317-0314,A05,A0502,A05020300,2624443,39,음식점
스시초심,서울특별시 노원구 노해로85길 1,127.0650855955,37.6556065599,,A05,A0502,A05020300,2833461,39,음식점
스시코우지,서울특별시 강남구 도산대로 318 (논현동),127.0366558764,37.5219132526,,A05,A0502,A05020300,2869531,39,음식점
스시쿠루미,서울특별시 강남구 선릉로146길 33 (청담동),127.0425581164,37.5219105811,,A05,A0502,A05020300,2869509,39,음식점
스시타노,서울특별시 서초구 서래로5길 30,126.9965102069,37.4980375267,,A05,A0502,A05020300,2856068,39,음식점
스시텐,서울특별시 광진구 구의강변로 86,127.0940557449,37.5381679532,,A05,A0502,A05020300,2838426,39,음식점
스시혼,서울특별시 도봉구 도봉로110길 8,127.0339886973,37.6462820838,02-993-3290,A05,A0502,A05020300,2685635,39,음식점
스시효 청담,서울특별시 강남구 선릉로146길 25,127.0418748406,37.5220855486,02-545-0023,A05,A0502,A05020300,2685637,39,음식점
스시히로바 삼성동본점,서울특별시 강남구 삼성로 620 (삼성동),127.0526490603,37.5150171187,,A05,A0502,A05020300,2869471,39,음식점
스와니예,서울특별시 강남구 강남대로 652 (신사동),127.0190908729,37.5196576435,,A05,A0502,A05020200,2856080,39,음식점
스윗솔트,서울특별시 강동구 상암로 286,127.1541417341,37.5455292933,,A05,A0502,A05020900,2834396,39,음식점
스즈란테이,서울특별시 용산구 이촌로 245 로얄상가,126.9744421514,37.5200012472,,A05,A0502,A05020300,2856474,39,음식점
스카이피자,서울특별시 동작구 노량진동 297-1,126.9370652923,37.5096601124,,A05,A0502,A05020200,2946512,39,음식점
스케줄청담,서울특별시 강남구 선릉로152길 37 (청담동),127.0426969134,37.5247074809,,A05,A0502,A05020200,2752554,39,음식점
스타쉐프,서울특별시 강남구 논현로38길 38-6,127.0449144949,37.4852926529,02-529-8248,A05,A0502,A05020400,2685638,39,음식점
스태픽스,서울특별시 종로구 사직로9길 22 (필운동),126.9677078075,37.5774250096,,A05,A0502,A05020900,2783352,39,음식점
스테이터,서울특별시 강남구 봉은사로4길 29,127.0268989659,37.5030319367,02-363-1316,A05,A0502,A05020200,2685440,39,음식점
스트라다146,서울특별시 영등포구 당산로38길 3-8,126.8992515206,37.5291877231,070-8224-3165,A05,A0502,A05020900,2682880,39,음식점
슬로우타코,서울특별시 마포구 독막로5길 33,126.9185686320,37.5494884870,,A05,A0502,A05020700,2808934,39,음식점
슬로우파크,서울특별시 종로구 삼청로 141,126.9815062511,37.5879629209,,A05,A0502,A05020200,2902217,39,음식점
시골감자국,서울특별시 은평구 응암로 174,126.9167760561,37.5874673736,02-302-8484,A05,A0502,A05020100,712621,39,음식점
시골보쌈,서울특별시 서초구 방배천로2길 25,126.9842285813,37.4771258460,02-3473-7358,A05,A0502,A05020100,2685640,39,음식점
시골전집,서울특별시 종로구 종로 123,126.9913058472,37.5707178791,02-742-8525,A05,A0502,A05020100,2642704,39,음식점
시골진지상,서울특별시 강남구 삼성로 535 (삼성동),127.0546795824,37.5096677763,,A05,A0502,A05020100,2870472,39,음식점
시그니엘서울 더 라운지,서울특별시 송파구 올림픽로 300 (신천동),127.1040749597,37.5141653654,,A05,A0502,A05020200,2845899,39,음식점
시도 플레이스,서울특별시 서대문구 연희맛로 7-7,126.9283367101,37.5663339265,,A05,A0502,A05020900,2851231,39,음식점
시멘트,서울특별시 용산구 대사관로11길 57,127.0012392608,37.5359082136,,A05,A0502,A05020200,2809069,39,음식점
시샘달,"서울특별시 중구 명동8길 2, 2층",126.9844538954,37.5635824744,02-310-9116,A05,A0502,A05020900,2654172,39,음식점
시에나 에스테이트,서울특별시 성동구 아차산로17길 49 생각공장데시앙플렉스,127.0652942291,37.5468219852,,A05,A0502,A05020200,2899361,39,음식점
시오리라멘,서울특별시 구로구 경인로53길 15 중앙유통단지,126.8766487929,37.5018932686,,A05,A0502,A05020300,2823494,39,음식점
시옹마오,서울특별시 성동구 연무장7길 7-1 린빌딩,127.0544675306,37.5435249514,,A05,A0502,A05020700,2899343,39,음식점
시키카츠,서울특별시 동대문구 회기로 110,127.0486861404,37.5914526122,,A05,A0502,A05020300,2816100,39,음식점
식당진,서울특별시 중구 퇴계로22길 5,126.9865343431,37.5606939581,02-755-7558,A05,A0502,A05020300,2685649,39,음식점
식물학 아이파크몰점,서울특별시 용산구 한강대로23길 55 (한강로3가),126.9647566449,37.5298249324,02-2012-0434,A05,A0502,A05020900,3443017,39,음식점
신가네왕코등갈비 용두동,서울특별시 동대문구 천호대로 67,127.0310660142,37.5741848575,02-924-3042,A05,A0502,A05020100,2685659,39,음식점
신길동매운짬뽕,서울특별시 영등포구 영등포로62길 10-1,126.9165364450,37.5153979682,,A05,A0502,A05020400,2852644,39,음식점
신길양꼬치,서울특별시 영등포구 도신로 193,126.9127424566,37.5114900206,02-845-5760,A05,A0502,A05020400,2682811,39,음식점
신당동천팥죽,서울특별시 중구 다산로44길 33 (신당동),127.0187701667,37.5652190115,02-2237-6385,A05,A0502,A05020100,667493,39,음식점
신대방 닭갈비구이,서울특별시 동작구 신대방3길 1,126.9118182054,37.4878566383,010-2225-5991,A05,A0502,A05020400,2650018,39,음식점
신대성각,서울특별시 관악구 호암로22길 76 (신림동),126.9369497946,37.4685148894,02-886-4426,A05,A0502,A05020400,2767442,39,음식점
신도림전주관,서울특별시 구로구 새말로 97 신도림테크노마트,126.8902418521,37.5070956849,,A05,A0502,A05020100,2836621,39,음식점
신동궁감자탕 역삼본점,서울특별시 강남구 테헤란로10길 21 (역삼동),127.0328319056,37.4978465342,,A05,A0502,A05020100,2870538,39,음식점
신생루,서울특별시 구로구 경인로 208,126.8442324689,37.4959767117,02-2684-7652,A05,A0502,A05020400,2654168,39,음식점
신선한우촌,서울특별시 중랑구 용마산로 707,127.1011807058,37.6143258998,,A05,A0502,A05020100,2851800,39,음식점
신성각,서울특별시 마포구 임정로 55-1,126.9577457498,37.5447869575,,A05,A0502,A05020400,2914979,39,음식점
신성일식,서울특별시 종로구 무교로 42 (서린동),126.9795013956,37.5697233384,,A05,A0502,A05020300,3094282,39,음식점
신승관,서울특별시 종로구 종로 19 (종로1가),126.9799374337,37.5708982096,02-735-9955,A05,A0502,A05020400,1325623,39,음식점
신신매운갈비찜,서울특별시 영등포구 국회대로36길 8-1,126.8979655964,37.5267129882,02-2632-8813,A05,A0502,A05020100,2685383,39,음식점
신안촌,서울특별시 종로구 경희궁2길 14-4,126.9716659098,37.5728533895,02-738-9970,A05,A0502,A05020100,2624436,39,음식점
신양로스터스,서울특별시 송파구 오금로18길 3,127.1109633279,37.5104436995,,A05,A0502,A05020900,2849578,39,음식점
신우양돈,서울특별시 종로구 대명길 19-8,127.0006796417,37.5830888319,02-747-3779,A05,A0502,A05020100,2653170,39,음식점
신의주찹쌀순대,서울특별시 강남구 영동대로 725,127.0551708400,37.5225301805,,A05,A0502,A05020100,2833050,39,음식점
신의한국수본점,서울특별시 성동구 광나루로 320-1 에딘버그골프연습장,127.0654302929,37.5480524004,,A05,A0502,A05020100,2899326,39,음식점
신이내린매운떡볶이 노량진,서울특별시 동작구 만양로14가길 3,126.9451617149,37.5118377826,02-2631-8484,A05,A0502,A05020100,2685663,39,음식점
신정전복맛집,서울특별시 서초구 사평대로52길 10,127.0222021744,37.5029040894,02-3481-1696,A05,A0502,A05020100,581801,39,음식점
신촌기사식당,서울특별시 강서구 방화대로 408 (방화동),126.8171465476,37.5771306848,,A05,A0502,A05020100,3520424,39,음식점
신촌수제비,서울특별시 서대문구 신촌로 87-8 금은동빌딩,126.9363362754,37.5559186137,,A05,A0502,A05020100,2918764,39,음식점
신촌형제갈비,서울특별시 서대문구 명물1길 2,126.9373583481,37.5579156217,02-365-0001,A05,A0502,A05020100,132901,39,음식점
신촌황소곱창,서울특별시 종로구 삼일대로17길 17 (관철동),126.9865063294,37.5691124241,,A05,A0502,A05020100,3094357,39,음식점
신토불이 떡볶이 본점,서울특별시 광진구 자양로43길 42,127.0904639960,37.5525995461,,A05,A0502,A05020100,2832955,39,음식점
신화쭈꾸미,서울특별시 노원구 동일로 1361,127.0612860998,37.6500849110,02-939-8886,A05,A0502,A05020100,2685664,39,음식점
실크로드,서울특별시 구로구 경인로 398 송림가든,126.8643528209,37.4972685872,,A05,A0502,A05020400,2852962,39,음식점
심원,서울특별시 마포구 성미산로29안길 19-7,126.9230677717,37.5654311594,,A05,A0502,A05020300,2851295,39,음식점
쌍다리기사식당,서울특별시 성북구 성북로23길 4,126.9957325731,37.5935736353,02-743-0325,A05,A0502,A05020100,2685666,39,음식점
쌍대포 맷돌순두부,서울특별시 영등포구 국제금융로6길 30 (여의도동),126.9266186801,37.5217751850,,A05,A0502,A05020100,2663518,39,음식점
쌍대포소금구이 본점,서울특별시 용산구 청파로 291,126.9702140337,37.5456481921,,A05,A0502,A05020100,2855553,39,음식점
썬더버드 청담점,서울특별시 강남구 압구정로60길 18 SG DINEHILL빌딩,127.0417164040,37.5262406187,02-2138-1377,A05,A0502,A05020200,2623187,39,음식점
썬스마일,서울특별시 도봉구 해등로36길 4,127.0152622939,37.6579887180,,A05,A0502,A05020900,2809291,39,음식점
썸띵어바웃커피,서울특별시 강남구 강남대로102길 30,127.0278322187,37.5028847483,,A05,A0502,A05020900,2821755,39,음식점
쎄쎄,서울특별시 도봉구 삼양로 532,127.0134598896,37.6506367632,02-908-5640,A05,A0502,A05020400,2685673,39,음식점
쎄콩데live,서울특별시 성동구 서울숲2길 34,127.0423241043,37.5466049308,,A05,A0502,A05020200,2894710,39,음식점
쏭타이 본점,서울특별시 용산구 이태원로20가길 7-2,126.9926956553,37.5337777517,,A05,A0502,A05020700,2841097,39,음식점
쑥고개,서울특별시 관악구 관악로14길 16 (봉천동),126.9534146632,37.4791278401,,A05,A0502,A05020200,3082020,39,음식점
씨네 드 쉐프(CINE de CHEF),서울특별시 강남구 압구정로30길 45 (신사동),127.0294397966,37.5243739484,02-3446-0541~2,A05,A0502,A05020700,1021125,39,음식점
씨태번,서울특별시 중구 명동8가길 52,126.9879897343,37.5618132993,02-778-0770,A05,A0502,A05020200,2643070,39,음식점
아구랑꽃게랑,서울특별시 중구 동호로24길 35-5,127.0050882043,37.5608414965,02-2263-5554,A05,A0502,A05020100,2653708,39,음식점
아델라베일리,서울특별시 종로구 북악산로 48,126.9701876319,37.5952452046,,A05,A0502,A05020200,2762892,39,음식점
아르모니움,서울특별시 용산구 대사관로 33,127.0017364966,37.5338279082,02-792-3972,A05,A0502,A05020200,2535455,39,음식점
아름다운차박물관,서울특별시 종로구 인사동길 19-11,126.9858590740,37.5723648120,02-735-6678,A05,A0502,A05020900,398376,39,음식점
아리랑,서울특별시 중구 남대문로7길 23,126.9805681297,37.5638740373,02-752-1342,A05,A0502,A05020100,763989,39,음식점
아리랑,서울특별시 종로구 대학로 60,127.0025463239,37.5765368491,02-764-8600,A05,A0502,A05020100,1060809,39,음식점
아리수만찬,서울특별시 영등포구 노들로 111 양화유람선선착장,126.8936960153,37.5453940744,,A05,A0502,A05020100,2850125,39,음식점
아리아,서울특별시 중구 소공로 106,126.9800598249,37.5645211757,02-317-0357,A05,A0502,A05020100,2624454,39,음식점
아리차이,서울특별시 관악구 신림동길 4,126.9282972653,37.4876902853,,A05,A0502,A05020400,838590,39,음식점
아메리칸테이블,서울특별시 강남구 영동대로112길 66 (삼성동),127.0657783968,37.5158589234,,A05,A0502,A05020200,2869452,39,음식점
아방베이커리 서울숲점,서울특별시 성동구 왕십리로 83-21 아크로 서울포레스트,127.0432879644,37.5445357444,,A05,A0502,A05020900,2899312,39,음식점
아뻬서울,서울특별시 종로구 창경궁로35나길 1,127.0012489125,37.5873800099,010-7390-8742,A05,A0502,A05020900,2679083,39,음식점
아선재,서울특별시 강남구 영동대로 333 (대치동),127.0648843641,37.5042047053,,A05,A0502,A05020100,2870558,39,음식점
아소정,서울특별시 마포구 백범로25길 9,126.9464911688,37.5465893241,,A05,A0502,A05020100,2847682,39,음식점
아승지,서울특별시 영등포구 신길로 176 (신길동),126.9112204743,37.5078987438,02-836-8442,A05,A0502,A05020700,2023561,39,음식점
아시안쿠진 경복궁점,서울특별시 종로구 자하문로1길 7-1,126.9719546683,37.5765168579,,A05,A0502,A05020700,2819304,39,음식점
아시안테이블,서울특별시 종로구 성균관로3길 11,126.9975521371,37.5835053939,070-7608-1763,A05,A0502,A05020700,2653171,39,음식점
아야진생태찌개 본점,서울특별시 강남구 삼성로108길 8 써지쿨빌딩,127.0547767344,37.5118369704,,A05,A0502,A05020100,2870571,39,음식점
아오리의행방불명 홍대,서울특별시 마포구 와우산로 76,126.9235542414,37.5511800463,02-332-3767,A05,A0502,A05020100,2642995,39,음식점
아우네부대찌개&삼겹살,서울특별시 강남구 테헤란로83길 29,127.0569599404,37.5093261904,02-569-4777,A05,A0502,A05020100,2689300,39,음식점
아우프글렛 금호,서울특별시 성동구 독서당로51길 7,127.0262477256,37.5489265945,,A05,A0502,A05020900,2843285,39,음식점
아이러브신당동떡볶이,서울특별시 중구 퇴계로76길 50,127.0147455912,37.5631802871,02-2232-7872,A05,A0502,A05020100,697349,39,음식점
아재왔소,서울특별시 도봉구 도봉산4길 3-22,127.0412396318,37.6876968409,,A05,A0502,A05020100,1578248,39,음식점
아키노유키 길동,서울특별시 강동구 올림픽로70길 50-7,127.1265388776,37.5389462263,02-488-6923,A05,A0502,A05020300,2689309,39,음식점
아키비스트 서촌,서울특별시 종로구 효자로13길 52,126.9726933268,37.5822717581,,A05,A0502,A05020900,2848050,39,음식점
아티초크0125,서울특별시 강남구 영동대로 736 aloft HOTELS,127.0556763135,37.5237967090,,A05,A0502,A05020200,2869403,39,음식점
악어떡볶이,서울특별시 성동구 마조로 33,127.0411238134,37.5607116039,,A05,A0502,A05020100,2779132,39,음식점
안남,서울특별시 강남구 언주로 118 우성캐릭터199,127.0511916655,37.4865509530,,A05,A0502,A05020700,2870631,39,음식점
안녕브릭샌드 인사동점,서울특별시 종로구 인사동길 49 (관훈동),126.9835675554,37.5745200760,,A05,A0502,A05020900,3018157,39,음식점
안동국시소람,서울특별시 종로구 인사동9길 16,126.9841258628,37.5736340780,02-720-4490,A05,A0502,A05020100,835739,39,음식점
안동반점,서울특별시 성북구 고려대로1길 35-1,127.0190417428,37.5871220264,,A05,A0502,A05020400,2839196,39,음식점
안동장,서울특별시 중구 을지로 124,126.9915976160,37.5661684126,,A05,A0502,A05020400,2848062,39,음식점
안동찜닭 명동1가,서울특별시 중구 명동3길 5,126.9833678711,37.5640129603,02-3789-6841,A05,A0502,A05020100,2653707,39,음식점
안동할매청국장,서울특별시 성북구 성북로5길 9-3 (성북동1가),127.0046679996,37.5889965500,02-743-8104,A05,A0502,A05020100,403989,39,음식점
안씨네쭈꾸미,서울특별시 동대문구 이문로 17-26,127.0547272949,37.5901084325,02-969-7668,A05,A0502,A05020100,2689316,39,음식점
안짱,서울특별시 서대문구 홍제동 308-209,126.9426570164,37.5879288947,,A05,A0502,A05020300,3044373,39,음식점
알라프리마,"서울특별시 강남구 학동로17길 13 (논현동, 인본)",127.0260404116,37.5136029159,,A05,A0502,A05020200,2870803,39,음식점
알마또,서울특별시 용산구 신흥로 41-1,126.9873209009,37.5423794341,02-794-4616,A05,A0502,A05020200,2670605,39,음식점
알마튜나 도곡점,서울특별시 강남구 논현로30길 50,127.0457533142,37.4850232545,,A05,A0502,A05020300,2815128,39,음식점
알천생태찌개,서울특별시 송파구 백제고분로9길 6 sms,127.0797439825,37.5091543977,,A05,A0502,A05020100,2849599,39,음식점
알페도,서울특별시 용산구 이태원로 174,126.9932483664,37.5343332526,,A05,A0502,A05020700,2809941,39,음식점
암돼지오양식관,서울특별시 종로구 종로11길 11,126.9854035988,37.5710010736,02-737-8088,A05,A0502,A05020100,2653172,39,음식점
암사민물장어,서울특별시 강동구 고덕로 33,127.1289798656,37.5549916293,02-3426-2253,A05,A0502,A05020100,846596,39,음식점
압구정곱창,서울특별시 강남구 압구정로42길 25-8 (신사동),127.0356530434,37.5270793013,,A05,A0502,A05020100,2869361,39,음식점
압구정면옥,서울특별시 강남구 압구정로30길 16 (신사동),127.0290786580,37.5265153596,,A05,A0502,A05020100,2869330,39,음식점
압구정변강쇠떡볶이,"서울특별시 강남구 도산대로46길 21 (논현동, 한진로즈힐아파트)",127.0367975645,37.5207022846,,A05,A0502,A05020100,2871171,39,음식점
앙떼띠 카페,서울특별시 송파구 올림픽로 342 (방이동),127.1082911979,37.5157291490,,A05,A0502,A05020900,3454540,39,음식점
애란궁,서울특별시 강남구 광평로 220-12,127.0978485787,37.4848964284,,A05,A0502,A05020100,2754725,39,음식점
애성회관 한우곰탕,서울특별시 중구 남대문로5길 23 (북창동),126.9789349851,37.5624908355,,A05,A0502,A05020100,3094628,39,음식점
애월의밤,서울특별시 영등포구 국회대로34길 10,126.8973573194,37.5266990898,0507-1344-4127,A05,A0502,A05020100,2685430,39,음식점
앤트러사이트 한남점,서울특별시 용산구 이태원로 240,127.0001782393,37.5361609426,,A05,A0502,A05020900,2836080,39,음식점
앤헤이븐,서울특별시 강남구 영동대로129길 22,127.0556653566,37.5184028905,,A05,A0502,A05020200,2869276,39,음식점
앨리스리틀이태리,서울특별시 송파구 백제고분로41길 43-21 (송파동),127.1048500449,37.5086910147,,A05,A0502,A05020200,2873226,39,음식점
야끼니꾸명동풍미,서울특별시 중구 명동7길 21,126.9838928014,37.5647906569,02-779-2233,A05,A0502,A05020100,2659649,39,음식점
야마토텐동,서울특별시 성북구 고려대로28길 2,127.0302351949,37.5861584508,,A05,A0502,A05020300,2907139,39,음식점
야바이,서울특별시 서대문구 연세로7안길 37,126.9346641418,37.5581710993,070-8875-1024,A05,A0502,A05020300,2685264,39,음식점
양반댁,서울특별시 종로구 인사동길 19-18,126.9858590773,37.5722481591,"02-733-5507, 730-1112",A05,A0502,A05020100,232225,39,음식점
양연화로,서울특별시 종로구 삼일대로17길 18,126.9865285441,37.5693040685,02-3210-0808,A05,A0502,A05020100,2653173,39,음식점
양인환대,서울특별시 용산구 한강대로40길 14,126.9699922687,37.5301944282,,A05,A0502,A05020100,2859999,39,음식점
양인환대,서울특별시 강남구 강남대로42길 17 (도곡동),127.0353931306,37.4855757825,,A05,A0502,A05020100,2870620,39,음식점
양재해장국,서울특별시 서초구 강남대로10길 11,127.0409847794,37.4682084547,,A05,A0502,A05020100,2856108,39,음식점
양지촌,서울특별시 중랑구 망우로 184,127.0732783024,37.5929112191,,A05,A0502,A05020100,2902666,39,음식점
양천뼈다귀본점,서울특별시 양천구 목동동로 258 목동금호1차아파트,126.8745649750,37.5258793340,,A05,A0502,A05020100,2850964,39,음식점
양천옥설렁탕,서울특별시 양천구 등촌로 86,126.8639183888,37.5377555414,,A05,A0502,A05020100,2852850,39,음식점
양촌리화로구이,서울특별시 광진구 아차산로 482 양촌리식당,127.0954944340,37.5405926976,,A05,A0502,A05020100,2838462,39,음식점
양평해장국,서울특별시 종로구 성균관로4길 48,127.0000268753,37.5847858453,02-742-6960,A05,A0502,A05020100,2670607,39,음식점
양화정,서울특별시 마포구 월드컵로1길 17,126.9120081195,37.5494855927,02-323-5777,A05,A0502,A05020100,2689337,39,음식점
어가,서울특별시 송파구 송파대로49길 48,127.0996811393,37.5062689807,,A05,A0502,A05020100,2849605,39,음식점
어거스트 힐 강남점,서울특별시 강남구 강남대로106길 25 페가수수,127.0276238886,37.5034402356,,A05,A0502,A05020200,2870637,39,음식점
어글리베이커리,서울특별시 마포구 월드컵로13길 73,126.9060751683,37.5550876130,,A05,A0502,A05020900,2845326,39,음식점
어니언 성수,서울특별시 성동구 아차산로9길 8,127.0581338264,37.5448387541,,A05,A0502,A05020900,2835889,39,음식점
어라운드데이,서울특별시 성동구 서울숲2길 24-1,127.0412825234,37.5469243198,,A05,A0502,A05020900,2894735,39,음식점
어머니대성집,서울특별시 동대문구 왕산로11길 4,127.0286050321,37.5775316463,02-923-1718,A05,A0502,A05020100,2689352,39,음식점
어머니족발,서울특별시 강남구 삼성로100길 27,127.0575654155,37.5102233192,02-2051-9292,A05,A0502,A05020100,2668237,39,음식점
어반클리프,서울특별시 용산구 신흥로20길 43 (후암동),126.9840682764,37.5474454532,,A05,A0502,A05020900,3113785,39,음식점
어반플랜트 합정,서울특별시 마포구 독막로4길 3,126.9172021333,37.5479469753,,A05,A0502,A05020900,2871192,39,음식점
어성일식,서울특별시 강남구 언주로 843,127.0329533260,37.5257821812,,A05,A0502,A05020300,2869248,39,음식점
어썸로즈,서울특별시 강남구 압구정로10길 40,127.0220294568,37.5209797649,,A05,A0502,A05020200,2869230,39,음식점
어양,서울특별시 송파구 위례성대로 14 (방이동),127.1139712108,37.5166458115,02-422-8886,A05,A0502,A05020400,403384,39,음식점
어페어커피,서울특별시 성동구 성수이로6길 11,127.0550621136,37.5367479717,,A05,A0502,A05020900,2899284,39,음식점
억조1978,서울특별시 양천구 목동동로10길 24,126.8723625797,37.5194161562,,A05,A0502,A05020100,2852826,39,음식점
언구비육회,서울특별시 서초구 강남대로83길 33 (반포동),127.0219076791,37.5056565423,,A05,A0502,A05020100,2604812,39,음식점
언노운다이너,서울특별시 강남구 논현로28길 42 (도곡동),127.0455033597,37.4842400076,,A05,A0502,A05020200,2870648,39,음식점
언차일드,서울특별시 동대문구 회기로 194-1,127.0575298229,37.5898946191,,A05,A0502,A05020900,2781501,39,음식점
언플러그드,서울특별시 마포구 와우산로33길 26 (서교동),126.9292730388,37.5556351867,,A05,A0502,A05020900,2946571,39,음식점
얼스어스,서울특별시 마포구 성미산로 150,126.9232816761,37.5641951955,,A05,A0502,A05020900,2784016,39,음식점
얼큰수제비,서울특별시 서초구 신반포로 194,127.0058619153,37.5057340231,02-535-2185,A05,A0502,A05020100,2689357,39,음식점
엄마손떡볶이,서울특별시 서대문구 증가로10길 37,126.9241617334,37.5789907137,,A05,A0502,A05020100,2853867,39,음식점
엄마손칼국수,서울특별시 노원구 상계로39길 5,127.0802448816,37.6710939211,,A05,A0502,A05020100,2842476,39,음식점
업사이드커피,서울특별시 성동구 연무장13길 3,127.0579450337,37.5420529630,,A05,A0502,A05020900,2899272,39,음식점
엉클스 대학로,"서울특별시 종로구 대학로12길 63, 1층",127.0040766054,37.5812835472,070-8845-8493,A05,A0502,A05020100,2653174,39,음식점
에도긴,서울특별시 강남구 테헤란로8길 30,127.0318125811,37.4968855167,02-568-5147,A05,A0502,A05020300,133328,39,음식점
에드엣,서울특별시 강남구 압구정로10길 30-9,127.0215211379,37.5221046253,,A05,A0502,A05020200,2834477,39,음식점
에르제 성수,서울특별시 성동구 아차산로 135,127.0589726650,37.5439222086,,A05,A0502,A05020900,2900742,39,음식점
에버그린,서울특별시 서대문구 모래내로 350,126.9353412114,37.5810490079,,A05,A0502,A05020100,2938584,39,음식점
에베레스트,서울특별시 종로구 종로51가길 2-1,127.0125010850,37.5725652673,02-766-8850,A05,A0502,A05020700,232206,39,음식점
에베레스트커리월드,서울특별시 종로구 종로 305,127.0115817361,37.5721708521,,A05,A0502,A05020700,2987927,39,음식점
에빗,서울특별시 강남구 도산대로45길 10-5 (신사동),127.0362169830,37.5234852843,,A05,A0502,A05020200,3108201,39,음식점
에이비카페,서울특별시 강남구 강남대로102길 32 (역삼동),127.0279516492,37.5029569643,,A05,A0502,A05020900,2946540,39,음식점
에이치 450(h' 450),서울특별시 강남구 압구정로29길 21,127.0277092752,37.5287372997,02-543-1450,A05,A0502,A05020200,2623215,39,음식점
에이치커피로스터스,서울특별시 성동구 성수일로11길 10,127.0505816114,37.5492353297,,A05,A0502,A05020900,2894749,39,음식점
에이투비 Cafe&Bar,서울특별시 성동구 아차산로 135,127.0589726650,37.5439222086,,A05,A0502,A05020900,2900760,39,음식점
에페,서울특별시 종로구 종로31길 31,126.9992828528,37.5722983941,02-747-8894,A05,A0502,A05020300,2653180,39,음식점
에프터워크33,서울특별시 종로구 율곡로10길 21,126.9911140299,37.5766282998,070-4403-0033,A05,A0502,A05020200,2653181,39,음식점
엔그릴,서울특별시 용산구 남산공원길 105 (용산동2가),126.9878733796,37.5511700886,02-3455-9297,A05,A0502,A05020200,135684,39,음식점
엘 샌드위치,서울특별시 종로구 율곡로4길 14,126.9817593715,37.5750616475,,A05,A0502,A05020200,2588389,39,음식점
엘더버거,서울특별시 성동구 서울숲2길 40-7,127.0429962722,37.5463827467,,A05,A0502,A05020200,2894761,39,음식점
엘림들깨수제비칼국수,서울특별시 강북구 삼각산로 67,127.0117908992,37.6400490755,,A05,A0502,A05020100,2833385,39,음식점
엘몰리노,서울특별시 성동구 서울숲2길 19-18,127.0411825175,37.5474853641,,A05,A0502,A05020200,2894782,39,음식점
엠브로돈까스,서울특별시 서대문구 명물길 26,126.9382888183,37.5579406355,02-363-5241,A05,A0502,A05020300,2642916,39,음식점
여기가전집,서울특별시 구로구 디지털로32나길 8,126.9002610458,37.4835541538,,A05,A0502,A05020100,2940433,39,음식점
여기가좋겠네,서울특별시 동대문구 회기로21길 25,127.0531690303,37.5926775506,02-968-9112,A05,A0502,A05020100,2685313,39,음식점
여수오동도 대치,서울특별시 강남구 삼성로71길 7,127.0583516819,37.5021937107,02-557-0039,A05,A0502,A05020100,2689366,39,음식점
여의도 양꼬치,"서울특별시 영등포구 국제금융로6길 30, 2층",126.9266297904,37.5217779627,,A05,A0502,A05020400,2663525,39,음식점
여인숙,서울특별시 용산구 녹사평대로42길 19,126.9877349060,37.5369384069,,A05,A0502,A05020900,2932405,39,음식점
여진곱,서울특별시 종로구 삼일대로 430,126.9883588227,37.5731953161,02-762-5157,A05,A0502,A05020100,2653182,39,음식점
역삼동북어집,서울특별시 강남구 논현로85길 5-14 (역삼동),127.0367481933,37.4986437339,,A05,A0502,A05020100,2870694,39,음식점
역전회관,서울특별시 마포구 토정로37길 47 (염리동),126.9470217775,37.5429953067,02-703-0019,A05,A0502,A05020100,2438633,39,음식점
역촌왕돈까스,서울특별시 은평구 진흥로 121-1,126.9236498572,37.6076873676,,A05,A0502,A05020200,2845679,39,음식점
연남다방,서울특별시 마포구 연희로1길 36,126.9257509996,37.5605178895,010-3974-7348,A05,A0502,A05020900,2854456,39,음식점
연남서식당,서울특별시 마포구 백범로2길 32,126.9353530927,37.5537577360,02-716-2520,A05,A0502,A05020100,2679019,39,음식점
연남장,서울특별시 서대문구 연희로5길 22,126.9276007218,37.5643841399,,A05,A0502,A05020900,2914737,39,음식점
연변냉면,서울특별시 영등포구 도림로 136,126.8974360356,37.4930807749,02-844-5544,A05,A0502,A05020100,2682640,39,음식점
연변냉면 2호,서울특별시 영등포구 도림로31길 4,126.8958695202,37.4927807818,02-844-8836,A05,A0502,A05020100,2682688,39,음식점
연지동순두부,서울특별시 종로구 대학로1길 10,127.0013382419,37.5715596281,02-762-0593,A05,A0502,A05020100,2642820,39,음식점
연천갈비,서울특별시 은평구 서오릉로15길 5-5,126.9103120122,37.6137919741,,A05,A0502,A05020100,2807641,39,음식점
연타발(삼성코엑스점),서울특별시 강남구 테헤란로87길 35,127.0578598372,37.5100538996,02-557-9981,A05,A0502,A05020100,2653656,39,음식점
연화산,서울특별시 강남구 테헤란로92길 11,127.0613651527,37.5072959499,02-554-1133,A05,A0502,A05020400,2542167,39,음식점
연희김밥 본점,서울특별시 서대문구 연희로11가길 2,126.9293810105,37.5680837416,,A05,A0502,A05020100,2853889,39,음식점
연희동칼국수 본점,서울특별시 서대문구 연희맛로 37,126.9307614341,37.5682726333,,A05,A0502,A05020100,2842966,39,음식점
열빈,서울특별시 영등포구 국제금융로 78,126.9313238308,37.5209281453,02-783-3838,A05,A0502,A05020400,2689368,39,음식점
열정도쭈꾸미,서울특별시 용산구 백범로87길 40,126.9689587772,37.5391211499,,A05,A0502,A05020100,2860024,39,음식점
영동민물장어,서울특별시 강남구 언주로148길 8,127.0353477060,37.5203661866,,A05,A0502,A05020100,2751876,39,음식점
영동설렁탕,서울특별시 서초구 강남대로101안길 24 (잠원동),127.0174716749,37.5161496890,,A05,A0502,A05020100,2757826,39,음식점
영동올뱅이집,서울특별시 강남구 개포로22길 16 (개포동),127.0481060830,37.4777852487,,A05,A0502,A05020100,2869152,39,음식점
영등포구 카페진정성,서울특별시 영등포구 선유로 314 (당산동),126.9013093628,37.5399670631,,A05,A0502,A05020900,3458259,39,음식점
영등포복집,서울특별시 영등포구 영등포로42길 10-1,126.9065900374,37.5186501901,02-2678-3467,A05,A0502,A05020100,133381,39,음식점
영스낵,서울특별시 노원구 한글비석로 245,127.0763958467,37.6495907971,02-931-2523,A05,A0502,A05020100,2689385,39,음식점
영양센타,서울특별시 중구 명동2길 52,126.9831485272,37.5611716200,02-776-2015,A05,A0502,A05020100,2689393,39,음식점
영일분식,서울특별시 영등포구 도림로141가길 34-1 (문래동4가),126.8896944190,37.5163695980,02-2636-9817,A05,A0502,A05020100,1985338,39,음식점
영화장,서울특별시 동대문구 휘경로 3-8 (이문동),127.0609598749,37.5966327862,,A05,A0502,A05020400,2787240,39,음식점
예담밥상 건대,서울특별시 광진구 동일로22길 13,127.0652499092,37.5425780333,02-469-0072,A05,A0502,A05020100,2689396,39,음식점
예담한정식,서울특별시 강남구 테헤란로13길 21 (역삼동),127.0319180090,37.5010600335,,A05,A0502,A05020100,2871116,39,음식점
예쁜돼지,서울특별시 금천구 벚꽃로 278,126.8846292492,37.4795376749,02-3397-3299,A05,A0502,A05020100,2657954,39,음식점
예촌 본관,서울특별시 서초구 서운로 11 (서초동),127.0291131614,37.4850368439,,A05,A0502,A05020100,2745504,39,음식점
옐로우머그,서울특별시 영등포구 당산로 172,126.8987821077,37.5295876689,02-2635-2228,A05,A0502,A05020900,2682879,39,음식점
옛골토성 청계산점,서울특별시 서초구 청계산로 434,127.0709275653,37.4305105888,,A05,A0502,A05020100,2854224,39,음식점
옛날소머리국밥집,서울특별시 송파구 중대로 275,127.1289173134,37.5082109488,02-470-4819,A05,A0502,A05020100,684066,39,음식점
옛날연길냉면,서울특별시 종로구 종로46길 31,127.0102569099,37.5702960463,02-747-8898,A05,A0502,A05020100,2653185,39,음식점
옛날중국집,서울특별시 성북구 성북로8길 8 (성북동),127.0043929714,37.5908768819,02-764-0094,A05,A0502,A05020400,2496493,39,음식점
옛날집,서울특별시 강남구 선릉로148길 38,127.0426497513,37.5227549291,,A05,A0502,A05020100,2869131,39,음식점
옛날집낙원아구찜,서울특별시 종로구 삼일대로 436 (낙원동),126.9880143995,37.5735563791,02-741-3621,A05,A0502,A05020100,697191,39,음식점
옛날집참숯구이,서울특별시 마포구 어울마당로 143,126.9256927819,37.5565850122,02-3141-9608,A05,A0502,A05020100,2643003,39,음식점
옛맛서울불고기,서울특별시 중구 명동2길 57,126.9834679456,37.5610577501,02-779-3000,A05,A0502,A05020100,2642516,39,음식점
옛찻집,서울특별시 종로구 인사동길 33-1,126.9854257474,37.5735257805,02-722-5332,A05,A0502,A05020900,1063408,39,음식점
오!바바,서울특별시 종로구 서순라길 81,126.9923501045,37.5739480781,02-6083-9167,A05,A0502,A05020900,2653187,39,음식점
오거트,서울특별시 성동구 서울숲6길 20 삼일빌딩,127.0437156230,37.5473743110,,A05,A0502,A05020900,2899079,39,음식점
오계절 남원추어탕,서울특별시 서대문구 연희로 267,126.9359244928,37.5810073561,,A05,A0502,A05020100,2871430,39,음식점
오곰커피,서울특별시 영등포구 버드나루로7길 3,126.9102756890,37.5230441898,02-6674-5050,A05,A0502,A05020900,2682602,39,음식점
오구반점,서울특별시 중구 수표로 60,126.9899060914,37.5665933335,02-2267-0516,A05,A0502,A05020400,2689398,39,음식점
오근내닭갈비,서울특별시 용산구 이촌로29길 15,126.9597405834,37.5245782300,,A05,A0502,A05020100,2745550,39,음식점
오금버드나무집,서울특별시 송파구 동남로 309 버드나무식당,127.1375861138,37.5031172520,,A05,A0502,A05020100,2836682,39,음식점
오늘손칼국수&찜 강동본점,서울특별시 강동구 풍성로 206,127.1346023120,37.5291391774,,A05,A0502,A05020100,2838314,39,음식점
오늘식탁,서울특별시 강서구 공항대로 247 (마곡동),126.8352537286,37.5593664069,,A05,A0502,A05020100,3444476,39,음식점
오다리집,서울특별시 중구 명동8나길 28 (충무로1가),126.9834734887,37.5614854780,02-778-6767,A05,A0502,A05020100,1489369,39,음식점
오뜨로,서울특별시 성동구 뚝섬로1길 31 서울숲  M타워,127.0464737969,37.5441441805,,A05,A0502,A05020200,2894823,39,음식점
오라이등심,서울특별시 종로구 종로32길 23-5,127.0014243828,37.5702375610,02-2279-8449,A05,A0502,A05020100,403027,39,음식점
오레노라멘 본점,서울특별시 마포구 독막로6길 14,126.9173521314,37.5475303597,,A05,A0502,A05020300,2848972,39,음식점
오레노카츠 성수본점,서울특별시 성동구 성수일로 47 송도빌딩,127.0496540439,37.5448052718,,A05,A0502,A05020300,2894841,39,음식점
오로라베이커리카페 성수점,서울특별시 성동구 아차산로 126 더리브 세종타워,127.0580699799,37.5435527909,,A05,A0502,A05020900,2900791,39,음식점
오롯이,서울특별시 성북구 보문로34길 87 (동선동3가),127.0201915130,37.5915187584,,A05,A0502,A05020300,3449734,39,음식점
오만지아,서울특별시 용산구 유엔빌리지길 14,127.0098635282,37.5340335862,,A05,A0502,A05020200,2758130,39,음식점
오모리찌개 잠실본점,서울특별시 송파구 송파대로 471,127.1040779097,37.5080938480,,A05,A0502,A05020100,2839458,39,음식점
오미가,서울특별시 강남구 논현로 833 (신사동),127.0278760935,37.5228685396,,A05,A0502,A05020100,2869490,39,음식점
오박사네왕돈까스 본점,서울특별시 성북구 혜화로 80,126.9989961906,37.5926488015,,A05,A0502,A05020200,2839212,39,음식점
오발탄 송파,서울특별시 송파구 위례성대로 206,127.1334446541,37.5090887063,02-404-0090,A05,A0502,A05020100,2689399,39,음식점
오버도즈도넛앤커피,서울특별시 성동구 왕십리로10길 19,127.0466514858,37.5466994421,,A05,A0502,A05020900,2894874,39,음식점
오버스토리,서울특별시 성북구 선잠로2다길 13-13,126.9996348473,37.5987786564,,A05,A0502,A05020900,2839237,39,음식점
오복함흥냉면,서울특별시 용산구 한강대로84길 4,126.9728888500,37.5435373741,,A05,A0502,A05020100,2856484,39,음식점
오선채,서울특별시 서초구 남부순환로 2634-8,127.0387178528,37.4847037214,,A05,A0502,A05020100,2757830,39,음식점
오설록 티하우스 북촌점,서울특별시 종로구 북촌로 45 (가회동),126.9845867215,37.5810665560,,A05,A0502,A05020900,3446417,39,음식점
오소리순대,서울특별시 동대문구 회기로4길 16,127.0371538836,37.5905469540,,A05,A0502,A05020100,403975,39,음식점
오스테리아 오르조,서울특별시 용산구 한남대로20길 47,127.0094940918,37.5349556946,,A05,A0502,A05020200,2849540,39,음식점
오스테리아 파로,서울특별시 성동구 서울숲6길 20 삼일빌딩,127.0437156230,37.5473743110,,A05,A0502,A05020200,2894899,39,음식점
오아시스 청담점,서울특별시 강남구 도산대로55길 20,127.0406193214,37.5248296518,,A05,A0502,A05020200,2845788,39,음식점
오양회참치,서울특별시 중구 세종대로21길 49 (태평로1가),126.9756156641,37.5688094861,02-736-1001,A05,A0502,A05020300,1966366,39,음식점
오엔(ON),서울특별시 강남구 압구정로11길 37-30,127.0176130028,37.5276677975,02-3442-1582,A05,A0502,A05020200,1541078,39,음식점
오우가,서울특별시 중구 명동8가길 42,126.9872286877,37.5619882646,02-753-7533,A05,A0502,A05020100,835909,39,음식점
오우가,서울특별시 중구 명동8가길 42,126.9874120111,37.5617466296,02-753-7533,A05,A0502,A05020100,2659650,39,음식점
오츠커피 용산점,서울특별시 용산구 원효로89길 13-12,126.9677782911,37.5404681946,,A05,A0502,A05020900,2855577,39,음식점
오코노미,서울특별시 은평구 연서로29길 7,126.9194249302,37.6187332295,02-355-0426,A05,A0502,A05020300,2685265,39,음식점
오프트,서울특별시 성동구 왕십리로10길 20,127.0466903757,37.5465327960,,A05,A0502,A05020100,2894921,39,음식점
오향가가락본점,서울특별시 송파구 송이로 106,127.1214044311,37.4968204688,,A05,A0502,A05020400,2758166,39,음식점
오향족발,서울특별시 마포구 만리재로 19 공덕시장,126.9533433790,37.5445785695,02-715-7719,A05,A0502,A05020100,737570,39,음식점
오후정 대학로,서울특별시 종로구 대학로8길 25,127.0037460876,37.5810280148,02-741-1747,A05,A0502,A05020300,2685567,39,음식점
옥경이네 건생선,서울특별시 중구 퇴계로85길 7 (황학동),127.0195506248,37.5661550275,,A05,A0502,A05020100,3094724,39,음식점
옥돌현옥,서울특별시 송파구 오금로36길 26-1,127.1240873857,37.5015810755,,A05,A0502,A05020100,2849615,39,음식점
옥동식,서울특별시 마포구 양화로7길 44-10 3차신도빌라,126.9145411304,37.5527185954,,A05,A0502,A05020100,2871220,39,음식점
옥류헌릴렉스,서울특별시 강북구 삼양로181길 142 옥류정,127.0079348542,37.6695789043,,A05,A0502,A05020900,2838291,39,음식점
옥소반 마곡본점,서울특별시 강서구 마곡중앙6로 45 리더스퀘어마곡,126.8327344769,37.5606856530,,A05,A0502,A05020300,2849356,39,음식점
옥수해물찜칼국수,서울특별시 성동구 독서당로40길 37 옥수 어울림,127.0175931557,37.5419550266,,A05,A0502,A05020100,2845133,39,음식점
옥정,서울특별시 종로구 인사동12길 18,126.9850951832,37.5749006150,02-733-5412,A05,A0502,A05020100,2653293,39,음식점
옥천매운족발,서울특별시 종로구 종로51나길 23,127.0116039256,37.5732346178,02-3672-7168,A05,A0502,A05020100,2685316,39,음식점
온달떡볶이 당산1호점,서울특별시 영등포구 국회대로37길 17,126.9001903407,37.5285878096,02-2676-9990,A05,A0502,A05020100,2682878,39,음식점
온량,서울특별시 성동구 서울숲4길 26-10,127.0434517687,37.5469937952,,A05,A0502,A05020200,2894934,39,음식점
온마을,서울특별시 종로구 삼청로 127,126.9815507265,37.5867297317,02-738-4231,A05,A0502,A05020100,402998,39,음식점
온정돈까스,서울특별시 관악구 조원로 60,126.9091185703,37.4836098612,,A05,A0502,A05020300,2756571,39,음식점
온정텐동,서울특별시 마포구 양화로23길 10-10,126.9257871395,37.5593569138,,A05,A0502,A05020300,2814649,39,음식점
온천집 익선,서울특별시 종로구 돈화문로11나길 31-8,126.9898308866,37.5740591309,,A05,A0502,A05020100,2902549,39,음식점
올드델리,서울특별시 노원구 노해로85길 14,127.0652772300,37.6561231699,02-935-6689,A05,A0502,A05020200,2689400,39,음식점
올드페리도넛,서울특별시 용산구 한남대로27길 66,127.0030139930,37.5396522545,,A05,A0502,A05020900,2849564,39,음식점
올라6 파크센터,서울특별시 영등포구 여의대로 8,126.9184499876,37.5215056258,02-2070-7220,A05,A0502,A05020100,2689401,39,음식점
올로지,서울특별시 중구 퇴계로87길 3-8 (황학동),127.0209088337,37.5661717171,,A05,A0502,A05020900,3329779,39,음식점
옳음,서울특별시 강남구 선릉로152길 37 (청담동),127.0426969134,37.5247074809,,A05,A0502,A05020100,2867786,39,음식점
옷살,서울특별시 관악구 관악로 164,126.9531063359,37.4799221870,02-882-6527,A05,A0502,A05020100,2689402,39,음식점
옹근달,서울특별시 성동구 성수이로7길 41-1 세진섬유,127.0530149062,37.5427861223,,A05,A0502,A05020900,2900881,39,음식점
와가리피순대,서울특별시 동대문구 왕산로9길 22,127.0278356396,37.5781676699,,A05,A0502,A05020100,2807930,39,음식점
와이키키마켓,서울특별시 마포구 마포나루길 332,126.8886655357,37.5589618514,,A05,A0502,A05020700,2763515,39,음식점
완산정,서울특별시 관악구 봉천로 484,126.9536340144,37.4817386514,02-878-3400,A05,A0502,A05020100,2689403,39,음식점
완차이,서울특별시 서대문구 명물길 50-7,126.9393525884,37.5587127872,02-392-0302,A05,A0502,A05020400,134708,39,음식점
왕대박지지미촌,서울특별시 중구 퇴계로 62-1,126.9791822823,37.5590412408,02-752-3337,A05,A0502,A05020100,2689405,39,음식점
왕돈까스&왕냉면,서울특별시 관악구 남부순환로 1377,126.9038663674,37.4801990528,02-862-6238,A05,A0502,A05020100,1889832,39,음식점
왕돈까스왕냉면,서울특별시 영등포구 도신로65길 1,126.9173419997,37.5128205035,02-882-9292,A05,A0502,A05020100,2682776,39,음식점
왕비집,서울특별시 중구 명동8가길 26,126.9864259937,37.5616160717,02-3789-1945,A05,A0502,A05020100,1511411,39,음식점
왕스덕 논현점,서울특별시 강남구 도산대로 130,127.0229905859,37.5172413270,,A05,A0502,A05020400,2869506,39,음식점
왕의장어,서울특별시 강북구 삼양로181길 141-5 우이산장,127.0075515589,37.6694983512,,A05,A0502,A05020100,2840195,39,음식점
외고집설렁탕,서울특별시 강남구 삼성로 555,127.0539351659,37.5110703781,,A05,A0502,A05020100,2782173,39,음식점
외래향 서울대점,서울특별시 관악구 남부순환로 1801,126.9503954163,37.4818746892,,A05,A0502,A05020400,2850243,39,음식점
외양간,서울특별시 마포구 성미산로 13,126.9096108626,37.5584511741,02-334-7942,A05,A0502,A05020100,1932502,39,음식점
요리하는남자,서울특별시 송파구 백제고분로7길 27 (잠실동),127.0818826264,37.5109347850,02-419-1511,A05,A0502,A05020200,1990007,39,음식점
용궁횟집,서울특별시 동작구 노들로 674,126.9355902885,37.5145456302,02-2254-7942,A05,A0502,A05020100,2384192,39,음식점
용금옥,서울특별시 중구 다동길 24-2,126.9805263585,37.5677235893,02-777-1689,A05,A0502,A05020100,132820,39,음식점
용두동복집,서울특별시 동대문구 왕산로16길 9,127.0313520049,37.5775122536,,A05,A0502,A05020100,2842887,39,음식점
용두동쭈꾸미,서울특별시 동대문구 무학로36길 10,127.0310964799,37.5772567231,02-925-3127,A05,A0502,A05020100,2689410,39,음식점
용두동쭈꾸미 본점,서울특별시 동대문구 무학로36길 10,127.0310964799,37.5772567231,,A05,A0502,A05020100,2763804,39,음식점
용마해장국,서울특별시 중랑구 용마공원로5길 8,127.1015479043,37.5945004330,,A05,A0502,A05020100,2836182,39,음식점
용호야채곱창,서울특별시 용산구 원효로71길 70,126.9613483719,37.5386932855,,A05,A0502,A05020100,2867135,39,음식점
우가,서울특별시 강남구 도산대로49길 22 앤드트리,127.0373779620,37.5244185303,,A05,A0502,A05020100,2869530,39,음식점
우가육회불고기,서울특별시 종로구 종로 198-2,126.9997023089,37.5705374953,02-2286-6656,A05,A0502,A05020100,2642927,39,음식점
우뇽뚝배기스파게티,서울특별시 동작구 서달로10길 10,126.9616742544,37.5063664910,02-816-6338,A05,A0502,A05020200,2689412,39,음식점
우돈청,서울특별시 강남구 언주로170길 37,127.0367585099,37.5266654805,,A05,A0502,A05020100,2867799,39,음식점
우동 카덴,서울특별시 마포구 양화로7안길 2-1,126.9150827752,37.5517381638,,A05,A0502,A05020300,2871243,39,음식점
우드멜로우,서울특별시 강동구 아리수로 243,127.1551133661,37.5631272673,,A05,A0502,A05020900,2834700,39,음식점
우래옥,서울특별시 중구 창경궁로 62-29,126.9986941331,37.5682210801,02-2265-0151~2,A05,A0502,A05020100,133339,39,음식점
우리강산,서울특별시 송파구 위례성대로12길 6 (방이동),127.1225149753,37.5132213625,02-415-7131,A05,A0502,A05020100,403386,39,음식점
우리밀국시,서울특별시 성북구 혜화로 84-2 (성북동),126.9984629029,37.5927515574,02-745-3764,A05,A0502,A05020100,2496495,39,음식점
우리바다수산,서울특별시 마포구 월드컵로 102,126.9089081657,37.5578290117,,A05,A0502,A05020300,2853793,39,음식점
우리설렁탕,서울특별시 관악구 신림로 190,126.9362885723,37.4745947265,,A05,A0502,A05020100,2834420,39,음식점
우리집떡볶이,서울특별시 중구 다산로 217-1 (신당동),127.0149455863,37.5627109012,02-2232-4531,A05,A0502,A05020100,697400,39,음식점
우리회포차,서울특별시 영등포구 국회대로34길 8-2,126.8973767598,37.5267768591,02-2672-0890,A05,A0502,A05020100,2685394,39,음식점
우마이도 건대,서울특별시 광진구 능동로 135-2,127.0717298599,37.5430947567,02-467-8788,A05,A0502,A05020300,2689415,39,음식점
우묵배미,서울특별시 관악구 남부순환로 1540,126.9217674393,37.4828740610,02-854-8852,A05,A0502,A05020100,407703,39,음식점
우물집 창신점,서울특별시 종로구 창신길 200,127.0099344500,37.5797143899,,A05,A0502,A05020100,2999911,39,음식점
우미옥,서울특별시 중구 명동10길 19-21,126.9857926682,37.5633714113,02-774-6226,A05,A0502,A05020100,2653695,39,음식점
우성갈비,서울특별시 중구 동호로7길 13,127.0111573126,37.5531758296,02-2231-6722,A05,A0502,A05020100,404009,39,음식점
우성식당,서울특별시 광진구 자양번영로 60-1,127.0764296650,37.5348902384,,A05,A0502,A05020100,2535439,39,음식점
우앤,서울특별시 강남구 언주로151길 4-1,127.0328728710,37.5224936728,,A05,A0502,A05020100,2867816,39,음식점
우오보 파스타 바,서울특별시 성동구 광나루로4길 1-16,127.0546006785,37.5496298001,,A05,A0502,A05020200,2900898,39,음식점
우이산장 키토산 오리집,서울특별시 강북구 삼양로181길 141-5,127.0077154291,37.6695927877,,A05,A0502,A05020100,2755472,39,음식점
우정,서울특별시 중구 퇴계로76길 55,127.0149678028,37.5628414413,02-2233-0669,A05,A0502,A05020100,697423,39,음식점
우정낙지,서울특별시 노원구 동일로217가길 23,127.0591056498,37.6533317165,02-3392-3344,A05,A0502,A05020100,403226,39,음식점
우정양곱창,서울특별시 강남구 도산대로30길 23 (논현동),127.0301232352,37.5184885330,,A05,A0502,A05020100,2869550,39,음식점
우주제빵소,서울특별시 강서구 양천로47나길 7 (마곡동),126.8383808779,37.5715622666,,A05,A0502,A05020900,2834555,39,음식점
우진가 더 챔버스 역삼점,서울특별시 강남구 테헤란로27길 28,127.0375924290,37.5032987644,,A05,A0502,A05020100,2869584,39,음식점
우참판,서울특별시 서초구 서래로 23,126.9981128632,37.4971571026,,A05,A0502,A05020100,2745526,39,음식점
우천식육식당 청담본점,서울특별시 강남구 도산대로94길 20,127.0516377903,37.5238660728,,A05,A0502,A05020100,2867828,39,음식점
우첼로 더케이호텔서울,서울특별시 서초구 바우뫼로12길 70,127.0328439062,37.4663335262,02-526-9556,A05,A0502,A05020200,2670794,39,음식점
우텐더,서울특별시 강남구 압구정로42길 25-10,127.0358085855,37.5270487520,,A05,A0502,A05020100,2867691,39,음식점
운산,서울특별시 영등포구 여의공원로 101 (여의도동),126.9248991792,37.5293492744,02-780-6333,A05,A0502,A05020100,836855,39,음식점
울프강 스테이크하우스,서울특별시 강남구 선릉로152길 21,127.0414775860,37.5244991499,02-556-8700,A05,A0502,A05020200,2014139,39,음식점
웅파이 망원점,서울특별시 마포구 망원로2길 62 (망원동),126.9025199595,37.5542931975,,A05,A0502,A05020100,3492038,39,음식점
워킹온더클라우드,서울특별시 영등포구 63로 50,126.9399230821,37.5196951091,02-789-5904,A05,A0502,A05020200,135153,39,음식점
웍셔너리,서울특별시 강남구 도산대로53길 12 (신사동),127.0385223157,37.5239352737,,A05,A0502,A05020400,2869612,39,음식점
원강,서울특별시 강남구 학동로6길 16 (논현동),127.0240601160,37.5107782083,,A05,A0502,A05020100,2869626,39,음식점
원곱창,서울특별시 종로구 사직로 105,126.9705936862,37.5763474085,02-722-2934,A05,A0502,A05020100,2663359,39,음식점
원기옥,서울특별시 성동구 아차산로17길 48 성수 SK V1 CENTER I,127.0659052952,37.5464470402,,A05,A0502,A05020100,2900906,39,음식점
원당감자탕 명동,서울특별시 중구 명동9길 13,126.9848093936,37.5644629335,02-776-7612,A05,A0502,A05020100,2660892,39,음식점
원대구탕,서울특별시 용산구 한강대로62가길 8,126.9742361980,37.5347300879,02-797-4488,A05,A0502,A05020100,704434,39,음식점
원두막,서울특별시 양천구 신목로 56,126.8729680663,37.5199077770,,A05,A0502,A05020100,2850949,39,음식점
원양참치 영등포구청,서울특별시 영등포구 당산로32길 5,126.8974962004,37.5265296673,02-2671-0033,A05,A0502,A05020100,2685362,39,음식점
원조 수구레,"서울특별시 강서구 공항대로 103 (마곡동, 마곡 엠밸리 9단지)",126.8189551756,37.5607881730,,A05,A0502,A05020100,2849388,39,음식점
원조 조박집 본관,서울특별시 마포구 토정로37길 3,126.9443804404,37.5398650677,,A05,A0502,A05020100,2842903,39,음식점
원조남산왕돈까스,서울특별시 중구 소파로 107,126.9861344717,37.5574359963,,A05,A0502,A05020300,2739480,39,음식점
원조남산왕돈까스 명동,서울특별시 중구 명동7길 21,126.9838928014,37.5647906569,02-319-0120,A05,A0502,A05020100,2643028,39,음식점
원조닭한마리,서울특별시 강남구 논현로10길 13,127.0496421470,37.4745078786,,A05,A0502,A05020100,2869649,39,음식점
원조양평해장국,서울특별시 은평구 연서로 203,126.9187278205,37.6169917528,,A05,A0502,A05020100,2846621,39,음식점
원조할머니두부집,서울특별시 종로구 진흥로 439,126.9575828590,37.6081740305,02-379-6276,A05,A0502,A05020100,133260,39,음식점
원조할아버지손두부,서울특별시 광진구 자양로 324 약수목욕탕,127.0941552814,37.5541605420,,A05,A0502,A05020100,2838474,39,음식점
원조호수삼계탕,서울특별시 영등포구 도림로 274-1,126.9044879000,37.5027075598,02-848-2440,A05,A0502,A05020100,2689418,39,음식점
원조홍어 본점,서울특별시 영등포구 신길로 200-22 (신길동),126.9117481231,37.5107511998,02-841-2445,A05,A0502,A05020100,738667,39,음식점
월래순교자관,서울특별시 구로구 디지털로19길 13 (가리봉동),126.8898287532,37.4803265650,,A05,A0502,A05020400,2834475,39,음식점
월순철판동태찜,서울특별시 서대문구 연희맛로 17-14,126.9290643955,37.5672810516,,A05,A0502,A05020100,2843010,39,음식점
웰빙수제비,서울특별시 종로구 종로 123,126.9913058472,37.5707178791,02-747-2436,A05,A0502,A05020100,2685207,39,음식점
위대한밥상 영광,서울특별시 서초구 사평대로56길 7,127.0235020482,37.5032040779,"02-532-4826, 02-3482-6622",A05,A0502,A05020100,134807,39,음식점
유가츠,서울특별시 성동구 서울숲4길 12-7 스타힐스,127.0422490916,37.5473242904,,A05,A0502,A05020300,2901720,39,음식점
유니네맛집,서울특별시 영등포구 양산로 159,126.9007515426,37.5235550714,02-2633-7272,A05,A0502,A05020100,2682948,39,음식점
유닭스토리 닭한마리 신촌점,서울특별시 서대문구 연세로4길 7,126.9374111432,37.5571379355,02-6012-9563,A05,A0502,A05020100,2365676,39,음식점
유래회관,서울특별시 성동구 마장로 196,127.0315495219,37.5664913161,02-2293-8866,A05,A0502,A05020100,2689420,39,음식점
유림,서울특별시 강서구 공항대로71길 5,126.8717368358,37.5478795046,,A05,A0502,A05020100,2835842,39,음식점
유미식당 본점,서울특별시 강남구 논현로94길 27 (역삼동),127.0384840214,37.5030626967,,A05,A0502,A05020100,2869671,39,음식점
유빈왕돈까스,서울특별시 중구 충무로 46,126.9930086259,37.5651824416,02-305-1255,A05,A0502,A05020100,2653732,39,음식점
유스커피,서울특별시 영등포구 당산로30길 7,126.8976267673,37.5256797686,070-8807-5999,A05,A0502,A05020900,2682883,39,음식점
유아히어카페 명동,서울특별시 중구 명동9길 23,126.9845177399,37.5649517610,02-771-2288,A05,A0502,A05020900,2642966,39,음식점
유어네이키드치즈,서울특별시 성동구 왕십리로10길 6 서울숲비즈포레,127.0453238283,37.5467355255,,A05,A0502,A05020200,2894951,39,음식점
유일설렁탕,서울특별시 광진구 용마산로 154,127.0865389306,37.5674533052,02-452-5860,A05,A0502,A05020100,2689421,39,음식점
유정식당,서울특별시 강남구 도산대로28길 14,127.0280817557,37.5184190599,,A05,A0502,A05020100,2940059,39,음식점
유즈라멘,서울특별시 중구 만리재로 217 경김회관,126.9682222291,37.5569496205,,A05,A0502,A05020300,2914090,39,음식점
유즈풀 아뜰리에,서울특별시 성동구 서울숲2길 18-8,127.0404825933,37.5470548451,,A05,A0502,A05020900,2894964,39,음식점
유진막국수,서울특별시 용산구 장문로 18,126.9923708355,37.5284339228,02-797-2307,A05,A0502,A05020100,132832,39,음식점
유진식당,서울특별시 종로구 종로17길 40,126.9883644089,37.5721009988,02-764-2835,A05,A0502,A05020100,2689423,39,음식점
유천냉면 본점,서울특별시 송파구 강동대로3길 22 유천칡냉면,127.1155929472,37.5285583463,,A05,A0502,A05020100,2840014,39,음식점
유타로,서울특별시 강동구 올림픽로70길 56-6,127.1266499812,37.5388684596,02-478-6999,A05,A0502,A05020300,2689429,39,음식점
유타로 가락,서울특별시 송파구 송파대로28길 24,127.1205823541,37.4943457412,0507-1410-4351,A05,A0502,A05020300,2689431,39,음식점
육대쌈 암사점,서울특별시 강동구 고덕로 104 오성빌딩,127.1368180536,37.5545418231,,A05,A0502,A05020100,2839635,39,음식점
육병장,서울특별시 송파구 백제고분로7길 28,127.0819631814,37.5106959257,02-420-7155,A05,A0502,A05020100,2689437,39,음식점
육영토종한우 본점,서울특별시 영등포구 당산로 160,126.8981433013,37.5287238688,,A05,A0502,A05020100,2855190,39,음식점
육전식당 1호점,서울특별시 동대문구 난계로30길 16,127.0243332905,37.5743374963,,A05,A0502,A05020100,2778426,39,음식점
윤공,서울특별시 동작구 동작대로7길 49,126.9796039575,37.4786978034,,A05,A0502,A05020700,2807637,39,음식점
윤슬숯불구이 명동본점,서울특별시 중구 명동10길 19-3 (명동2가),126.9856315789,37.5631214381,,A05,A0502,A05020100,3493146,39,음식점
윤화돈까스,서울특별시 강남구 도곡로 221,127.0430755419,37.4934500064,,A05,A0502,A05020300,2751881,39,음식점
으뜸청담맛집,서울특별시 강남구 선릉로132길 15,127.0424721139,37.5183776562,02-574-5372,A05,A0502,A05020100,2670512,39,음식점
으뜸횟집,서울특별시 강동구 양재대로122가길 39,127.1429039138,37.5439237215,,A05,A0502,A05020300,2753157,39,음식점
은성회집,서울특별시 종로구 창경궁로 88,126.9997217621,37.5701653166,02-2267-6813,A05,A0502,A05020100,2689438,39,음식점
은애마당,서울특별시 영등포구 도신로53길 11,126.9148755763,37.5121649809,02-846-3787,A05,A0502,A05020100,2682771,39,음식점
은앤정명동닭갈비,서울특별시 중구 명동7길 19,126.9842455490,37.5647156718,02-778-1988,A05,A0502,A05020100,2642538,39,음식점
은주정,서울특별시 중구 창경궁로8길 32,126.9997829081,37.5687377054,02-2265-4669,A05,A0502,A05020100,1885495,39,음식점
은하곱창,서울특별시 동대문구 전농로15길 22 북동점포,127.0563302684,37.5780931912,,A05,A0502,A05020100,2834984,39,음식점
은호식당,서울특별시 중구 남대문시장4길 28-4 (남창동),126.9770658093,37.5590245383,02-753-3263,A05,A0502,A05020100,1964978,39,음식점
을밀대평양냉면,서울특별시 마포구 숭문길 24,126.9455356738,37.5475419742,02-717-1922,A05,A0502,A05020100,2685266,39,음식점
을지다방,서울특별시 중구 을지로 124-1 (을지로3가),126.9916864949,37.5662322965,,A05,A0502,A05020900,2718865,39,음식점
을지로 원형들,서울특별시 중구 창경궁로1길 38,126.9963583950,37.5625716946,,A05,A0502,A05020900,2804500,39,음식점
응순가재골수제비,서울특별시 노원구 동일로242길 100,127.0606632374,37.6744820621,,A05,A0502,A05020100,2834768,39,음식점
응암동돈까스,서울특별시 은평구 응암로 338,126.9226334650,37.6012658742,02-352-2414,A05,A0502,A05020100,2689441,39,음식점
이가네가마솥설렁탕,서울특별시 은평구 진흥로 130,126.9246719898,37.6075624002,,A05,A0502,A05020100,2846643,39,음식점
이가면옥,서울특별시 종로구 자하문로1길 33,126.9704103643,37.5765334947,02-3210-3337,A05,A0502,A05020100,2653374,39,음식점
이가바지락칼국수,서울특별시 강서구 양천로 460,126.8517243563,37.5626413196,02-3661-2077,A05,A0502,A05020100,2689443,39,음식점
이강순실비집,서울특별시 종로구 청계천로 77-1,126.9862424797,37.5685874805,02-737-7880,A05,A0502,A05020100,723976,39,음식점
이공김밥 안암본점,서울특별시 성북구 안암로 61-6,127.0284799036,37.5824505171,,A05,A0502,A05020100,2839255,39,음식점
이끼롤까스 가로수길본점,서울특별시 강남구 강남대로152길 64 (신사동),127.0244737406,37.5188050613,02-514-3347,A05,A0502,A05020300,1610244,39,음식점
이닝,서울특별시 강남구 도산대로58길 14,127.0412776644,37.5223993903,02-547-7444,A05,A0502,A05020400,1516322,39,음식점
이대포사골부대찌개,서울특별시 마포구 와우산로29라길 12,126.9270454722,37.5553407365,02-322-6502,A05,A0502,A05020100,2670612,39,음식점
이도림 블로트커피,서울특별시 종로구 자하문로 43 (통인동),126.9710963149,37.5799858831,,A05,A0502,A05020900,3396961,39,음식점
이랑칼국수,서울특별시 성동구 성수이로7길 7 서울숲 한라시그마밸리Ⅱ,127.0544759673,37.5398614883,,A05,A0502,A05020100,2899091,39,음식점
이모네순대국,서울특별시 성동구 장터5길 4,127.0214037292,37.5486820911,,A05,A0502,A05020100,2939002,39,음식점
이모집,서울특별시 종로구 인사동14길 5-3,126.9843202508,37.5750061441,02-720-4688,A05,A0502,A05020100,133862,39,음식점
이문설농탕,서울특별시 종로구 우정국로 38-13 (견지동),126.9839120167,37.5728147250,02-733-6526,A05,A0502,A05020100,403093,39,음식점
이봉,서울특별시 강남구 테헤란로98길 28 (대치동),127.0628233732,37.5065932798,,A05,A0502,A05020100,2869692,39,음식점
이북만두,서울특별시 중구 무교로 17-13 (무교동),126.9785598824,37.5673041577,02-776-7361,A05,A0502,A05020100,750982,39,음식점
이설함흥냉면,서울특별시 강북구 4.19로 42,127.0096769940,37.6473898499,,A05,A0502,A05020100,2840206,39,음식점
이성원쉐프의 청년감자탕 본점,서울특별시 송파구 오금로19길 5 아넥스골프클럽,127.1131770128,37.5105103983,,A05,A0502,A05020100,2873159,39,음식점
이솔라 레스토랑,서울특별시 서초구 올림픽대로 2085-14,126.9965764639,37.5123025381,,A05,A0502,A05020200,2856707,39,음식점
이수족발,서울특별시 서초구 방배천로4길 42,126.9846868621,37.4775063659,02-534-0303,A05,A0502,A05020100,2689444,39,음식점
이얼싼,서울특별시 은평구 진관2로 19 (진관동),126.9195994559,37.6349063512,,A05,A0502,A05020400,3444371,39,음식점
이엔갤러리,서울특별시 종로구 평창길 224,126.9707981775,37.6132320126,,A05,A0502,A05020900,2902586,39,음식점
이오로비스트로,서울특별시 성동구 연무장5길 18 에이치디앤텍빌딩,127.0532092807,37.5446359108,,A05,A0502,A05020700,2899108,39,음식점
이요이요스시 공덕1호점,서울특별시 마포구 마포대로 167 래미안 공덕5차,126.9537348706,37.5495113367,,A05,A0502,A05020300,2900376,39,음식점
이이요,서울특별시 광진구 능동로32길 6,127.0789316373,37.5552462527,,A05,A0502,A05020300,2838491,39,음식점
이조,서울특별시 종로구 인사동3길 8,126.9862729343,37.5720426347,02-730-7610,A05,A0502,A05020100,2685247,39,음식점
이조면옥,서울특별시 강서구 양천로 353,126.8423306037,37.5685154694,02-3661-3457,A05,A0502,A05020100,2689446,39,음식점
이조칼국수,서울특별시 중구 청파로103길 35,126.9682499845,37.5576467622,,A05,A0502,A05020100,2823374,39,음식점
이채,서울특별시 종로구 북촌로 20-21,126.9858811161,37.5786501933,070-4259-0033,A05,A0502,A05020900,2544611,39,음식점
이촌동면옥,서울특별시 용산구 이촌로54길 17,126.9675899794,37.5206399391,,A05,A0502,A05020100,2837921,39,음식점
이치에,서울특별시 강남구 선릉로155길 23-3 (신사동),127.0377001262,37.5254295296,,A05,A0502,A05020300,2869719,39,음식점
이태리문 대학로,"서울특별시 종로구 대학로12길 21, 2층",127.0031877553,37.5827833573,02-741-5353,A05,A0502,A05020200,2653383,39,음식점
이태리차차,서울특별시 성동구 연무장길 14-5,127.0510595069,37.5435554423,,A05,A0502,A05020200,2894035,39,음식점
이포크,서울특별시 동대문구 전농동,127.0519165978,37.5845534722,,A05,A0502,A05020900,2871390,39,음식점
이한스시,서울특별시 영등포구 선유로22길 3 (양평동1가),126.8903692083,37.5216578842,,A05,A0502,A05020300,2836246,39,음식점
이화감자국,서울특별시 은평구 응암로 174-1 (응암동),126.9169232640,37.5874979282,02-307-4723,A05,A0502,A05020100,712633,39,음식점
이화만두,서울특별시 광진구 능동로 278-1,127.0784733590,37.5547629672,,A05,A0502,A05020100,2875239,39,음식점
익선동 그집,서울특별시 종로구 삼일대로30길 34-4,126.9894586978,37.5740757888,02-747-4200,A05,A0502,A05020100,2375858,39,음식점
인더매스 마장,서울특별시 성동구 마장로 270 경동창고,127.0398293477,37.5656360083,,A05,A0502,A05020900,2835352,39,음식점
인더베이글,서울특별시 동대문구 회기로13길 19,127.0508914692,37.5923581018,,A05,A0502,A05020100,2819962,39,음식점
인량훠궈,서울특별시 강남구 강남대로140길 9 (논현동),127.0212269478,37.5140499999,,A05,A0502,A05020400,2869761,39,음식점
인사동 옥정,서울특별시 종로구 인사동12길 18 (관훈동),126.9850812965,37.5748645075,02-733-5412,A05,A0502,A05020100,562471,39,음식점
인사동 촌,서울특별시 종로구 인사동14길 19,126.9851146234,37.5749839387,02-720-4888,A05,A0502,A05020100,1394252,39,음식점
인사동그집,서울특별시 종로구 인사동12길 3 (관훈동),126.9846619008,37.5744923210,02-737-0575,A05,A0502,A05020100,1063396,39,음식점
인사동마늘보쌈,서울특별시 종로구 인사동8길 12-5,126.9861756645,37.5740479558,02-735-7885,A05,A0502,A05020100,2653736,39,음식점
인사동사과나무,서울특별시 종로구 인사동14길 24-1,126.9855201409,37.5750228302,02-722-5051,A05,A0502,A05020200,2689453,39,음식점
인사동찻집,서울특별시 종로구 인사동길 33-1 (관훈동),126.9854729627,37.5736202148,02-723-4909,A05,A0502,A05020900,1063403,39,음식점
인사동큰집,서울특별시 종로구 인사동6길 7 (관훈동),126.9863784386,37.5735202428,02-734-3234,A05,A0502,A05020100,1847601,39,음식점
인생한우,서울특별시 성동구 마장로31길 43,127.0382154759,37.5701993380,,A05,A0502,A05020100,2845150,39,음식점
인왕산 대충유원지,서울특별시 종로구 필운대로 46,126.9688354055,37.5801469354,,A05,A0502,A05020900,2848032,39,음식점
인왕산 더숲 초소책방,서울특별시 종로구 인왕산로 172,126.9642912092,37.5860072833,,A05,A0502,A05020900,2783334,39,음식점
인천집,서울특별시 중구 다동길 36,126.9812818412,37.5678596976,,A05,A0502,A05020100,2788822,39,음식점
인터랙트 with 글루텐프리,서울특별시 강남구 강남대로118길 16,127.0249073809,37.5065370495,,A05,A0502,A05020900,2988803,39,음식점
일등식당,서울특별시 마포구 방울내로 82,126.9043612796,37.5606174954,,A05,A0502,A05020100,2871262,39,음식점
일등추어탕 선릉본점,서울특별시 강남구 선릉로 555 선릉빌딩,127.0448388580,37.5080400105,,A05,A0502,A05020100,2869810,39,음식점
일미간장게장본점,서울특별시 동대문구 장한로24길 7,127.0715346417,37.5709609604,,A05,A0502,A05020100,2763710,39,음식점
일미리금계찜닭 명동,"서울특별시 중구 명동9가길 21 2,3층",126.9833345148,37.5649350746,02-3789-0220,A05,A0502,A05020100,2643043,39,음식점
일미원,서울특별시 강남구 광평로46길 5-6,127.0996706016,37.4860824348,,A05,A0502,A05020100,2869881,39,음식점
일미장어,서울특별시 용산구 후암로57길 35-15,126.9744356861,37.5522002842,,A05,A0502,A05020100,2787228,39,음식점
일방통행 국물즉석떡볶이&화덕피자,서울특별시 강동구 성내로10길 16 (성내동),127.1244477025,37.5283696389,070-8950-1019,A05,A0502,A05020100,1887505,39,음식점
일번지양대창 명동,"서울특별시 중구 명동9길 33, 2층",126.9841316541,37.5652961579,02-773-3150,A05,A0502,A05020100,2643009,39,음식점
일송칼국수,서울특별시 종로구 성균관로 44,126.9968521116,37.5866466828,02-765-0880,A05,A0502,A05020100,2653386,39,음식점
일식 신태평양,서울특별시 서초구 서초대로 307 장안빌딩,127.0151530549,37.4944604988,,A05,A0502,A05020300,2856713,39,음식점
일심정,서울특별시 성동구 성수이로 127,127.0574144047,37.5463441218,,A05,A0502,A05020100,2899120,39,음식점
일일주(日日酒),서울특별시 종로구 사직로8길 4,126.9686161422,37.5744559264,02-738-1717,A05,A0502,A05020300,2689478,39,음식점
일일향 압구정본점,서울특별시 강남구 도산대로35길 39 (신사동),127.0303536261,37.5235435055,02-545-6154,A05,A0502,A05020400,513509,39,음식점
일품가든,서울특별시 중구 서소문로 109-10,126.9732854717,37.5634878406,02-3789-7295,A05,A0502,A05020100,2670635,39,음식점
일품당프리미엄,서울특별시 종로구 새문안로5가길 7,126.9740156982,37.5727701079,02-1899-4949,A05,A0502,A05020300,2544584,39,음식점
일품당프리미엄,"서울특별시 종로구 새문안로5가길 7, 3층",126.9740629139,37.5728312129,02-1899-4949,A05,A0502,A05020300,2654165,39,음식점
일품헌 양재점,서울특별시 서초구 남부순환로 2634-27 성원빌딩,127.0391872590,37.4845343049,,A05,A0502,A05020400,2856149,39,음식점
임현숙의이화김치찌개,서울특별시 중랑구 중랑천로 186 (중화동),127.0743918525,37.6012686012,,A05,A0502,A05020100,2847943,39,음식점
입큰오리,서울특별시 영등포구 도림로 128,126.8966305672,37.4925752633,02-832-8898,A05,A0502,A05020100,2682664,39,음식점
잇쇼우,서울특별시 강남구 선릉로 524 (삼성동),127.0483691302,37.5066846760,,A05,A0502,A05020300,3080912,39,음식점
잇텐고,서울특별시 마포구 포은로 11,126.9092444896,37.5492300169,02-337-7715,A05,A0502,A05020300,2516990,39,음식점
자연석돌구이,서울특별시 강남구 언주로148길 9 (논현동),127.0353532516,37.5206939264,,A05,A0502,A05020100,2869929,39,음식점
자원대구탕,서울특별시 용산구 한강대로62가길 6,126.9740834351,37.5347023110,02-793-5900,A05,A0502,A05020100,704438,39,음식점
자인뭉티기,서울특별시 서초구 강남대로37길 24-7 (서초동),127.0321378812,37.4852229871,02-597-2158,A05,A0502,A05020100,134732,39,음식점
자코비버거,서울특별시 용산구 용산동2가 신흥로 (38),126.9874375717,37.5418600518,,A05,A0502,A05020200,2804988,39,음식점
자하손만두,서울특별시 종로구 백석동길 12,126.9660047404,37.5931175992,02-379-2648,A05,A0502,A05020100,834669,39,음식점
자하싸리집,서울특별시 종로구 진흥로 463 싸리집,126.9597854720,37.6069047733,,A05,A0502,A05020100,2902597,39,음식점
작당모의,서울특별시 마포구 동교로32길 19,126.9254343568,37.5606650891,,A05,A0502,A05020900,2864427,39,음식점
작은공간,서울특별시 강남구 남부순환로359길 31,127.0355875204,37.4868839675,,A05,A0502,A05020100,2783356,39,음식점
잘루스,서울특별시 중구 을지로44길 12 뉴금호타워,127.0063573965,37.5656576269,,A05,A0502,A05020700,2817062,39,음식점
잘빠진메밀 서촌,서울특별시 종로구 자하문로 41-1,126.9710824323,37.5798164590,070-4142-1214,A05,A0502,A05020100,2653394,39,음식점
잘빠진메밀 익선,서울특별시 종로구 율곡로8길 73,126.9915196199,37.5740980454,070-4531-1214,A05,A0502,A05020100,2653395,39,음식점
잠두봉더나인,서울특별시 마포구 마포나루길 582,126.9083502430,37.5450915936,,A05,A0502,A05020100,2761653,39,음식점
잡어향기,서울특별시 강남구 압구정로79길 73-4 (청담동),127.0531014785,37.5262408234,,A05,A0502,A05020100,2867451,39,음식점
장군갈비,서울특별시 광진구 용마산로 11,127.0881502559,37.5547575866,"02-447-3479, 02-457-3241",A05,A0502,A05020100,134039,39,음식점
장군굴보쌈,서울특별시 종로구 수표로20길 22,126.9908170242,37.5699429604,02-2274-9548,A05,A0502,A05020100,1897611,39,음식점
장금이전집,서울특별시 중구 퇴계로 147-9,126.9881147230,37.5618188556,02-771-5279,A05,A0502,A05020100,2663357,39,음식점
장꼬방김치찌개전문,서울특별시 서초구 효령로 364,127.0236969335,37.4869531905,,A05,A0502,A05020100,2757829,39,음식점
장독대김치찜김치찌개_용산점,서울특별시 용산구 한강대로23길 55 (한강로3가),126.9647566449,37.5298249324,02-2012-0422,A05,A0502,A05020100,3446973,39,음식점
장미삼계탕,"서울특별시 노원구 공릉로34길 118 (공릉동, 공릉삼익2차아파트)",127.0804822669,37.6257353109,,A05,A0502,A05020100,403084,39,음식점
장수갈비,서울특별시 중구 명동2길 54-1,126.9831485299,37.5610744089,02-775-9292,A05,A0502,A05020100,2642574,39,음식점
장수설렁탕해장국,서울특별시 송파구 백제고분로 148 호성빌딩,127.0831298883,37.5055354345,,A05,A0502,A05020100,2849256,39,음식점
장수원,서울특별시 서초구 방배중앙로 153 방배빌딩,126.9863668303,37.4929157178,,A05,A0502,A05020100,2860128,39,음식점
장수촌 풍천장어,서울특별시 종로구 삼일대로17길 8,126.9870590502,37.5693624043,02-722-3149,A05,A0502,A05020100,2629577,39,음식점
장안동 먹깨비 간장게장 해물아구찜,서울특별시 동대문구 장한로 92 화성빌딩,127.0698681866,37.5688583965,,A05,A0502,A05020100,2842680,39,음식점
장안문,서울특별시 중구 을지로3길 29,126.9813651797,37.5674097516,02-755-0673,A05,A0502,A05020100,2642931,39,음식점
장안삼계탕,서울특별시 중구 세종대로18길 8,126.9774823049,37.5637267771,02-753-5834,A05,A0502,A05020100,133856,39,음식점
장안정,서울특별시 동대문구 답십리로 291-3,127.0726483775,37.5727774361,,A05,A0502,A05020100,2842930,39,음식점
장위기사식당,서울특별시 성북구 돌곶이로 215,127.0460411650,37.6185994083,,A05,A0502,A05020100,2839266,39,음식점
장인미역 잠실본점,서울특별시 송파구 삼전로 89 영빌딩,127.0894515052,37.5065993136,,A05,A0502,A05020100,2847075,39,음식점
장충족발,서울특별시 동작구 노량진로16길 31,126.9441590176,37.5122543830,02-816-9824,A05,A0502,A05020100,2689480,39,음식점
장칼집,서울특별시 송파구 가락로6길 3,127.1026727298,37.4993670585,,A05,A0502,A05020100,2840031,39,음식점
장털보설렁탕 본점,서울특별시 송파구 중대로 288,127.1324753803,37.5061918030,,A05,A0502,A05020100,2840078,39,음식점
잼배옥,서울특별시 중구 세종대로9길 68-9,126.9737465671,37.5625574008,02-755-8106,A05,A0502,A05020100,2670591,39,음식점
쟈니덤플링,서울특별시 용산구 보광로59길 5,126.9937538872,37.5339333085,02-790-8830,A05,A0502,A05020100,2689481,39,음식점
쟝블랑제리,서울특별시 관악구 낙성대역길 8,126.9620000459,37.4772559884,,A05,A0502,A05020900,2834443,39,음식점
저스트 스테이크(Just Steak),서울특별시 강남구 언주로152길 11-7,127.0344088223,37.5231991740,,A05,A0502,A05020200,2869737,39,음식점
전골떡볶이 덕미가,서울특별시 서대문구 이화여대길 26,126.9460603293,37.5580379857,,A05,A0502,A05020100,2729172,39,음식점
전라도별장순대,서울특별시 관악구 신림로59길 14,126.9287556803,37.4832824721,02-883-6103,A05,A0502,A05020100,751222,39,음식점
전자방,서울특별시 성동구 성수일로12길 23,127.0537230167,37.5483604874,,A05,A0502,A05020400,2899134,39,음식점
전주감자탕뼈해장국,서울특별시 강서구 강서로5길 10 오션파라다이스,126.8479895298,37.5290812658,,A05,A0502,A05020100,2849403,39,음식점
전주골숯불갈비,서울특별시 종로구 돈화문로5가길 15,126.9913197125,37.5714983442,02-765-2582,A05,A0502,A05020100,2642752,39,음식점
전주식당,서울특별시 중구 남대문시장길 18-7,126.9769935708,37.5598105567,02-756-4126,A05,A0502,A05020100,747753,39,음식점
전주식당,서울특별시 종로구 수표로20길 16-17 (관수동),126.9911169998,37.5698596421,02-2267-5385,A05,A0502,A05020100,2000603,39,음식점
전주식당,서울특별시 영등포구 여의대방로61길 5-6,126.9253745674,37.5140288407,02-843-6652,A05,A0502,A05020100,2682841,39,음식점
전주유할머니비빔밥,서울특별시 중구 세종대로14길 27-2,126.9783378028,37.5629879895,02-752-9282,A05,A0502,A05020100,133857,39,음식점
전주전집,서울특별시 동작구 동작대로7길 19,126.9806538337,37.4797254798,,A05,A0502,A05020100,2843040,39,음식점
전주집,서울특별시 종로구 수표로20길 16-15,126.9909920073,37.5699901802,02-2278-3311,A05,A0502,A05020100,2642892,39,음식점
전주콩나물해장국,서울특별시 종로구 자하문로 3,126.9723657428,37.5764807580,,A05,A0502,A05020100,2932888,39,음식점
전주회관,서울특별시 중구 세종대로14길 32-1 (북창동),126.9785461247,37.5627213568,02-778-6689,A05,A0502,A05020100,820648,39,음식점
전통다원,서울특별시 종로구 인사동10길 11-4,126.9857145803,37.5745839959,02-730-6305,A05,A0502,A05020900,1945693,39,음식점
정감어린,서울특별시 용산구 후암로 4,126.9786937995,37.5462399412,02-754-4389,A05,A0502,A05020100,764064,39,음식점
정광수의돈까스가게,서울특별시 마포구 포은로 128 (망원동),126.9041169221,37.5583372002,,A05,A0502,A05020300,2853784,39,음식점
정담은보쌈,서울특별시 관악구 남부순환로 1661 (봉천동),126.9353605828,37.4851212652,,A05,A0502,A05020100,2741583,39,음식점
정대포,서울특별시 마포구 도화길 52,126.9511492065,37.5420343814,,A05,A0502,A05020100,2789159,39,음식점
정돈 대학로본점,서울특별시 종로구 대학로9길 12,127.0011129703,37.5818667590,,A05,A0502,A05020300,2847996,39,음식점
정목누룽지백숙,서울특별시 송파구 위례성대로12길 11,127.1225872076,37.5126380986,,A05,A0502,A05020100,2847089,39,음식점
정선곤드레쌈밥,서울특별시 종로구 인사동12길 11,126.9850118642,37.5746589747,,A05,A0502,A05020100,2950521,39,음식점
정성본샤브수끼칼국수,서울특별시 중구 명동4길 23-3,126.9840706197,37.5627797832,02-752-4800,A05,A0502,A05020100,2663356,39,음식점
정식당,서울특별시 강남구 선릉로158길 11,127.0413081240,37.5256601232,02-517-4654,A05,A0502,A05020100,1290945,39,음식점
정애쿠키,서울특별시 종로구 계동길 76,126.9868531906,37.5807360789,,A05,A0502,A05020900,2932882,39,음식점
정원숯불갈비,서울특별시 종로구 돈화문로9길 8,126.9912474813,37.5720288369,02-765-1305,A05,A0502,A05020100,2663622,39,음식점
정통중화요리조아루 명동,서울특별시 중구 퇴계로 114-2,126.9844345372,37.5606022645,02-779-7897,A05,A0502,A05020400,2669964,39,음식점
제로카페,서울특별시 마포구 와우산로27길 17,126.9273260360,37.5541269939,0507-1397-7422,A05,A0502,A05020900,2989028,39,음식점
제비다방,서울특별시 마포구 와우산로 24,126.9231099656,37.5466166798,02-325-1969,A05,A0502,A05020900,1941669,39,음식점
제스티살룬 성수,서울특별시 성동구 서울숲4길 13,127.0424657298,37.5476214819,,A05,A0502,A05020200,2893977,39,음식점
제스티살룬 연남,서울특별시 마포구 연희로 31,126.9268925263,37.5617594321,,A05,A0502,A05020200,2782727,39,음식점
제일콩집,서울특별시 노원구 동일로174길 37-8,127.0776771420,37.6195776431,02-972-7016,A05,A0502,A05020100,402888,39,음식점
제일한우촌,서울특별시 강서구 개화길 4,126.7986813858,37.5835379444,,A05,A0502,A05020100,2849456,39,음식점
제임스치즈등갈비 명동,서울특별시 중구 명동10길 13,126.9854482567,37.5633186338,02-318-0192,A05,A0502,A05020100,2660891,39,음식점
제주국수,서울특별시 성동구 성수이로 118,127.0578532865,37.5451664883,02-466-8687,A05,A0502,A05020100,1958195,39,음식점
제주미항,서울특별시 중구 명동8길 30-1,126.9847011274,37.5624464997,02-319-1213,A05,A0502,A05020100,2660890,39,음식점
제주흑돼지순대국밥,"서울특별시 종로구 동숭길 113, 2층",127.0036154872,37.5830166712,02-741-9504,A05,A0502,A05020100,2653397,39,음식점
젠제로,서울특별시 강남구 선릉로126길 14,127.0432415750,37.5153196923,,A05,A0502,A05020900,2847076,39,음식점
졍동국시,서울특별시 중구 정동길 5 (정동),126.9699273192,37.5679122662,02-732-0114,A05,A0502,A05020100,732321,39,음식점
조금,서울특별시 종로구 인사동길 60 (관훈동),126.9836425255,37.5753310942,02-725-8400,A05,A0502,A05020100,2689483,39,음식점
조선갈비,서울특별시 강서구 공항대로 341,126.8455444911,37.5581500648,,A05,A0502,A05020100,2849475,39,음식점
조선김밥,서울특별시 종로구 율곡로3길 68 (안국동),126.9821981186,37.5786529041,02-723-7496,A05,A0502,A05020100,1912553,39,음식점
조선옥,서울특별시 중구 을지로15길 16-8,126.9937057300,37.5671294506,02-2266-0333,A05,A0502,A05020100,133338,39,음식점
조선화로구이,서울특별시 마포구 서교동 351-18,126.9208626946,37.5555989293,,A05,A0502,A05020100,2946079,39,음식점
조셉의커피나무,서울특별시 성북구 성북로31길 65,126.9886220795,37.5946511599,,A05,A0502,A05020900,2839284,39,음식점
조수정한지그림갤러리카페,서울특별시 강남구 테헤란로92길 14,127.0610985166,37.5070459740,02-501-1505,A05,A0502,A05020900,1571359,39,음식점
조스바스켓,서울특별시 종로구 동숭길 86,127.0043404459,37.5821501176,02-744-0701,A05,A0502,A05020900,2679090,39,음식점
조양관한정식,서울특별시 서초구 서초대로74길 29 서초파라곤,127.0274408097,37.4949939907,,A05,A0502,A05020100,2856741,39,음식점
조연탄,서울특별시 강서구 곰달래로60길 29,126.8632936369,37.5309590978,,A05,A0502,A05020100,2849493,39,음식점
조은한우,서울특별시 영등포구 버드나루로7길 7,126.9100173834,37.5228914251,02-2068-0503,A05,A0502,A05020100,2682606,39,음식점
조인바이트,서울특별시 강남구 봉은사로68길 8 (삼성동),127.0498799717,37.5113480508,,A05,A0502,A05020200,2847095,39,음식점
족의한수,서울특별시 종로구 수표로 93-1,126.9892838383,37.5696679648,02-2261-0310,A05,A0502,A05020100,2653727,39,음식점
종가집,서울특별시 종로구 인사동길 15-13,126.9859146334,37.5720592931,02-733-2135,A05,A0502,A05020100,403018,39,음식점
종각한우,서울특별시 종로구 종로9길 8,126.9843898037,37.5709538387,02-733-5613,A05,A0502,A05020100,2653409,39,음식점
종로명태덕장,서울특별시 종로구 수표로20길 9,126.9901254184,37.5700429363,02-771-9201,A05,A0502,A05020100,2663602,39,음식점
종로불돼지,서울특별시 종로구 청계천로 67,126.9851342383,37.5689013123,02-734-1190,A05,A0502,A05020100,2642718,39,음식점
종로설렁탕,서울특별시 종로구 종로 110,126.9897810050,37.5700373752,02-2271-3820,A05,A0502,A05020100,2653410,39,음식점
종로유가네육회빈대떡,서울특별시 종로구 수표로 86,126.9897365984,37.5688458466,02-2266-0999,A05,A0502,A05020100,2669900,39,음식점
종로족빨,서울특별시 종로구 청계천로 67,126.9851342383,37.5689013123,02-734-1222,A05,A0502,A05020100,2642719,39,음식점
종로할머니칼국수,서울특별시 종로구 돈화문로11다길 14-2,126.9908419396,37.5728509561,02-569-9900,A05,A0502,A05020100,1494435,39,음식점
종점떡볶이,서울특별시 중구 다산로 217-1,127.0149233676,37.5626581285,02-2234-3649,A05,A0502,A05020100,697450,39,음식점
종점숯불갈비,서울특별시 용산구 장문로 112,127.0019755724,37.5264482142,,A05,A0502,A05020100,2851114,39,음식점
주문진,서울특별시 강동구 성안로3길 27 주문진빌딩,127.1281363226,37.5260060909,,A05,A0502,A05020300,2839642,39,음식점
주사부,서울특별시 용산구 이태원로 10,126.9748805792,37.5348884143,,A05,A0502,A05020400,2900419,39,음식점
주양두리돈까스,서울특별시 강동구 고덕로 89,127.1353015126,37.5549861885,,A05,A0502,A05020300,2838174,39,음식점
주영식당,서울특별시 영등포구 신길로60마길 7,126.9129673688,37.5138564170,02-833-7357,A05,A0502,A05020100,2682842,39,음식점
주은감자탕,서울특별시 송파구 삼학사로 71,127.0968259150,37.5037442224,,A05,A0502,A05020100,2758146,39,음식점
죽변항,서울특별시 성동구 상원길 40 뚝섬현대아파트,127.0488512604,37.5475827125,,A05,A0502,A05020100,2893945,39,음식점
죽변항해물,서울특별시 영등포구 국회대로34길 3-2,126.8976461700,37.5270934936,02-466-7769,A05,A0502,A05020100,2685380,39,음식점
준수방키친,서울특별시 종로구 자하문로11길 8,126.9707991267,37.5797442395,,A05,A0502,A05020700,2824887,39,음식점
줄라이,서울특별시 서초구 동광로 164 줄라이빌딩,126.9999933147,37.4947796342,,A05,A0502,A05020200,2856747,39,음식점
중국관,서울특별시 성동구 뚝섬로 404 스노화이트성수1,127.0553898078,37.5386255373,,A05,A0502,A05020400,2816891,39,음식점
중림장설렁탕,서울특별시 중구 청파로 459-1,126.9677194014,37.5603297742,,A05,A0502,A05020100,2914068,39,음식점
중식당 청 한남점,서울특별시 용산구 한남대로20길 47-24,127.0100690263,37.5354195394,,A05,A0502,A05020400,2855668,39,음식점
중앙갈치식당,서울특별시 중구 남대문시장길 22-12,126.9770380116,37.5597938924,02-752-2892,A05,A0502,A05020100,747779,39,음식점
중앙감속기,서울특별시 성동구 성수일로6길 7-1,127.0511066661,37.5456246474,,A05,A0502,A05020400,2895042,39,음식점
중앙식당,서울특별시 동작구 노들로 674,126.9368207234,37.5148539488,02-2254-7905,A05,A0502,A05020100,2383961,39,음식점
중앙해장,서울특별시 강남구 영동대로86길 17,127.0655147449,37.5083459023,,A05,A0502,A05020100,2751840,39,음식점
중화원,서울특별시 은평구 통일로66길 10-16,126.9317212774,37.6100094646,,A05,A0502,A05020400,2846659,39,음식점
중화일상,서울특별시 송파구 백제고분로 401 골재회관,127.1095524325,37.5073495885,,A05,A0502,A05020400,2848228,39,음식점
쥬씨세븐,"서울특별시 송파구 백제고분로 387, 102호",127.1085469908,37.5065718831,02-413-5404,A05,A0502,A05020900,2654531,39,음식점
쥬에,서울특별시 용산구 독서당로 124-7 태흥영화주식회사,127.0128076059,37.5375387871,,A05,A0502,A05020400,2836098,39,음식점
지구를위한노래,서울특별시 강동구 명일로12길 6 (둔촌동),127.1450651176,37.5337527196,,A05,A0502,A05020900,3065908,39,음식점
지금 여기가 맨 앞,서울특별시 중구 을지로20길 16,126.9952584058,37.5657379730,,A05,A0502,A05020200,2822168,39,음식점
지대방,서울특별시 종로구 인사동길 33,126.9855451806,37.5735424475,02-738-5379,A05,A0502,A05020900,2689485,39,음식점
지리산왕재봉흑돼지,서울특별시 강동구 상암로 26,127.1264246706,37.5504893280,02-3426-5120,A05,A0502,A05020100,2689479,39,음식점
지아니스나폴리 역삼,서울특별시 강남구 논현로94길 15,127.0375924452,37.5027238316,02-566-0501,A05,A0502,A05020200,2685334,39,음식점
지화자,서울특별시 종로구 자하문로 125,126.9693712709,37.5870989147,02-2269-5834,A05,A0502,A05020100,582755,39,음식점
진가,서울특별시 영등포구 국제금융로6길 30 (여의도동),126.9266186801,37.5217751850,,A05,A0502,A05020100,2663533,39,음식점
진고개,서울특별시 중구 충무로 19-1,126.9928031489,37.5630910146,02-2267-0955,A05,A0502,A05020100,133346,39,음식점
진국설렁탕,서울특별시 성동구 고산자로 293,127.0360963469,37.5658970216,02-2292-4700,A05,A0502,A05020100,2689487,39,음식점
진남포면옥,서울특별시 중구 다산로 108,127.0101240669,37.5534285595,02-2252-2457,A05,A0502,A05020100,132823,39,음식점
진남회집,서울특별시 동작구 노들로 674,126.9368207234,37.5148539488,02-2254-7978,A05,A0502,A05020100,2385440,39,음식점
진달래양꼬치,서울특별시 영등포구 도신로 195-6,126.9130479748,37.5118149883,02-848-6903,A05,A0502,A05020100,2682787,39,음식점
진달래장국,서울특별시 영등포구 도림로 129,126.8965805590,37.4930252104,02-835-6658,A05,A0502,A05020100,2682643,39,음식점
진도울돌목가는길,서울특별시 서초구 서초대로40길 41 대호IR빌딩,127.0080288320,37.4898942347,,A05,A0502,A05020100,2927020,39,음식점
진돈부리,서울특별시 서대문구 대현동,126.9423134759,37.5570519223,,A05,A0502,A05020300,2940410,39,음식점
진미식당,서울특별시 마포구 마포대로 186-6,126.9558179820,37.5506445751,,A05,A0502,A05020100,2745582,39,음식점
진미양꼬치,서울특별시 영등포구 도림천로11길 1,126.8964139638,37.4910393270,02-842-7758,A05,A0502,A05020100,2682715,39,음식점
진미평양냉면,서울특별시 강남구 학동로 305-3,127.0360560928,37.5162027940,,A05,A0502,A05020100,2782140,39,음식점
진사댁,서울특별시 중구 명동길 30-1,126.9840650437,37.5635269181,02-774-9605,A05,A0502,A05020100,2660888,39,음식점
진성한우곱창,서울특별시 송파구 송파대로28길 27 송파성원쌍떼빌,127.1206490009,37.4948290196,,A05,A0502,A05020100,2821765,39,음식점
진수사,서울특별시 강남구 테헤란로37길 13-7 (역삼동),127.0401255449,37.5028405297,,A05,A0502,A05020300,2869970,39,음식점
진영면옥,서울특별시 금천구 가산로 22-5,126.9004169225,37.4716222090,,A05,A0502,A05020100,2854103,39,음식점
진옥화할매원조닭한마리,서울특별시 종로구 종로40가길 18 (종로5가),127.0057128756,37.5704292825,02-2275-9666,A05,A0502,A05020100,1325115,39,음식점
진원조 닭한마리,서울특별시 종로구 종로 252-11,127.0058989675,37.5705098320,02-2272-2722,A05,A0502,A05020100,704382,39,음식점
진원조닭한마리,서울특별시 송파구 백제고분로7길 32-11,127.0827547843,37.5104043068,02-422-4712,A05,A0502,A05020100,2689488,39,음식점
진이네떡볶이,서울특별시 강동구 동남로71길 19,127.1553692549,37.5506287235,02-481-2585,A05,A0502,A05020100,2689489,39,음식점
진작다이닝,서울특별시 성동구 왕십리로14나길 10,127.0456681637,37.5494518824,,A05,A0502,A05020300,2845592,39,음식점
진전복삼계탕 논현본점,서울특별시 강남구 언주로133길 18,127.0337174106,37.5164221712,,A05,A0502,A05020100,2869994,39,음식점
진주집,서울특별시 영등포구 국제금융로6길 33 (여의도동),126.9269214566,37.5208447429,02-780-6108,A05,A0502,A05020100,403995,39,음식점
진주회관,서울특별시 중구 세종대로11길 26 (서소문동),126.9745048377,37.5623268862,02-753-5388,A05,A0502,A05020100,578330,39,음식점
진지아,서울특별시 송파구 백제고분로41길 12-9,127.1082580978,37.5076328657,,A05,A0502,A05020400,2845976,39,음식점
진진수라,서울특별시 종로구 종로5길 7 (청진동),126.9805734924,37.5706704698,,A05,A0502,A05020100,3094421,39,음식점
진평925,서울특별시 마포구 망원로 87 진평925,126.9063972791,37.5579956142,,A05,A0502,A05020100,2871291,39,음식점
진향족발,서울특별시 종로구 종로 231-1,127.0035547125,37.5713569137,02-745-5533,A05,A0502,A05020100,2642889,39,음식점
짱이네 산곰장어,서울특별시 강남구 언주로 605 (논현동),127.0372728403,37.5094258252,,A05,A0502,A05020100,2870026,39,음식점
쪼매매운떡볶이 공릉,서울특별시 노원구 공릉로 208,127.0777991044,37.6283210734,,A05,A0502,A05020100,2842523,39,음식점
쭈꾸미와매운갈비찜,서울특별시 중구 마른내로2길 25-1,126.9917976767,37.5633548550,02-2266-3208,A05,A0502,A05020100,2654056,39,음식점
쭈꾸미킹2.0 상봉점,서울특별시 중랑구 송림길 13 (상봉동),127.0954038626,37.5999969053,,A05,A0502,A05020100,2758128,39,음식점
쮸즈,서울특별시 강남구 도산대로17길 13,127.0246209278,37.5195549770,,A05,A0502,A05020400,2867469,39,음식점
찜집 본점,서울특별시 중랑구 면목로 287,127.0859581133,37.5785103427,,A05,A0502,A05020100,2851810,39,음식점
차돌박힌쭈꾸미 종로,서울특별시 종로구 삼일대로17길 47-1,126.9849398049,37.5691401701,02-2648-9163,A05,A0502,A05020100,2642720,39,음식점
차돌집,서울특별시 강서구 방화대로21길 85,126.8119362767,37.5641654335,02-2664-5534,A05,A0502,A05020100,2689490,39,음식점
차만다 본점,서울특별시 성동구 서울숲2길 28-12,127.0414214067,37.5466771290,,A05,A0502,A05020200,2893924,39,음식점
차이나린찐,"서울특별시 강동구 강동대로 217 (성내동, 인택스파크뷰)",127.1304889590,37.5234619844,,A05,A0502,A05020400,2836327,39,음식점
차이나플레인 서울숲점,서울특별시 성동구 뚝섬로1길 25 서울숲 한라에코밸리,127.0464182590,37.5436914541,,A05,A0502,A05020400,2893900,39,음식점
차이몬스터,서울특별시 은평구 불광천길 334 (응암동),126.9140818131,37.5890282549,507-1407-7843,A05,A0502,A05020400,3450272,39,음식점
차차티클럽,서울특별시 마포구 동교로30길 6 연트럴타워,126.9245649950,37.5605734175,,A05,A0502,A05020900,2811734,39,음식점
찬양집,서울특별시 종로구 돈화문로11다길 5,126.9902864338,37.5728814983,02-743-1384,A05,A0502,A05020100,398384,39,음식점
참누렁소가든,서울특별시 노원구 공릉로63길 13,127.0705523535,37.6349368395,02-979-6400,A05,A0502,A05020100,403323,39,음식점
참만나,"서울특별시 노원구 화랑로 443 (공릉동, 6.7디벨리움 )",127.0765994976,37.6183333237,02-974-1500,A05,A0502,A05020100,820700,39,음식점
참숯골,서울특별시 중구 무교로 16 (무교동),126.9795431238,37.5673958319,02-774-2100,A05,A0502,A05020100,133996,39,음식점
참숯골,서울특별시 중랑구 봉화산로56길 76-4,127.0976535029,37.6054490903,,A05,A0502,A05020100,2818584,39,음식점
참숯황토화로마당 신길,서울특별시 영등포구 도신로68길 8,126.9181641567,37.5124761143,02-833-1388,A05,A0502,A05020100,2682766,39,음식점
참치광,서울특별시 영등포구 당산로30길 9,126.8977406445,37.5257242099,02-2676-9650,A05,A0502,A05020100,2685385,39,음식점
참치마을,서울특별시 종로구 돈화문로 31,126.9917585635,37.5714039186,02-742-1671,A05,A0502,A05020100,2642721,39,음식점
창신동매운족발 본점,서울특별시 종로구 종로51길 23,127.0115122723,37.5730790788,,A05,A0502,A05020100,2788817,39,음식점
채미가,서울특별시 서초구 법원로2길 15 길도빌딩,127.0124116447,37.4942271434,,A05,A0502,A05020100,2856174,39,음식점
채빛퀴진,서울특별시 서초구 올림픽대로 2085-14 (반포동),126.9965764639,37.5123025381,,A05,A0502,A05020700,3410603,39,음식점
채식요리전문점 오세계향,서울특별시 종로구 인사동12길 14-5,126.9852590637,37.5746700892,02-735-7171,A05,A0502,A05020700,135747,39,음식점
채홍,서울특별시 동작구 강남초등길 24 (상도1동),126.9519862816,37.5051775669,,A05,A0502,A05020400,3444919,39,음식점
챔프커피 2작업실,서울특별시 용산구 녹사평대로26가길 24,126.9928206777,37.5325528963,,A05,A0502,A05020900,2782572,39,음식점
챠크라,서울특별시 용산구 독서당로 83 (한남동),127.0097024179,37.5345418570,02-796-1149,A05,A0502,A05020700,135317,39,음식점
천하제일 솥뚜껑,서울특별시 성동구 성수이로7길 27 (성수동2가),127.0534454556,37.5416140441,,A05,A0502,A05020100,2894966,39,음식점
천호낙지,서울특별시 동대문구 사가정로 207 삼협메디스빌딩,127.0680236226,37.5789683000,,A05,A0502,A05020100,2842950,39,음식점
천호쭈꾸미,서울특별시 강동구 천호대로158길 14,127.1263361747,37.5369686746,02-477-9994,A05,A0502,A05020100,2689493,39,음식점
철계단집,서울특별시 동대문구 회기로31가길 35-1 (휘경동),127.0568104282,37.5904473196,,A05,A0502,A05020100,2789212,39,음식점
철길왕갈비살,서울특별시 마포구 와우산로32길 24,126.9317089581,37.5545492454,,A05,A0502,A05020100,2778423,39,음식점
청계산곤드레집,서울특별시 서초구 청룡마을1길1,127.0578533316,37.4454752839,02-574-4542,A05,A0502,A05020100,2650408,39,음식점
청기와타운 본점,서울특별시 영등포구 영중로10길 32-4,126.9084704271,37.5184613566,,A05,A0502,A05020100,2987589,39,음식점
청담 마코토,서울특별시 강남구 압구정로80길 37 (청담동),127.0435940627,37.5244297515,,A05,A0502,A05020300,2867271,39,음식점
청담25,서울특별시 강남구 압구정로79길 32,127.0497795879,37.5252158825,,A05,A0502,A05020100,2867487,39,음식점
청담고수 청담점,서울특별시 강남구 도산대로58길 15,127.0415665286,37.5223160718,,A05,A0502,A05020100,2903146,39,음식점
청담골,서울특별시 강남구 선릉로148길 48,127.0434330137,37.5227382786,02-543-1252,A05,A0502,A05020100,838829,39,음식점
청담나인,서울특별시 강남구 삼성로 634,127.0518796383,37.5166919100,,A05,A0502,A05020200,2826407,39,음식점
청담동포장마차,서울특별시 서대문구 연세로4길 25,126.9380777375,37.5575462331,02-363-4377,A05,A0502,A05020100,2689494,39,음식점
청담영양센터,서울특별시 강남구 학동로87길 7 현대아파트,127.0523295081,37.5198498851,,A05,A0502,A05020100,2903168,39,음식점
청담제주물항,서울특별시 강남구 도산대로101길 9,127.0524487727,37.5257964187,,A05,A0502,A05020100,2903179,39,음식점
청담초밥 문정점,서울특별시 송파구 법원로4길 5 송파법조타운푸르지오시티,127.1218881135,37.4829665295,,A05,A0502,A05020300,2842295,39,음식점
청도양꼬치,서울특별시 영등포구 영중로6길 23-4,126.9086593116,37.5180058576,02-703-7200,A05,A0502,A05020400,2689495,39,음식점
청량리함흥냉면,서울특별시 동대문구 홍릉로5길 13,127.0436090770,37.5825896621,,A05,A0502,A05020100,2794740,39,음식점
청록양식,서울특별시 마포구 동교로 220-7,126.9242817140,37.5596290774,,A05,A0502,A05020200,2940427,39,음식점
청송본관함흥냉면,서울특별시 서대문구 연희맛로 6,126.9287755720,37.5658895409,02-334-3545,A05,A0502,A05020100,132903,39,음식점
청송옥,서울특별시 중구 서소문로11길 14,126.9730910418,37.5635933807,02-754-1547,A05,A0502,A05020100,403068,39,음식점
청수당 베이커리,서울특별시 종로구 돈화문로11나길 31-9,126.9897864476,37.5740091359,,A05,A0502,A05020900,2902634,39,음식점
청수우동메밀냉면,서울특별시 영등포구 국제금융로 112 상아빌딩,126.9339208863,37.5184507015,,A05,A0502,A05020100,2850091,39,음식점
청수장,서울특별시 성북구 정릉로 237-2,127.0108003091,37.6053669796,,A05,A0502,A05020100,2839306,39,음식점
청수정,서울특별시 종로구 삼청로 91,126.9816702495,37.5835745451,02-738-8288,A05,A0502,A05020100,513517,39,음식점
청수횟집,서울특별시 강남구 테헤란로25길 9,127.0349566149,37.5012822843,02-552-8881,A05,A0502,A05020100,135708,39,음식점
청아라 생선구이,서울특별시 마포구 망원로 52,126.9026004376,37.5567706887,,A05,A0502,A05020100,2823094,39,음식점
청어람 망원본점,서울특별시 마포구 망원로 97,126.9075249497,37.5581456172,,A05,A0502,A05020100,2764166,39,음식점
청와옥 본점,서울특별시 송파구 위례성대로 48,127.1175625872,37.5153738011,,A05,A0502,A05020100,2758163,39,음식점
청진생등심,서울특별시 강동구 올림픽로 803,127.1281522220,37.5529279651,,A05,A0502,A05020100,2838191,39,음식점
청진옥,서울특별시 종로구 종로3길 32 (청진동),126.9794791167,37.5717814321,,A05,A0502,A05020100,2778428,39,음식점
청진화로구이,서울특별시 종로구 종로5길 32-12,126.9811761841,37.5717897949,02-735-7008,A05,A0502,A05020100,2642723,39,음식점
청춘극장,서울특별시 성동구 행당로 112-5,127.0313081241,37.5577923221,02-2294-6995,A05,A0502,A05020100,2689498,39,음식점
청파맨션,서울특별시 용산구 청파로47나길 20,126.9671837521,37.5457259061,02-706-9093,A05,A0502,A05020900,2689497,39,음식점
청하,서울특별시 영등포구 국제금융로 78,126.9313238308,37.5209281453,02-785-7721,A05,A0502,A05020300,2667567,39,음식점
청학동흑염소,서울특별시 영등포구 영등포로 356,126.9177557998,37.5146397448,02-833-3638,A05,A0502,A05020100,2682726,39,음식점
청해진,서울특별시 동작구 노들로 674,126.9355902885,37.5145456302,02-2254-7964,A05,A0502,A05020100,2384200,39,음식점
청화원,서울특별시 서대문구 명물길 10,126.9375333447,37.5574628999,,A05,A0502,A05020400,2807816,39,음식점
청화초밥,서울특별시 송파구 오금로13길 14,127.1093467237,37.5134266574,,A05,A0502,A05020300,2845058,39,음식점
체다앤올리,서울특별시 성동구 서울숲2길 32-14 갤러리아 포레,127.0432601616,37.5455245178,,A05,A0502,A05020200,2845610,39,음식점
체부동잔치집,서울특별시 종로구 자하문로1길 16,126.9714935981,37.5765585113,02-730-5420,A05,A0502,A05020100,1922914,39,음식점
체부동잔치집돼지갈비,서울특별시 종로구 자하문로1길 24,126.9710686355,37.5766001654,02-722-3555,A05,A0502,A05020100,2653718,39,음식점
초록뜰,서울특별시 동대문구 망우로18길 36 (휘경동),127.0628404881,37.5885893109,,A05,A0502,A05020700,2023559,39,음식점
초록바구니,서울특별시 용산구 이촌로84길 9-18,126.9778085670,37.5180265369,02-790-3421,A05,A0502,A05020100,2653654,39,음식점
초롱이고모부대찌개,서울특별시 강동구 상암로11길 4,127.1288133595,37.5499005509,02-442-3546,A05,A0502,A05020100,714156,39,음식점
초류향,서울특별시 중구 다동길 24-10 (다동),126.9804624810,37.5675291661,02-775-2668,A05,A0502,A05020400,835996,39,음식점
초승달,서울특별시 용산구 회나무로26길 12 삼원휘트니스,126.9913095053,37.5395992730,,A05,A0502,A05020300,2807695,39,음식점
초원,서울특별시 용산구 한강대로80길 7,126.9733332779,37.5426930354,,A05,A0502,A05020100,2856514,39,음식점
초원의집,서울특별시 중구 삼일대로 299,126.9885952394,37.5616494398,02-3789-5666,A05,A0502,A05020100,2679049,39,음식점
촛불1978,서울특별시 중구 소파로 95 (예장동),126.9853623363,37.5568666044,02-757-1978,A05,A0502,A05020200,836070,39,음식점
최고집숯불닭갈비전문점,서울특별시 중구 명동8길 21-7,126.9851982894,37.5629714475,02-3789-3334,A05,A0502,A05020100,2689496,39,음식점
최대감네,서울특별시 종로구 인사동8길 12-3,126.9861145585,37.5740535092,02-733-9355,A05,A0502,A05020100,274399,39,음식점
최수사 대게마을,서울특별시 강남구 논현로 429,127.0374231182,37.4991298007,02-566-2525,A05,A0502,A05020300,2465041,39,음식점
최우영스시,서울특별시 구로구 디지털로 288 대륭포스트타워1차,126.8955170318,37.4836235055,,A05,A0502,A05020300,2873321,39,음식점
쵸이닷,서울특별시 강남구 도산대로 457 앙스돔빌딩,127.0465715665,37.5245075740,,A05,A0502,A05020200,2903214,39,음식점
쵸이양식,서울특별시 성북구 동소문로20나길 24 (동선동1가),127.0180250204,37.5923408458,,A05,A0502,A05020200,3458183,39,음식점
추남식당,서울특별시 강동구 양재대로 1622-4,127.1443397124,37.5502896754,02-6401-4268,A05,A0502,A05020700,2589242,39,음식점
춘보만두,서울특별시 노원구 섬밭로 56 송정빌딩,127.0718498272,37.6219689266,,A05,A0502,A05020100,2842540,39,음식점
춘삼국수,서울특별시 서대문구 신촌역로 39,126.9410496468,37.5590211153,,A05,A0502,A05020100,2871098,39,음식점
춘천옥,서울특별시 금천구 디지털로12길 19,126.8896593924,37.4779101757,02-868-9937,A05,A0502,A05020100,133983,39,음식점
춘천집닭갈비막국수,서울특별시 서대문구 연세로5가길 1,126.9360751561,37.5570462556,02-325-2361,A05,A0502,A05020100,1292674,39,음식점
춘향미엔,서울특별시 성동구 왕십리로21길 26,127.0320274231,37.5606086743,,A05,A0502,A05020400,2845187,39,음식점
충남식당,서울특별시 동작구 노들로 674,126.9368568295,37.5149233858,02-813-9780,A05,A0502,A05020100,134058,39,음식점
충무로뚝배기,서울특별시 중구 마른내로 43,126.9926614518,37.5646019472,02-2272-0068,A05,A0502,A05020100,2642936,39,음식점
충무로부산복집,서울특별시 송파구 중대로27길 9-1 동호빌딩,127.1275731142,37.5038808717,02-404-3227,A05,A0502,A05020100,232277,39,음식점
취만루,서울특별시 영등포구 도신로 187,126.9119397571,37.5113150268,02-844-8899,A05,A0502,A05020100,2682816,39,음식점
취영루 송파점,서울특별시 송파구 송이로 162,127.1249681138,37.4926654600,,A05,A0502,A05020400,2840043,39,음식점
취향원양꼬치구이전문,서울특별시 영등포구 국회대로34길 7-2,126.8975684088,37.5267713075,02-2671-6577,A05,A0502,A05020100,2685390,39,음식점
치즈룸 안다즈,서울특별시 강남구 논현로 854 ANdAZ,127.0288814863,37.5253738224,,A05,A0502,A05020200,2903331,39,음식점
치즈인더스트리[치즈공업사],서울특별시 종로구 수표로28길 33-7,126.9901503167,37.5735147555,,A05,A0502,A05020900,2997890,39,음식점
치즈플로,서울특별시 용산구 이태원로49길 19,126.9994588355,37.5370330506,,A05,A0502,A05020200,2860052,39,음식점
치카성수,서울특별시 성동구 뚝섬로1가길 14 (성수동1가),127.0471876705,37.5423860643,,A05,A0502,A05020900,2894958,39,음식점
치키니즘 당산점,서울특별시 영등포구 국회대로53길 30,126.9067036457,37.5282435216,02-2069-1113,A05,A0502,A05020100,2682875,39,음식점
치킨마루 대방역,서울특별시 영등포구 여의대방로62길 4,126.9270160893,37.5138594451,02-955-0101,A05,A0502,A05020100,2682809,39,음식점
친니,서울특별시 종로구 세종대로 지하 175,126.9768321230,37.5722396646,02-733-3270,A05,A0502,A05020400,1386291,39,음식점
칠형제우리감자탕,서울특별시 노원구 동일로 1019,127.0741607532,37.6210718504,02-949-3047,A05,A0502,A05020100,402885,39,음식점
카나디안 랍스터,서울특별시 서초구 남부순환로 2385,127.0113149193,37.4801648677,02-585-9624,A05,A0502,A05020200,134733,39,음식점
카덴,서울특별시 서대문구 연희로 173 거화빌딩,126.9350748092,37.5725527685,,A05,A0502,A05020300,2900221,39,음식점
카멜커피,서울특별시 강남구 도산대로45길 16-8,127.0360058907,37.5234963903,,A05,A0502,A05020900,2778886,39,음식점
카사블랑카,서울특별시 용산구 신흥로 35 (용산동2가),126.9871292715,37.5416961764,02-797-8367,A05,A0502,A05020700,2378251,39,음식점
카와카츠 본점,서울특별시 마포구 동교로 126 광남벨라스아파트,126.9162048092,37.5547822742,,A05,A0502,A05020300,2932753,39,음식점
카카오봄,서울특별시 마포구 와우산로27길 6,126.9280509743,37.5539798017,02-3141-4663,A05,A0502,A05020900,2685343,39,음식점
카토멘,서울특별시 강남구 삼성로85길 39,127.0542881058,37.5042184020,02-568-6625,A05,A0502,A05020300,2517012,39,음식점
카툰한식전문점,서울특별시 영등포구 영신로 175,126.9016570179,37.5234745414,02-2635-7773,A05,A0502,A05020100,2685354,39,음식점
카페 돌체,서울특별시 서초구 올림픽대로 2085-14 (반포동),126.9965764639,37.5123025381,,A05,A0502,A05020900,3410623,39,음식점
카페 마나랑,서울특별시 송파구 송파대로49길 37 (석촌동),127.1005838320,37.5063717628,,A05,A0502,A05020900,3082222,39,음식점
카페 모뜨,서울특별시 종로구 평창30길 24,126.9751033804,37.6118239204,02-379-6500,A05,A0502,A05020900,1877251,39,음식점
카페 보아즈,서울특별시 서초구 양재천로 53,127.0358073019,37.4742576593,,A05,A0502,A05020900,2856199,39,음식점
카페 산아래,서울특별시 강북구 삼양로181길 56 (우이동),127.0105041413,37.6668737098,,A05,A0502,A05020900,2833398,39,음식점
카페 숲,서울특별시 영등포구 버드나루로 119,126.9075230023,37.5287184813,02-2632-0704,A05,A0502,A05020900,2682873,39,음식점
카페 아래로,서울특별시 관악구 난곡로10길 10 (신림동),126.9201597466,37.4653038508,,A05,A0502,A05020900,3444152,39,음식점
카페 원오프,서울특별시 성북구 동소문로22길 57-4 (동선동2가),127.0188499953,37.5905799542,,A05,A0502,A05020900,3445716,39,음식점
카페 이페메라 LCDC SEOUL,서울특별시 성동구 연무장17길 10,127.0613391822,37.5416002985,,A05,A0502,A05020900,2900424,39,음식점
카페 차 성수점,서울특별시 성동구 서울숲6길 2,127.0418629980,37.5479186587,,A05,A0502,A05020900,2893846,39,음식점
카페 토다,서울특별시 서초구 성촌6길 39,127.0226447990,37.4675748651,,A05,A0502,A05020900,2854248,39,음식점
카페 폭포,서울특별시 서대문구 연희로 262-24,126.9370354929,37.5813490039,02-3140-8302,A05,A0502,A05020900,2996477,39,음식점
카페 할아버지공장,서울특별시 성동구 성수이로7가길 9,127.0549981030,37.5412280060,,A05,A0502,A05020900,2715712,39,음식점
카페&펍 연무장,서울특별시 성동구 연무장길 36 연무장,127.0533232079,37.5429194455,,A05,A0502,A05020900,2894887,39,음식점
카페1953위드오드리,서울특별시 영등포구 경인로77가길 12,126.8922693107,37.5118673885,,A05,A0502,A05020900,2852088,39,음식점
카페252,서울특별시 중랑구 망우로 252 SC제일은행,127.0807247910,37.5948639039,,A05,A0502,A05020900,2836188,39,음식점
카페413프로젝트,서울특별시 강남구 논현로97길 19-11,127.0344816265,37.5024099230,,A05,A0502,A05020900,2847114,39,음식점
카페낭만적,서울특별시 마포구 신촌로6길 18,126.9298090704,37.5566850742,010-8956-9318,A05,A0502,A05020900,2654178,39,음식점
카페드파리,서울특별시 중구 명동10길 40,126.9856316077,37.5621048896,02-755-9646,A05,A0502,A05020900,2642570,39,음식점
카페드파리,서울특별시 중구 명동10길 40,126.9856316077,37.5621048896,02-755-9646,A05,A0502,A05020200,2689430,39,음식점
카페마마스 여의도,서울특별시 영등포구 국회대로 780,126.9192802313,37.5298824448,02-783-5505,A05,A0502,A05020100,2689492,39,음식점
카페미우,서울특별시 용산구 새창로14길 7,126.9585347238,37.5392348387,,A05,A0502,A05020900,2853672,39,음식점
카페브릭,서울특별시 중랑구 신내역로1길 127-11 (신내동),127.1086354797,37.6178978416,,A05,A0502,A05020900,2836194,39,음식점
카페블랙,서울특별시 영등포구 선유동1로 12,126.8918301452,37.5231355163,02-2633-5115,A05,A0502,A05020900,2685397,39,음식점
카페쁠레노,서울특별시 강남구 청담동 40 AP타워,127.0408194587,37.5193525139,,A05,A0502,A05020900,2946648,39,음식점
카페솔라,"서울특별시 강서구 공항대로 103 (마곡동, 마곡 엠밸리 9단지)",126.8179996527,37.5627212648,,A05,A0502,A05020900,3448960,39,음식점
카페어바웃,서울특별시 성북구 장월로1마길 5 (하월곡동),127.0426890894,37.6046648572,,A05,A0502,A05020900,3446628,39,음식점
카페엘빈,서울특별시 종로구 창경궁로 271-1,127.0006156869,37.5856218693,02-763-7564,A05,A0502,A05020900,2689486,39,음식점
카페엠,서울특별시 강남구 삼성로 634 (삼성동),127.0518796383,37.5166919100,02-2002-9888,A05,A0502,A05020900,1891064,39,음식점
카페우리,서울특별시 은평구 녹번로1길 13 (녹번동),126.9266024479,37.6047933126,070-4659-6570,A05,A0502,A05020900,3450526,39,음식점
카페인신현리 아티장가든,서울특별시 중구 한강대로 405 (봉래동2가),126.9717664185,37.5545416306,,A05,A0502,A05020900,2808970,39,음식점
카페코스,서울특별시 은평구 은평로9길 16,126.9217363098,37.6017935739,010-3049-1030,A05,A0502,A05020900,2679080,39,음식점
카페코인,서울특별시 중구 명동6길 10,126.9841650514,37.5629269897,02-753-1667,A05,A0502,A05020900,2660887,39,음식점
카페코인 2호,서울특별시 중구 명동9길 29,126.9817008834,37.5807109893,02-737-1506,A05,A0502,A05020900,2642589,39,음식점
카페포제,서울특별시 성동구 연무장9길 7,127.0557507621,37.5430055907,,A05,A0502,A05020900,2894867,39,음식점
칵테일앤드림,서울특별시 관악구 신림로 329,126.9294667142,37.4837379873,02-873-7475,A05,A0502,A05020200,2689484,39,음식점
칼스토랑,서울특별시 강서구 방화대로6라길 2,126.8185775898,37.5551777076,,A05,A0502,A05020100,2849506,39,음식점
커넥트투,서울특별시 송파구 올림픽로 300 (신천동),127.1040749597,37.5141653654,,A05,A0502,A05020900,3458576,39,음식점
커피 바넷리,서울특별시 성동구 서울숲4길 28-14,127.0437545254,37.5467688264,,A05,A0502,A05020900,3002315,39,음식점
커피몽타주,서울특별시 강동구 올림픽로48길 23-12 가람빌딩,127.1218784582,37.5295500111,,A05,A0502,A05020900,2838220,39,음식점
커피생각,서울특별시 은평구 불광천길 420,126.9149899608,37.5926722921,,A05,A0502,A05020900,2808972,39,음식점
커피친구,서울특별시 종로구 삼봉로 81,126.9817927777,37.5723786263,02-725-0179,A05,A0502,A05020900,834750,39,음식점
커피프릭스,서울특별시 강남구  논현로94길 (25-8),127.0382645842,37.5035043081,,A05,A0502,A05020900,2806042,39,음식점
커피한약방,서울특별시 중구 삼일대로12길 16-6 (을지로2가),126.9886228739,37.5666238627,,A05,A0502,A05020900,3318451,39,음식점
컨퍼런스하우스달개비 정동점,서울특별시 중구 세종대로19길 16,126.9765600813,37.5667458539,02-765-2035,A05,A0502,A05020100,232219,39,음식점
컴오프,서울특별시 성동구 서울숲4길 17,127.0429601332,37.5474687310,,A05,A0502,A05020900,2894824,39,음식점
컴투레스트,서울특별시 동대문구 회기로 161-11,127.0542384175,37.5912666227,,A05,A0502,A05020900,2781480,39,음식점
컴플리트커피,서울특별시 동대문구 천장산로7길 19 블루스카이,127.0568213137,37.5983519569,,A05,A0502,A05020900,2931415,39,음식점
케냐키암부,서울특별시 용산구 회나무로44길 36,126.9955952168,37.5399298669,,A05,A0502,A05020900,2787221,39,음식점
케르반 레스토랑,서울특별시 용산구 이태원로 192,126.9954037239,37.5344166147,02-792-4767,A05,A0502,A05020700,1887839,39,음식점
코끼리베이글,서울특별시 영등포구 선유로 176 (양평동3가),126.8927437773,37.5293098155,,A05,A0502,A05020900,2836272,39,음식점
코너룸,서울특별시 성동구 상원길 64 (성수동1가),127.0480262726,37.5497991067,,A05,A0502,A05020200,2894983,39,음식점
코리아하우스,서울특별시 강남구 압구정로79길 56,127.0517877354,37.5253242397,02-543-8888,A05,A0502,A05020100,764109,39,음식점
코사이어티 서울숲,서울특별시 성동구 왕십리로 82-20 (성수동1가),127.0456544076,37.5448218645,,A05,A0502,A05020900,3060918,39,음식점
코스모스분식,서울특별시 은평구 연서로15길 2 (구산동),126.9165893078,37.6105980136,02-358-6623,A05,A0502,A05020100,854285,39,음식점
코지인무르무르,서울특별시 동대문구 회기로 139,127.0519775054,37.5915193304,,A05,A0502,A05020200,2816972,39,음식점
코코몽키즈랜드 송파점,서울특별시 송파구 충민로 66 (문정동),127.1249768726,37.4776672007,,A05,A0502,A05020900,3060930,39,음식점
코트야드 메리어트 서울 보타닉 파크 가든키친,서울특별시 강서구 마곡중앙12로 10 (마곡동),126.8294429320,37.5670265237,,A05,A0502,A05020700,3076134,39,음식점
콘래드서울 제스트,서울특별시 영등포구 국제금융로 10 서울특별시 국제금융 센터,126.9266241202,37.5258580443,,A05,A0502,A05020200,2943506,39,음식점
콤바크,서울특별시 중구 만리재로 193 (만리동1가),126.9672307060,37.5550637107,,A05,A0502,A05020200,2851959,39,음식점
콤포트,서울특별시 용산구 후암동,126.9835154920,37.5494535442,,A05,A0502,A05020900,3417988,39,음식점
콩나물장수,서울특별시 종로구 동숭길 94,127.0043959858,37.5825111875,02-763-7999,A05,A0502,A05020100,2653609,39,음식점
콩예원,서울특별시 광진구 아차산로78길 75 현대골든텔,127.1110010418,37.5516500261,,A05,A0502,A05020100,2875256,39,음식점
콴안다오,서울특별시 강남구 강남대로156길 28-2,127.0215129060,37.5185411496,,A05,A0502,A05020700,2903369,39,음식점
쿠나,서울특별시 성동구 연무장5길 9-16 블루스톤타워,127.0526732224,37.5444914739,,A05,A0502,A05020200,2894809,39,음식점
쿠촐로 테라짜,서울특별시 강남구 선릉로152길 33,127.0423219507,37.5246102637,,A05,A0502,A05020200,2903386,39,음식점
쿠캔비어,서울특별시 종로구 수표로 108,126.9895421117,37.5709539311,02-765-1056,A05,A0502,A05020100,2642732,39,음식점
퀴버 서울숲,서울특별시 성동구 왕십리로5길 3 성수1가제2동 공공복합청사,127.0443655899,37.5464549847,,A05,A0502,A05020200,2894997,39,음식점
크래버대게나라 잠실점,서울특별시 송파구 위례성대로 92 (방이동),127.1222566516,37.5137240777,02-412-2338,A05,A0502,A05020100,2685280,39,음식점
크랩회피쉬 장충동,서울특별시 중구 동호로24길 27-4,127.0051909754,37.5607359553,02-2269-9968,A05,A0502,A05020100,2653610,39,음식점
크레미엘,서울특별시 서초구 양재천로21길 3 디와이빌딩,127.0391652840,37.4758575340,,A05,A0502,A05020900,2866395,39,음식점
크레이지카츠,서울특별시 마포구 포은로2나길 44,126.9097249652,37.5505048774,,A05,A0502,A05020300,2853824,39,음식점
크레이트커피,서울특별시 용산구 독서당로 97,127.0108078492,37.5353695584,,A05,A0502,A05020900,2860077,39,음식점
크림라벨 서울숲 본점,서울특별시 성동구 서울숲2길 34,127.0423241043,37.5466049308,,A05,A0502,A05020900,2895010,39,음식점
큰대문집,서울특별시 성북구 종암로14길 6-21,127.0361593651,37.5963407070,,A05,A0502,A05020100,2839337,39,음식점
큰손제주흑돼지,서울특별시 송파구 백제고분로45길 10,127.1103939598,37.5095854555,02-420-5524,A05,A0502,A05020100,2689475,39,음식점
클라스카커피랩,서울특별시 성동구 연무장15길 11 태광산업,127.0594809973,37.5423085165,,A05,A0502,A05020900,2894783,39,음식점
클럽에스프레소,서울특별시 종로구 창의문로 132 (부암동),126.9659991959,37.5927454201,,A05,A0502,A05020900,3065976,39,음식점
키다리아저씨,서울특별시 마포구 성미산로 22 (성산동),126.9106413228,37.5584928548,02-6489-4200,A05,A0502,A05020900,1932511,39,음식점
키미아트,서울특별시 종로구 평창30길 47,126.9721924223,37.6157900743,02-394-6441,A05,A0502,A05020900,639462,39,음식점
키친마이야르,서울특별시 강남구 언주로170길 22 (신사동),127.0354364084,37.5266626792,,A05,A0502,A05020200,3076413,39,음식점
키친숲,서울특별시 마포구 동교로 256-10,126.9251982156,37.5625093148,,A05,A0502,A05020700,2815662,39,음식점
타마린드,서울특별시 서초구 신반포로 176,127.0032288434,37.5049701757,02-3479-1901,A05,A0502,A05020700,2623628,39,음식점
타볼로24,서울특별시 종로구 청계천로 279,127.0087987073,37.5703710113,,A05,A0502,A05020200,2788816,39,음식점
타워차이 본점,서울특별시 강남구 언주로30길 26 타워팰리스,127.0524442876,37.4880285818,,A05,A0502,A05020400,2926998,39,음식점
타이가든,서울특별시 중구 명동길 55 (명동1가),126.9854010143,37.5641824217,02-754-3005,A05,A0502,A05020700,2654144,39,음식점
타이거풀,서울특별시 성동구 성수이로7가길 7,127.0548953443,37.5408947093,,A05,A0502,A05020200,2845221,39,음식점
타임애프터타임,서울특별시 성동구 연무장길 28-16,127.0522483021,37.5430388568,,A05,A0502,A05020900,2894746,39,음식점
타지펠리스,서울특별시 용산구 우사단로 39,126.9954370746,37.5336861454,02-790-5786,A05,A0502,A05020700,820610,39,음식점
타코마이너,서울특별시 성동구 뚝섬로 358,127.0504846626,37.5399141883,,A05,A0502,A05020200,2895024,39,음식점
타쿠미곤,서울특별시 서초구 사평대로18길 10 부림빌딩,126.9956213868,37.4984596841,,A05,A0502,A05020300,2856757,39,음식점
탐광,서울특별시 성동구 연무장5가길 26,127.0554341176,37.5432277812,,A05,A0502,A05020300,2894728,39,음식점
탐라도야지 본점,서울특별시 서초구 서초대로50길 82 정원빌딩,127.0135727797,37.4896443629,,A05,A0502,A05020100,2860963,39,음식점
태극당,서울특별시 중구 동호로24길 7,127.0051076826,37.5595805325,,A05,A0502,A05020900,2721659,39,음식점
태림산채정식,서울특별시 도봉구 노해로60길 32,127.0342413467,37.6499761029,02-998-5468,A05,A0502,A05020100,232242,39,음식점
태문네,서울특별시 강서구 양천로28길 40,126.8206047254,37.5714397417,,A05,A0502,A05020100,2849527,39,음식점
태양정육식당,서울특별시 영등포구 문래로 92-3,126.8922691076,37.5190859947,,A05,A0502,A05020100,2864236,39,음식점
태양커피,서울특별시 서초구 서초대로25길 55,126.9928329833,37.4902466989,,A05,A0502,A05020900,2847224,39,음식점
태조대림감자국,서울특별시 은평구 응암로 172,126.9166871824,37.5872146236,02-306-6535,A05,A0502,A05020100,712673,39,음식점
태향,서울특별시 용산구 후암로57길 3-10,126.9746550810,37.5532557207,,A05,A0502,A05020400,2836432,39,음식점
터방내,서울특별시 동작구 흑석로 101-7 (흑석동),126.9608465042,37.5080635012,02-813-4434,A05,A0502,A05020900,2689454,39,음식점
터치더스카이,서울특별시 영등포구 63로 50,126.9399203060,37.5196423374,02-789-5761,A05,A0502,A05020200,1567401,39,음식점
털보네소머리집,서울특별시 영등포구 도림천로11길 25-2,126.8981304407,37.4922225536,02-841-1138,A05,A0502,A05020100,2682650,39,음식점
텅 성수 스페이스,서울특별시 성동구 성수이로 82,127.0565618190,37.5423140190,,A05,A0502,A05020900,2894711,39,음식점
텅앤그루브조인트,서울특별시 용산구 보광로60길 7,126.9945371451,37.5340749723,02-790-7036,A05,A0502,A05020100,2495404,39,음식점
테니 Tenne,서울특별시 성동구 뚝섬로17가길 55,127.0592060559,37.5411475352,,A05,A0502,A05020900,2871025,39,음식점
테디스오븐,서울특별시 성동구 서울숲2길 43,127.0434851119,37.5465299603,,A05,A0502,A05020900,2895045,39,음식점
테라스룸,서울특별시 강남구 선릉로152길 37 (청담동),127.0426969134,37.5247074809,,A05,A0502,A05020200,2845806,39,음식점
테르미니 서울여대점,서울특별시 노원구 화랑로53길 12,127.0941115580,37.6265160221,,A05,A0502,A05020200,2842572,39,음식점
테르트르카페,서울특별시 종로구 낙산5길 46,127.0112065965,37.5782756916,,A05,A0502,A05020900,2783358,39,음식점
테이블포포,서울특별시 서초구 사평대로14길 11 대성빌딩,126.9944576221,37.4977875195,,A05,A0502,A05020200,2860187,39,음식점
테이스티버거,서울특별시 마포구 상수동 317-2 행운빌딩,126.9207184697,37.5483025521,,A05,A0502,A05020200,2946704,39,음식점
텍사스 데 브라질(Texas de Brazil),서울특별시 서초구 사평대로 205,127.0078367714,37.5044703165,02-6282-5000,A05,A0502,A05020200,2049449,39,음식점
텐동식당,서울특별시 성동구 연무장5가길 20-1,127.0549230488,37.5433916419,,A05,A0502,A05020300,2895269,39,음식점
텐바,서울특별시 성동구 연무장길 41-22,127.0542481104,37.5433860747,,A05,A0502,A05020300,2895286,39,음식점
토다이 명동,서울특별시 중구 명동길 14,126.9829179274,37.5634741263,02-3783-4200,A05,A0502,A05020100,2689442,39,음식점
토담골,서울특별시 강남구 삼성로 766 유림빌딩,127.0482353381,37.5233077433,,A05,A0502,A05020100,2903399,39,음식점
토라카츠,서울특별시 성북구 장월로1길 90,127.0437778666,37.6050870499,,A05,A0502,A05020300,2869851,39,음식점
토말 본점,서울특별시 강남구 선릉로121길 13 (논현동),127.0412251358,37.5137476164,,A05,A0502,A05020100,2870724,39,음식점
토속정,서울특별시 종로구 우정국로 4-1,126.9833038399,37.5692456843,02-720-2192,A05,A0502,A05020100,2653611,39,음식점
토속촌삼계탕,서울특별시 종로구 자하문로5길 5,126.9715935592,37.5776167233,02-737-7444,A05,A0502,A05020100,132815,39,음식점
톡톡,서울특별시 강남구 학동로97길 41 리유빌딩,127.0543264739,37.5224690612,,A05,A0502,A05020200,2903418,39,음식점
톰볼라,서울특별시 서초구 서래로7길 16,126.9974600971,37.4988430061,02-593-4660,A05,A0502,A05020200,403534,39,음식점
통나무집,서울특별시 서초구 헌인릉길 9 (내곡동),127.0817673588,37.4619154733,02-445-0662,A05,A0502,A05020100,1985744,39,음식점
통돼지두루치기,서울특별시 종로구 종로 252-6,127.0057156423,37.5707931292,02-2266-9290,A05,A0502,A05020100,2653616,39,음식점
통의동 국빈관,서울특별시 종로구 자하문로2길 17-4,126.9738378249,37.5766835391,,A05,A0502,A05020100,2944630,39,음식점
통일집,서울특별시 중구 마른내로4길 31-3 (충무로4가),126.9936308572,37.5628771653,02-2273-0824,A05,A0502,A05020100,2023333,39,음식점
툇마루밥상,"서울특별시 송파구 송파대로 111 (문정동, 파크하비오)",127.1232269102,37.4819416730,,A05,A0502,A05020100,2758137,39,음식점
투뿔등심 가로수길,서울특별시 강남구 가로수길 73,127.0222460488,37.5229073227,02-515-5712,A05,A0502,A05020100,2689439,39,음식점
투뿔등심 논현 본점,서울특별시 강남구 언주로148길 19 청호빌딩,127.0360865064,37.5211050029,,A05,A0502,A05020100,2871160,39,음식점
툭툭누들타이,서울특별시 마포구 성미산로 161-8,126.9240204706,37.5651700960,0507-1400-5130,A05,A0502,A05020700,1906858,39,음식점
튜토리얼,서울특별시 마포구 상수동 310-12,126.9221711206,37.5481026020,,A05,A0502,A05020900,2946095,39,음식점
트레비아,서울특별시 용산구 이태원로15길 1,126.9901736363,37.5346970445,02-794-6003,A05,A0502,A05020200,2689436,39,음식점
트레스드,서울특별시 송파구 백제고분로15길 50,127.0847462863,37.5098182999,,A05,A0502,A05020900,2810230,39,음식점
티룸,서울특별시 성동구 서울숲길 52,127.0432573155,37.5479186837,,A05,A0502,A05020900,2895090,39,음식점
티테라피,서울특별시 종로구 윤보선길 74,126.9835674223,37.5792167528,,A05,A0502,A05020900,2782690,39,음식점
파고,서울특별시 관악구 행운1길 40 신화로즈빌,126.9574031441,37.4807055061,,A05,A0502,A05020200,2842693,39,음식점
파라디,서울특별시 성동구 뚝섬로9길 3-1,127.0567757900,37.5387366603,,A05,A0502,A05020200,2899160,39,음식점
파롤앤랑그,서울특별시 마포구 성미산로29안길 8,126.9228705788,37.5650367567,,A05,A0502,A05020900,2845157,39,음식점
파르미이탈리아노,서울특별시 서대문구 연세로 24,126.9371444811,37.5578267394,02-365-1080,A05,A0502,A05020200,2689511,39,음식점
파르코,서울특별시 성동구 서울숲2길 44,127.0433934589,37.5463605337,,A05,A0502,A05020200,2895105,39,음식점
파불라,서울특별시 강남구 도산대로81길 51 루미안빌,127.0457771198,37.5271350321,,A05,A0502,A05020400,2903435,39,음식점
파스타얼론,"서울특별시 성북구  종암로9길 (86, 종암2차)",127.0331346003,37.5977654873,,A05,A0502,A05020200,2807120,39,음식점
파시0914,서울특별시 강남구 도산대로45길 15 (신사동),127.0351337538,37.5232825107,,A05,A0502,A05020200,2870076,39,음식점
파씨오네,서울특별시 강남구 언주로164길 39,127.0367640978,37.5255100592,,A05,A0502,A05020200,2870092,39,음식점
파전집,서울특별시 종로구 돈화문로11길 27,126.9900031362,37.5725287563,02-742-6763,A05,A0502,A05020100,2642734,39,음식점
파주감악산 대학로,서울특별시 종로구 대학로12길 4,127.0022045172,37.5825750305,02-747-7274,A05,A0502,A05020100,2653619,39,음식점
파쿠모리 홍대,서울특별시 마포구 어울마당로 132-1,126.9248123279,37.5558489710,02-3142-5553,A05,A0502,A05020300,2643067,39,음식점
파크 하얏트 서울 코너스톤,서울특별시 강남구 테헤란로 606,127.0642648482,37.5087152814,02-2016-1220~1221,A05,A0502,A05020200,1290358,39,음식점
파툼(FATUM),서울특별시 종로구 삼청로 86-5,126.9821368841,37.5832023745,02-739-9888,A05,A0502,A05020900,1154331,39,음식점
파티세리 아모니,서울특별시 성동구 광나루로 152,127.0470735343,37.5514738947,,A05,A0502,A05020900,2899167,39,음식점
팔각도 본점,"서울특별시 구로구 경인로 643 (신도림동, 신도림2차동아아파트)",126.8865560464,37.5081899366,,A05,A0502,A05020100,3441589,39,음식점
팔당닭발 강남본점,서울특별시 강남구 학동로45길 7,127.0378475786,37.5168194216,,A05,A0502,A05020100,2754713,39,음식점
팔레드 신,서울특별시 중구 퇴계로 67 AK타워,126.9794822383,37.5596106243,,A05,A0502,A05020400,2914050,39,음식점
팔오삼,서울특별시 종로구 인사동12길 16,126.9851312933,37.5748200692,070-8832-0853,A05,A0502,A05020100,2679076,39,음식점
팜티진쌀국수,서울특별시 성동구 왕십리로 58 FORHU,127.0452211721,37.5427498754,,A05,A0502,A05020700,2898953,39,음식점
팥동동,서울특별시 은평구 연서로48길 31 (진관동),126.9383282120,37.6380952050,02-359-2223,A05,A0502,A05020100,3446122,39,음식점
패션5(Passion 5),서울특별시 용산구 이태원로 272 (한남동),127.0020891025,37.5387634524,,A05,A0502,A05020900,1142774,39,음식점
팩피,서울특별시 성동구 왕십리로 136,127.0445793661,37.5497462735,,A05,A0502,A05020200,2898970,39,음식점
퍼스트플러스에이드,서울특별시 영등포구 의사당대로 83 오투타워,126.9234661436,37.5234193821,,A05,A0502,A05020200,2907174,39,음식점
퍼퓰러,서울특별시 중구 을지로44길 2,127.0066018078,37.5660325873,02-792-9119,A05,A0502,A05020700,2642948,39,음식점
펄쉘,서울특별시 강남구 도산대로55길 45 십이.이.사.칠빌딩,127.0409192433,37.5266405581,,A05,A0502,A05020200,2903452,39,음식점
페넬로페,서울특별시 강북구 노해로8길 1,127.0231982518,37.6379523025,02-908-0298,A05,A0502,A05020200,2685268,39,음식점
페르바코,서울특별시 광진구 능동로16길 30 (화양동),127.0748434175,37.5447862830,,A05,A0502,A05020200,3354875,39,음식점
페르시안궁전,서울특별시 종로구 성균관로6길 9 (명륜2가),126.9975798705,37.5849635583,02-763-6050,A05,A0502,A05020700,402988,39,음식점
페스타 바이 충후,서울특별시 중구 장충단로 60 (장충동2가),127.0008721955,37.5511758769,,A05,A0502,A05020200,2854053,39,음식점
페스토리,서울특별시 성동구 연무장길 37-14,127.0537648225,37.5433388493,010-7705-1180,A05,A0502,A05020900,2999404,39,음식점
페어링룸,서울특별시 강남구 도산대로81길 14 (청담동),127.0478547564,37.5254352671,,A05,A0502,A05020200,2845220,39,음식점
페어필드커피,서울특별시 관악구 남부순환로247길 23 (봉천동),126.9668468291,37.4771671966,,A05,A0502,A05020900,3415204,39,음식점
페트라,서울특별시 용산구 녹사평대로40길 33,126.9877377467,37.5347053328,,A05,A0502,A05020700,2899584,39,음식점
페페그라노,서울특별시 노원구 공릉로32길 5,127.0796213371,37.6221079395,,A05,A0502,A05020700,2823092,39,음식점
평래옥,서울특별시 중구 마른내로 21-1 (저동2가),126.9904005365,37.5649657536,02-2267-5892,A05,A0502,A05020100,2039626,39,음식점
평안도만두집,서울특별시 종로구 새문안로3길 30 (내수동),126.9732963182,37.5727895374,02-723-6592,A05,A0502,A05020100,834706,39,음식점
평안도족발집,서울특별시 중구 장충단로 174-6 (장충동1가),127.0060631299,37.5603165752,02-2279-9759,A05,A0502,A05020100,699156,39,음식점
평양면옥,서울특별시 중구 장충단로 207,127.0064685722,37.5630190466,02-2267-7784,A05,A0502,A05020100,133860,39,음식점
평양집,서울특별시 용산구 한강대로 186,126.9739889933,37.5349133954,,A05,A0502,A05020100,2837937,39,음식점
평양칼국수,서울특별시 노원구 동일로242길 8-4,127.0557025471,37.6756012870,,A05,A0502,A05020100,2842597,39,음식점
평창동 북악정,서울특별시 종로구 평창36길 6,126.9777475973,37.6113490234,02-394-2340,A05,A0502,A05020100,582375,39,음식점
포담,서울특별시 종로구 자하문로9길 11,126.9705963783,37.5793665018,02-733-0831,A05,A0502,A05020400,2642758,39,음식점
포덕,"서울특별시 중구 명동10길 7, 3층",126.9853677026,37.5635269415,02-755-5233,A05,A0502,A05020100,2653694,39,음식점
포도식당,서울특별시 강남구 논현로167길 13,127.0270344568,37.5244933359,02-514-9252,A05,A0502,A05020100,2653688,39,음식점
포도원삼계탕,서울특별시 종로구 창경궁로26길 41-5,126.9996964232,37.5822000284,02-743-6541,A05,A0502,A05020100,2653724,39,음식점
포브라더스 도곡점,서울특별시 강남구 논현로28길 40 (도곡동),127.0453367123,37.4840733578,,A05,A0502,A05020700,2845238,39,음식점
포비 베이직,서울특별시 마포구 양화로3길 66,126.9110664668,37.5520019494,,A05,A0502,A05020900,2871326,39,음식점
포크랜드,서울특별시 종로구 창경궁로 258-10,127.0002990985,37.5838748442,02-745-7878,A05,A0502,A05020100,2670580,39,음식점
포포브레드,서울특별시 마포구 동교로18길 13 (서교동),126.9171325072,37.5546100886,,A05,A0502,A05020900,3453656,39,음식점
포폴라리타,서울특별시 서초구 사평대로22길 41,126.9978156506,37.4977570276,02-593-2340,A05,A0502,A05020200,2689432,39,음식점
폴인레미유 성수점,서울특별시 성동구 왕십리로14길 34-8,127.0475957973,37.5483687103,,A05,A0502,A05020900,2899031,39,음식점
폴인팬케이크 강남,서울특별시 강남구 봉은사로6길 29,127.0275433477,37.5031708210,02-444-8952,A05,A0502,A05020900,2654174,39,음식점
폴인팬케이크 대학로,"서울특별시 종로구 동숭길 136, 3층",127.0028266508,37.5836999107,02-332-8952,A05,A0502,A05020900,2654175,39,음식점
폴인팬케이크 홍대,서울특별시 마포구 와우산로29가길 86,126.9247790549,37.5538297606,02-336-8952,A05,A0502,A05020900,2654187,39,음식점
푸드떼,서울특별시 종로구 율곡로1길 40-37,126.9813815438,37.5780390722,,A05,A0502,A05020900,2941249,39,음식점
푸주옥,서울특별시 양천구 남부순환로 663,126.8429766262,37.5102805829,,A05,A0502,A05020100,2758120,39,음식점
푼주,서울특별시 송파구 새말로 114 (문정동),127.1266432455,37.4826805376,,A05,A0502,A05020100,3485244,39,음식점
품 서울,서울특별시 강남구 삼성로126길 6,127.0516796315,37.5175723603,02-777-9007,A05,A0502,A05020100,1303254,39,음식점
풍년뼈다귀해장국,서울특별시 송파구 가락로 94,127.1067278751,37.5008086304,,A05,A0502,A05020100,2758158,39,음식점
풍류사랑,서울특별시 종로구 인사동8길 12-7,126.9862145541,37.5738924186,02-739-0809,A05,A0502,A05020100,135103,39,음식점
풍미연,서울특별시 노원구 노해로85길 7 큰집돌솥설렁탕,127.0648356150,37.6557232085,,A05,A0502,A05020100,2834821,39,음식점
풍천장어마을즉석숯불구이,서울특별시 송파구 송파대로 54 포도청,127.1282488655,37.4752536507,,A05,A0502,A05020100,2842318,39,음식점
프라자손칼국수,서울특별시 송파구 동남로18길 40 프라자아파트,127.1340172809,37.4930211370,,A05,A0502,A05020100,2846022,39,음식점
프로간장게장 신사,서울특별시 서초구 강남대로97길 9,127.0191882280,37.5146332285,02-543-4126,A05,A0502,A05020100,2678970,39,음식점
프롤라,서울특별시 성동구 연무장17길 5,127.0609531148,37.5413058815,,A05,A0502,A05020900,2899175,39,음식점
프리퍼,서울특별시 서초구 반포대로5길 4 성원빌딩,127.0114454078,37.4821313078,,A05,A0502,A05020900,2847260,39,음식점
플래드카페 서울숲,서울특별시 성동구 서울숲2길 12-7 (성수동1가),127.0398882001,37.5471437129,,A05,A0502,A05020900,3444690,39,음식점
플랜트,서울특별시 용산구 보광로 117,126.9942483066,37.5332139565,,A05,A0502,A05020700,2024964,39,음식점
플레어비 도곡점,서울특별시 강남구 논현로26길 33,127.0449312099,37.4835067493,,A05,A0502,A05020900,2847150,39,음식점
플레이버타운,서울특별시 성동구 서울숲4길 18-7,127.0429407030,37.5470326702,,A05,A0502,A05020700,2899077,39,음식점
피아노 카페,서울특별시 마포구 와우산로23길 18-5,126.9244540811,37.5539297432,02-323-7942,A05,A0502,A05020900,1859138,39,음식점
피양콩할마니,서울특별시 강남구 삼성로81길 30 (대치동),127.0552546859,37.5041628703,,A05,A0502,A05020100,2871203,39,음식점
피어커피,서울특별시 성동구 광나루로4가길 24,127.0548951151,37.5489743258,,A05,A0502,A05020900,2899183,39,음식점
피에르 가니에르,서울특별시 중구 을지로 30,126.9809819395,37.5653516507,02-317-7181,A05,A0502,A05020200,1303335,39,음식점
피오니,서울특별시 마포구 독막로7길 51,126.9197796143,37.5501384332,,A05,A0502,A05020900,2848973,39,음식점
피자힙 잠실송리단길점,서울특별시 송파구 백제고분로45길 21-9 (송파동),127.1089718639,37.5096659758,,A05,A0502,A05020200,3021289,39,음식점
피터팬1978,서울특별시 서대문구 증가로 10,126.9316807626,37.5694252940,,A05,A0502,A05020900,2839897,39,음식점
필경재,서울특별시 강남구 광평로 205,127.0952515949,37.4848352783,02-445-2115,A05,A0502,A05020100,1316173,39,음식점
필녀의 한정식,서울특별시 송파구 동남로 308 KOBA빌딩,127.1383582761,37.5027589744,,A05,A0502,A05020100,2848188,39,음식점
필동면옥,서울특별시 중구 서애로 26,126.9970195064,37.5604469530,,A05,A0502,A05020100,403081,39,음식점
필로베이커리,서울특별시 마포구 홍익로2길 27-22,126.9244845866,37.5556101039,,A05,A0502,A05020900,2989022,39,음식점
필즈커피 FILLZ COFFEE,서울특별시 은평구 진관2로 15-8 (진관동),126.9195744428,37.6354479546,,A05,A0502,A05020900,3443357,39,음식점
핑크솔트 숯불구이,서울특별시 마포구 양화로 16,126.9110637937,37.5483162675,,A05,A0502,A05020100,2871345,39,음식점
하나면옥,서울특별시 종로구 돈화문로4길 30,126.9939139600,37.5701068858,,A05,A0502,A05020100,2816893,39,음식점
하나샤부정,서울특별시 강남구 테헤란로81길 62,127.0558544503,37.5105510283,02-538-7114,A05,A0502,A05020100,2382997,39,음식점
하나일식,서울특별시 용산구 이촌로64길 61 장미아파트,126.9677122008,37.5202816496,,A05,A0502,A05020300,2860408,39,음식점
하남돼지집 동대문,서울특별시 중구 을지로43길 5-4,127.0066378954,37.5667575038,02-2266-3030,A05,A0502,A05020100,2643066,39,음식점
하남돼지집 시청역,서울특별시 중구 세종대로 66,126.9766879758,37.5622019396,02-777-3123,A05,A0502,A05020100,2653622,39,음식점
하니칼국수,서울특별시 중구 퇴계로 411-15 (흥인동),127.0171952818,37.5662216446,,A05,A0502,A05020100,2719780,39,음식점
하단,서울특별시 성북구 성북로6길 14 (성북동),127.0049846088,37.5899992171,02-764-5744,A05,A0502,A05020100,2469474,39,음식점
하루앤원데이,서울특별시 성동구 성수동2가 314-5 S TOWER,127.0542591799,37.5448053547,,A05,A0502,A05020900,2946405,39,음식점
하림각,서울특별시 종로구 자하문로 255,126.9621716384,37.5972753796,,A05,A0502,A05020400,133770,39,음식점
하모,서울특별시 강남구 언주로 819,127.0327173043,37.5233880107,02-515-4266,A05,A0502,A05020100,1874704,39,음식점
하밀베이글,서울특별시 마포구 월드컵북로 402 (상암동),126.8890565676,37.5801982781,,A05,A0502,A05020900,3452628,39,음식점
하오아,서울특별시 강서구 양천로 731 염창동동아3차아파트,126.8771807426,37.5493294326,,A05,A0502,A05020400,2809048,39,음식점
하오차이,서울특별시 서초구 효령로 260 서초빌딩,127.0126507972,37.4840949903,,A05,A0502,A05020400,2860349,39,음식점
하우스서울,서울특별시 송파구 백제고분로9길 5 (잠실동),127.0796884233,37.5094543619,,A05,A0502,A05020900,3334388,39,음식점
하이라인,서울특별시 성동구 성덕정9길 10,127.0499597347,37.5390531677,,A05,A0502,A05020900,2907161,39,음식점
하츠베이커리,서울특별시 송파구 중대로 210,127.1271899119,37.5004840363,,A05,A0502,A05020900,2783402,39,음식점
하카다분코,서울특별시 마포구 독막로19길 43,126.9237737273,37.5489719733,02-338-5536,A05,A0502,A05020300,2678917,39,음식점
하하,서울특별시 마포구 동교로 263,126.9251731952,37.5633092216,02-337-0211,A05,A0502,A05020100,2679040,39,음식점
하하&김종국의 401정육식당,서울특별시 마포구 서교동 395-17,126.9202489975,37.5507966992,,A05,A0502,A05020100,2946096,39,음식점
학림다방,서울특별시 종로구 대학로 119,127.0016684740,37.5819084313,02-742-2877,A05,A0502,A05020900,2389009,39,음식점
한가람,서울특별시 중구 남대문로 5길 25,126.9789460931,37.5625741592,02-318-3088,A05,A0502,A05020100,2653623,39,음식점
한강껍데기,서울특별시 마포구 망원로 48-1,126.9023032440,37.5567262442,,A05,A0502,A05020100,2871363,39,음식점
한강옥,서울특별시 중구 을지로3길 21,126.9815151755,37.5670764595,02-777-6678,A05,A0502,A05020100,2653628,39,음식점
한강집,서울특별시 용산구 백범로 400,126.9730307220,37.5358160512,,A05,A0502,A05020100,2851094,39,음식점
한강파라다이스,서울특별시 영등포구 여의동로 252 (여의도동),126.9415922843,37.5228919897,02-447-3333,A05,A0502,A05020200,135385,39,음식점
한강회관,서울특별시 용산구 이촌로75길 10-3,126.9743671454,37.5204511936,,A05,A0502,A05020100,2854888,39,음식점
한교방 서울면옥,서울특별시 강남구 학동로45길 8 유화빌딩,127.0381225519,37.5168749748,,A05,A0502,A05020100,2809778,39,음식점
한국관,서울특별시 종로구 성균관로 40,126.9969604412,37.5864272658,02-764-6953,A05,A0502,A05020100,2653636,39,음식점
한국순대(서초구),서울특별시 서초구 바우뫼로35길 4,127.0397706998,37.4788571970,,A05,A0502,A05020100,2757738,39,음식점
한국에서두번째양평해장국전문,서울특별시 영등포구 도신로 189,126.9121480713,37.5113205856,02-845-3400,A05,A0502,A05020100,2682769,39,음식점
한국의집,서울특별시 중구 퇴계로36길 10 (필동2가),126.9945141838,37.5602774831,02-2266-9101,A05,A0502,A05020100,133350,39,음식점
한국회관,서울특별시 서초구 사평대로18길 10 부림빌딩,126.9956213868,37.4984596841,,A05,A0502,A05020100,2854987,39,음식점
한그릇,서울특별시 종로구 삼청로 136,126.9819284481,37.5874963161,02-720-5613,A05,A0502,A05020100,2653637,39,음식점
한남동감자탕,서울특별시 용산구 대사관로 73,127.0061638826,37.5334197014,,A05,A0502,A05020100,2855434,39,음식점
한남북엇국,서울특별시 용산구 독서당로 65-7,127.0080914674,37.5340196662,02-2297-1988,A05,A0502,A05020100,2678891,39,음식점
한남작업실,서울특별시 용산구 이태원로55나길 7 (한남동),126.9987505796,37.5365803127,,A05,A0502,A05020900,2860101,39,음식점
한냄비,서울특별시 성동구 왕십리로 66-26 우성빌딩,127.0450406238,37.5430970541,,A05,A0502,A05020300,2907164,39,음식점
한라산 청담점,서울특별시 강남구 도산대로81길 51 루미안빌,127.0457771198,37.5271350321,,A05,A0502,A05020100,2903470,39,음식점
한라의집,서울특별시 종로구 새문안로9길 29-1,126.9753878348,37.5713647405,"02-737-7484,7483",A05,A0502,A05020100,402985,39,음식점
한모네 순대국,서울특별시 광진구 자양로18길 56,127.0866814202,37.5380317251,02-446-8977,A05,A0502,A05020100,2373378,39,음식점
한미옥,서울특별시 강남구 선릉로 822 (청담동),127.0401887917,37.5253101437,,A05,A0502,A05020100,2870750,39,음식점
한방족발,서울특별시 마포구 만리재로 19,126.9532294950,37.5447729890,02-706-2126,A05,A0502,A05020100,737674,39,음식점
한빛살한우,서울특별시 강남구 삼성로100길 23-11,127.0569515649,37.5108149064,0507-1406-2256,A05,A0502,A05020100,2689433,39,음식점
한상차림밥상,서울특별시 동대문구 한빛로 28 (신설동),127.0259552633,37.5779204423,,A05,A0502,A05020100,2839360,39,음식점
한성돈까스,서울특별시 서초구 강남대로97길 10 (잠원동),127.0191104526,37.5148109841,,A05,A0502,A05020300,2855008,39,음식점
한아람,서울특별시 송파구 위례성대로 34,127.1160377125,37.5158459413,,A05,A0502,A05020100,2840103,39,음식점
한암동 정동점,서울특별시 중구 정동길 21-15 정동빌딩,126.9712744341,37.5673484663,,A05,A0502,A05020100,2914031,39,음식점
한양국수돈삼오,서울특별시 종로구 종로46길 9,127.0108984920,37.5711931758,02-764-4718,A05,A0502,A05020100,2653638,39,음식점
한양코다리,서울특별시 용산구 후암로57길 65,126.9741468669,37.5506587917,,A05,A0502,A05020100,2907192,39,음식점
한옥갈비,서울특별시 종로구 종로40가길 20 (종로5가),127.0055489989,37.5705237130,,A05,A0502,A05020100,3019148,39,음식점
한옥달,서울특별시 종로구  자하문로1가길 (9),126.9720046508,37.5769779162,,A05,A0502,A05020200,2807122,39,음식점
한옥카페 선운각,서울특별시 강북구 삼양로173길 223 (우이동),127.0022162607,37.6580273674,,A05,A0502,A05020900,2832918,39,음식점
한우삼겹,서울특별시 중구 명동4길 31,126.9841039641,37.5622826191,02-318-0028,A05,A0502,A05020100,2679087,39,음식점
한일관 광화문,서울특별시 종로구 종로1길 50,126.9790401823,37.5747810757,02-722-7557,A05,A0502,A05020100,2689427,39,음식점
한일관 영등포,서울특별시 영등포구 영중로 15,126.9037292256,37.5172864086,02-2638-2735,A05,A0502,A05020100,2689426,39,음식점
한일옥,서울특별시 종로구 수표로 94 한일타워,126.9897004692,37.5695902036,,A05,A0502,A05020100,2938591,39,음식점
한입소반,서울특별시 용산구 청파로45길 3,126.9703362871,37.5441567006,,A05,A0502,A05020100,2851009,39,음식점
한정식대문,서울특별시 도봉구 시루봉로 139-6,127.0274971247,37.6637466023,02-956-0843,A05,A0502,A05020100,2689425,39,음식점
한쿡 N서울타워,서울특별시 용산구 남산공원길 105,126.9878983791,37.5511089858,02-3455-9292,A05,A0502,A05020100,135131,39,음식점
한티옥,서울특별시 강남구 도곡로 418 강원빌딩,127.0562631303,37.4970109405,,A05,A0502,A05020100,2870779,39,음식점
할랄가이즈 강남,서울특별시 서초구 강남대로69길 8,127.0246575352,37.5019070268,02-595-1800,A05,A0502,A05020200,2642950,39,음식점
할랄가이즈 이태원,서울특별시 용산구 이태원로 187,126.9947926585,37.5347610087,02-794-8308,A05,A0502,A05020200,2670590,39,음식점
할랄가이즈 홍대,서울특별시 마포구 양화로 161,126.9233374302,37.5569904785,02-332-1802,A05,A0502,A05020200,2642951,39,음식점
할머니냉면,서울특별시 동대문구 왕산로37길 51,127.0437701812,37.5823341385,,A05,A0502,A05020100,2842974,39,음식점
할머니의 레시피,서울특별시 성동구 서울숲2길 44-12,127.0431018227,37.5462299888,,A05,A0502,A05020100,2895145,39,음식점
할머니집,서울특별시 중구 명동9길 39,126.9837316791,37.5657044369,02-757-4167,A05,A0502,A05020100,2678974,39,음식점
할범탕수육,서울특별시 양천구 목동중앙북로 15,126.8653873949,37.5485848640,02-2652-0883,A05,A0502,A05020400,2689424,39,음식점
함경도찹쌀순대,서울특별시 송파구 송파대로28길 32,127.1213406056,37.4947957029,02-403-8822,A05,A0502,A05020100,2689422,39,음식점
함초간장게장,"서울특별시 중구 명동 8가길 27, 지하1층",126.9865898579,37.5619632560,02-318-1624,A05,A0502,A05020100,2653639,39,음식점
함흥곰보냉면,서울특별시 종로구 창경궁로 109 (인의동),126.9974746882,37.5721650440,,A05,A0502,A05020100,834646,39,음식점
함흥냉면,서울특별시 중구 마른내로 108,126.9999163543,37.5643271100,02-2267-9500,A05,A0502,A05020100,2624847,39,음식점
함흥냉면,서울특별시 영등포구 영등포로42길 6,126.9068011188,37.5190445920,02-2678-2722,A05,A0502,A05020100,2682615,39,음식점
함흥면옥 압구정점,서울특별시 강남구 논현로 826 제이와이(JY빌딩),127.0285621581,37.5222797312,,A05,A0502,A05020100,2903490,39,음식점
함흥본가면옥,서울특별시 강동구 양재대로 1428 성림빌딩,127.1388629142,37.5333998707,,A05,A0502,A05020100,2913997,39,음식점
함흥에겨울냉면,서울특별시 중구 동호로24길 21,127.0052354312,37.5601887971,02-2279-2770,A05,A0502,A05020100,133837,39,음식점
합정옥,서울특별시 마포구 양화로1길 21,126.9104721432,37.5496466571,,A05,A0502,A05020100,2871395,39,음식점
해남낙지,서울특별시 중구 을지로41길 28 (을지로6가),127.0066795499,37.5670491371,,A05,A0502,A05020100,2807678,39,음식점
해랑,서울특별시 강남구 봉은사로1길 39 (논현동),127.0239046718,37.5073286061,02-544-7270,A05,A0502,A05020100,2049289,39,음식점
해림커피호프,서울특별시 영등포구 도림천로11길 25,126.8979998993,37.4921420049,02-831-3826,A05,A0502,A05020100,2682698,39,음식점
해몽,서울특별시 종로구 인사동길 15-5,126.9864173606,37.5722231720,02-735-4229,A05,A0502,A05020100,2653717,39,음식점
해물사령부,서울특별시 종로구 종로31가길 10,127.0000827780,37.5723622901,02-763-8882,A05,A0502,A05020100,2653644,39,음식점
해방촌 혼고,서울특별시 용산구 신흥로 89,126.9854654198,37.5457317890,,A05,A0502,A05020100,2740116,39,음식점
해봉정육,서울특별시 강남구 테헤란로108길 25,127.0665646644,37.5078182048,,A05,A0502,A05020100,2783353,39,음식점
해심,서울특별시 영등포구 당산로36길 1-2,126.8980488690,37.5285988814,02-2631-7890,A05,A0502,A05020100,2682877,39,음식점
해안반점,서울특별시 강동구 고덕로10길 48,127.1294993267,37.5527363448,02-442-2349,A05,A0502,A05020400,855028,39,음식점
해오름봉평메밀막국수,서울특별시 영등포구 버드나루로19길 3,126.9077313239,37.5284601817,02-2068-1002,A05,A0502,A05020100,2682864,39,음식점
해우담 본점,서울특별시 서초구 강남대로 349 우남빌딩,127.0291879005,37.4940302453,,A05,A0502,A05020100,2856763,39,음식점
해주냉면,서울특별시 송파구 백제고분로7길 8-16,127.0798078496,37.5097126675,02-424-7192,A05,A0502,A05020100,134798,39,음식점
해품장팔팔장어,서울특별시 노원구 노원로 192,127.0795514599,37.6375005931,,A05,A0502,A05020100,2842617,39,음식점
햇빛촌순대국 본점,서울특별시 강서구 강서로54길 102 세범빌딩,126.8442640411,37.5585416631,,A05,A0502,A05020100,2849541,39,음식점
행복한콩이야기,서울특별시 종로구 수표로 89-11,126.9888200042,37.5692263412,02-2274-2247,A05,A0502,A05020100,2642767,39,음식점
행운돈까스,서울특별시 성동구 마조로1길 2,127.0403183968,37.5584229665,02-2296-3406,A05,A0502,A05020100,2689419,39,음식점
향림,서울특별시 노원구 한글비석로 127 (하계동),127.0755378793,37.6395113979,02-976-8800,A05,A0502,A05020400,133995,39,음식점
향토,서울특별시 영등포구 국제금융로6길 30 (여의도동),126.9266186801,37.5217751850,,A05,A0502,A05020100,2663552,39,음식점
허리케인박 떡볶이닭발 (약속떡볶이),서울특별시 중구 퇴계로76길 58,127.0146789420,37.5627803328,02-2252-2616,A05,A0502,A05020100,697393,39,음식점
허머스키친,서울특별시 강남구 테헤란로 521 파르나스타워,127.0608234799,37.5092457134,,A05,A0502,A05020700,2836200,39,음식점
허형만의 압구정커피집,서울특별시 강남구 압구정로 151,127.0240901699,37.5284122719,02-511-5078,A05,A0502,A05020900,835066,39,음식점
헤리티지클럽,서울특별시 종로구 서순라길 75,126.9924862067,37.5738397597,,A05,A0502,A05020900,2907200,39,음식점
헤이더그린,서울특별시 강서구 대장로 58,126.7942384993,37.5425037478,,A05,A0502,A05020900,2832899,39,음식점
헤이로라,서울특별시 마포구 포은로 112,126.9047002398,37.5570095873,,A05,A0502,A05020200,2853400,39,음식점
헤키,서울특별시 마포구 월드컵로17길 38,126.9079333129,37.5557792327,,A05,A0502,A05020300,2834211,39,음식점
현대칼국수,서울특별시 중구 세종대로 76,126.9768490516,37.5629101933,02-752-9504,A05,A0502,A05020100,398344,39,음식점
현래장,서울특별시 마포구 마포대로 20 다보빌딩,126.9450026445,37.5384763513,,A05,A0502,A05020400,2915002,39,음식점
현복집 강남본점,서울특별시 강남구 도산대로50길 14 (논현동),127.0373502677,37.5215577509,,A05,A0502,A05020100,2871222,39,음식점
현우동,서울특별시 강남구 논현로149길 53 (논현동),127.0243210243,37.5170913692,,A05,A0502,A05020300,2871244,39,음식점
현해,서울특별시 강남구 도산대로 318 (논현동),127.0366558764,37.5219132526,,A05,A0502,A05020100,2853778,39,음식점
형제꼬치집,서울특별시 영등포구 디지털로 356,126.8999609122,37.4892784837,02-845-1140,A05,A0502,A05020100,2682646,39,음식점
혜성칼국수,서울특별시 동대문구 왕산로 247-1,127.0490141149,37.5834813221,02-967-6918,A05,A0502,A05020100,2689414,39,음식점
혜장국,서울특별시 서초구 사평대로56길 4,127.0227104442,37.5035123612,,A05,A0502,A05020100,2855086,39,음식점
혜화 양육관,서울특별시 종로구 대명1길 23,127.0008324180,37.5826499962,,A05,A0502,A05020400,2907187,39,음식점
혜화도담,서울특별시 종로구 대명1길 16-6,127.0004546626,37.5830777177,,A05,A0502,A05020100,2931776,39,음식점
혜화칼국수,서울특별시 종로구 창경궁로35길 13,127.0015155765,37.5866189920,,A05,A0502,A05020100,2902652,39,음식점
호경전 신세계백화점 본점,서울특별시 중구 소공로 63,126.9811237176,37.5609438324,02-310-5028,A05,A0502,A05020400,2624868,39,음식점
호남식당,서울특별시 중구 남대문시장길 18-6,126.9769824584,37.5598827704,02-775-5033,A05,A0502,A05020100,747811,39,음식점
호남집,서울특별시 종로구 종로40가길 5,127.0063683758,37.5702626470,02-2279-0996,A05,A0502,A05020100,1965675,39,음식점
호랑도,서울특별시 성동구 성수이로 147 (성수동2가),127.0575643414,37.5481022531,,A05,A0502,A05020100,2898937,39,음식점
호랑이,서울특별시 중구 을지로 157,126.9955083433,37.5671183729,,A05,A0502,A05020900,2785872,39,음식점
호랑이 초밥,서울특별시 성동구 아차산로7길 14,127.0547840881,37.5463690716,,A05,A0502,A05020300,2898954,39,음식점
호면정,서울특별시 종로구 청계천로 35 (서린동),126.9813928988,37.5693928548,,A05,A0502,A05020100,3094461,39,음식점
호무랑,서울특별시 강남구 도산대로 442 (청담동),127.0441051566,37.5233604406,,A05,A0502,A05020300,2853936,39,음식점
호밀밭,서울특별시 서대문구 신촌역로 43,126.9406191332,37.5589322291,02-392-5345,A05,A0502,A05020100,1908250,39,음식점
호수집,서울특별시 중구 청파로 443,126.9684971428,37.5591132631,02-392-0695,A05,A0502,A05020100,2689411,39,음식점
호야초밥참치 본점,서울특별시 광진구 능동로13길 39 한아름건물,127.0701494311,37.5437085456,,A05,A0502,A05020300,2838508,39,음식점
호재래,서울특별시 광진구 능동로35길 28,127.0776511443,37.5571432315,02-499-9372,A05,A0502,A05020400,2560282,39,음식점
호족반 청담,서울특별시 강남구 언주로164길 39 (신사동),127.0367640978,37.5255100592,,A05,A0502,A05020100,2855422,39,음식점
호호식당 대학로,서울특별시 종로구 대학로9길 35,127.0000491756,37.5819583965,,A05,A0502,A05020300,2826636,39,음식점
혼가츠,서울특별시 마포구 와우산로21길 36-6,126.9220543350,37.5526909557,0507-1399-8850,A05,A0502,A05020300,2685442,39,음식점
홈수끼,서울특별시 송파구 위례성대로 134 한스빌딩,127.1262618886,37.5120937839,,A05,A0502,A05020100,2839910,39,음식점
홍가네풍천장어,서울특별시 도봉구 방학로 290-7,127.0199422729,37.6632465236,,A05,A0502,A05020100,2842665,39,음식점
홍능갈비집본점,서울특별시 동대문구 제기로 85,127.0425840484,37.5868946986,,A05,A0502,A05020100,2835042,39,음식점
홍대반지카페,서울특별시 마포구 잔다리로6길 40-6 (서교동),126.9213099728,37.5521798906,,A02,A0203,A02030400,3082384,39,음식점
홍루몽,서울특별시 서초구 반포대로12길 26 (서초동),127.0127674327,37.4848421285,02-585-3330,A05,A0502,A05020400,2535558,39,음식점
홍명,서울특별시 강남구 논현로131길 10,127.0294872923,37.5145834191,,A05,A0502,A05020400,2754716,39,음식점
홍무양꼬치,서울특별시 영등포구 신길로60가길 1,126.9121146677,37.5138980630,02-6449-0326,A05,A0502,A05020100,2682720,39,음식점
홍미닭발 신사본점,서울특별시 강남구 도산대로1길 6,127.0203908259,37.5171385148,,A05,A0502,A05020100,2754719,39,음식점
홍미닭발 화곡동,서울특별시 강서구 화곡로56길 33,126.8518524352,37.5515287254,02-2697-4996,A05,A0502,A05020100,2689409,39,음식점
홍바이,"서울특별시 강서구  마곡동로3길 (6, NY타워)",126.8326539442,37.5601329381,,A05,A0502,A05020400,2806991,39,음식점
홍백,서울특별시 강남구 삼성로 571,127.0532463020,37.5124063211,02-3288-3382,A05,A0502,A05020100,2643071,39,음식점
홍어명가,서울특별시 영등포구 신길로 200-20,126.9115453697,37.5105456646,02-844-4244,A05,A0502,A05020100,738748,39,음식점
홍연,서울특별시 중구 소공로 106,126.9800598249,37.5645211757,02-317-0494,A05,A0502,A05020400,2624463,39,음식점
홍영재장수청국장,서울특별시 강남구 영동대로 424,127.0644843057,37.5075570864,,A05,A0502,A05020100,2871285,39,음식점
홍원,서울특별시 마포구 백범로 23,126.9354447097,37.5552214564,02-704-9667,A05,A0502,A05020400,681230,39,음식점
홍이네떡볶이,서울특별시 중랑구 망우로73길 26,127.1033308693,37.6017246257,,A05,A0502,A05020100,2835285,39,음식점
홍제동30년우동국수,서울특별시 은평구 서오릉로 242,126.9078177219,37.6163916272,,A05,A0502,A05020100,2846682,39,음식점
홍차이나,서울특별시 영등포구 버드나루로15길 15,126.9073203266,37.5257549332,02-2632-8893,A05,A0502,A05020100,2682871,39,음식점
홍콩반점0410(명동점),서울특별시 중구 명동10길 14,126.9851094002,37.5632714115,02-778-0410,A05,A0502,A05020400,857735,39,음식점
홍화돈,서울특별시 성동구 왕십리로4길 23-1 서경빌딩,127.0463709471,37.5470216218,,A05,A0502,A05020100,2895162,39,음식점
홍화족발빈대떡,서울특별시 종로구 종로 65,126.9847425609,37.5705400042,02-723-0614,A05,A0502,A05020100,2689507,39,음식점
화곡영양족발,서울특별시 강서구 초록마을로2길 48,126.8435173158,37.5433128647,,A05,A0502,A05020100,2849558,39,음식점
화담,서울특별시 영등포구 국회대로 800 여의도파라곤,126.9210967012,37.5309823503,,A05,A0502,A05020300,2855203,39,음식점
화떡 명동,서울특별시 중구 명동2가 54-26,126.9838289667,37.5630769665,02-753-9588,A05,A0502,A05020100,2661260,39,음식점
화로흑돈돈,서울특별시 종로구 돈화문로5길 34,126.9901726132,37.5708400667,02-3675-0191,A05,A0502,A05020100,2663383,39,음식점
화목순대국,서울특별시 영등포구 여의대방로 383 경도빌딩,126.9315183007,37.5193949937,,A05,A0502,A05020100,2852596,39,음식점
화양대박치킨1호,서울특별시 광진구 자양로13나길 17,127.0800599165,37.5339543017,02-462-4554,A05,A0502,A05020100,2685458,39,음식점
화춘옥 청담점,서울특별시 강남구 도산대로50길 15,127.0377280114,37.5215355379,,A05,A0502,A05020100,2991804,39,음식점
화포식당 시청,서울특별시 중구 남대문로1길 16,126.9776545644,37.5618436650,,A05,A0502,A05020100,2653099,39,음식점
화화돈 성수,서울특별시 성동구 연무장7가길 3,127.0548702788,37.5432833204,,A05,A0502,A05020200,2905346,39,음식점
화화일식,서울특별시 강남구 논현로 550 (역삼동),127.0352509187,37.5053096000,,A05,A0502,A05020300,2871309,39,음식점
황금목장 명동성당,서울특별시 중구 명동10길 23,126.9855871446,37.5629075731,02-318-2426,A05,A0502,A05020100,2642557,39,음식점
황금소 가락본점,서울특별시 송파구 송이로 138 수빌딩,127.1235126435,37.4943430165,,A05,A0502,A05020100,2848124,39,음식점
황금오리농장,서울특별시 양천구 국회대로 176,126.8544722937,37.5283175808,,A05,A0502,A05020100,2852797,39,음식점
황금옥찹쌀순대,서울특별시 마포구 월드컵로25길 33,126.9058917677,37.5580678190,,A05,A0502,A05020100,2903789,39,음식점
황금정원,서울특별시 도봉구 방학로 312,127.0177535924,37.6629409646,,A05,A0502,A05020100,2832820,39,음식점
황금콩밭,서울특별시 마포구 마포대로16길 9 (아현동),126.9567484423,37.5510195488,,A05,A0502,A05020100,2709706,39,음식점
황도바지락칼국수,서울특별시 강동구 천호대로 1256 (둔촌동),127.1501923392,37.5369024463,02-484-6554,A05,A0502,A05020100,134810,39,음식점
황생가칼국수,서울특별시 종로구 북촌로5길 78,126.9806371085,37.5800915979,02-739-6334,A05,A0502,A05020100,837020,39,음식점
황선생,서울특별시 종로구 대명길 19-2,127.0005157606,37.5833388003,02-744-3301,A05,A0502,A05020700,2654143,39,음식점
황태명가,서울특별시 강남구 영동대로 602,127.0606177886,37.5146784121,02-517-9262,A05,A0502,A05020100,2689406,39,음식점
황해도구월산,서울특별시 영등포구 국회대로36길 5-1,126.8982183473,37.5268490880,02-2634-5180,A05,A0502,A05020100,2682882,39,음식점
횡성한우,서울특별시 송파구 오금로 113 석촌씨티빌딩,127.1086329335,37.5122406709,,A05,A0502,A05020100,2845017,39,음식점
효뜨,서울특별시 용산구 한강대로40가길 6,126.9713226968,37.5304055382,,A05,A0502,A05020700,2807589,39,음식점
효면옥 신사본점,서울특별시 은평구 증산로 429,126.9142399716,37.5946998204,,A05,A0502,A05020100,2846705,39,음식점
효자바베,서울특별시 종로구 자하문로1길 42,126.9701326038,37.5768167903,070-8749-0019,A05,A0502,A05020100,2663620,39,음식점
후라토식당,서울특별시 마포구 독막로15길 3-14,126.9214072859,37.5486469693,02-6053-7090,A05,A0502,A05020300,2642955,39,음식점
후암편백,서울특별시 용산구 후암로 57-1,126.9769049376,37.5510643493,,A05,A0502,A05020700,2808041,39,음식점
훈카츠,서울특별시 영등포구 선유로9길 10 문래 SK V1 center,126.8871668279,37.5179193723,,A05,A0502,A05020300,2808930,39,음식점
훔볼트,서울특별시 성동구 성수이로 58 P-Tower,127.0556175219,37.5401531417,,A05,A0502,A05020900,2905413,39,음식점
훼미리손칼국수보쌈,서울특별시 성동구 왕십리로 134,127.0445682612,37.5495546282,,A05,A0502,A05020100,2895197,39,음식점
휴135,서울특별시 용산구 이태원로55나길 6 오로꾸보,126.9991116538,37.5367191920,,A05,A0502,A05020100,2855723,39,음식점
흑돈가 명동,"서울특별시 중구 명동7길 21, 지하1층",126.9836261572,37.5648545334,02-3789-0080,A05,A0502,A05020100,1958200,39,음식점
흑돈가 삼성,서울특별시 강남구 봉은사로86길 14,127.0563571254,37.5125730249,02-2051-0008,A05,A0502,A05020100,2679018,39,음식점
흑돈가(명동점),서울특별시 중구 명동7길 21,126.9838928014,37.5647906569,02-3789-0080,A05,A0502,A05020100,2653646,39,음식점
흥부골숯불돼지왕갈비,서울특별시 송파구 백제고분로33길 35,127.0985729204,37.5057884611,,A05,A0502,A05020100,2847149,39,음식점
흥부보쌈,서울특별시 관악구 신림로59길 15-13,126.9295306249,37.4827519920,02-888-9464,A05,A0502,A05020100,2689404,39,음식점
희극지왕,서울특별시 영등포구 국회대로34길 10,126.8973573194,37.5266990898,02-633-8665,A05,A0502,A05020100,2685426,39,음식점
희락갈치,서울특별시 중구 남대문시장길 22-6,126.9770907807,37.5599549857,02-755-3449,A05,A0502,A05020100,747813,39,음식점
희래등,서울특별시 동작구 등용로 123,126.9317212609,37.5122652695,02-827-0722,A05,A0502,A05020400,133984,39,음식점
희죽희죽,서울특별시 중구 명동8가길 52,126.9879897343,37.5618132993,02-318-5077,A05,A0502,A05020100,2679043,39,음식점
히노야마,서울특별시 양천구 목동서로 349 센트럴프라자,126.8653216097,37.5174607031,,A05,A0502,A05020300,2852774,39,음식점
히라메키,서울특별시 강남구 테헤란로81길 32,127.0566488638,37.5090984336,02-539-6303,A05,A0502,A05020300,135445,39,음식점
히메시야,서울특별시 종로구 창경궁로26길 40,126.9999352972,37.5819583944,070-4187-4569,A05,A0502,A05020300,2654164,39,음식점
힐즈앤유로파,서울특별시 용산구 용산동2가 44-7,126.9871292715,37.5416961764,,A05,A0502,A05020900,2946494,39,음식점
101번지남산돈까스본점,서울특별시 중구 소파로 101,126.9857817384,37.5570138170,,A05,A0502,A05020100,2762857,39,음식점
105405 마곡,서울특별시 강서구 마곡중앙로 161-8 (마곡동),126.8271264216,37.5689818108,,A05,A0502,A05020700,3479357,39,음식점
1940금문,서울특별시 종로구 창경궁로 269-1,127.0006240240,37.5854607776,,A05,A0502,A05020400,2789192,39,음식점
1954무한등심 잠실점,서울특별시 송파구 올림픽로35길 124 장미아파트,127.1007251729,37.5173982629,,A05,A0502,A05020100,2846588,39,음식점
1992남산돈까스,서울특별시 중구 소파로 23 (남창동),126.9796600984,37.5561610286,,A05,A0502,A05020300,2783370,39,음식점
1인1잔,서울특별시 은평구 연서로 534,126.9379587182,37.6410254132,,A05,A0502,A05020900,2811664,39,음식점
2카페,서울특별시 영등포구 당산로36길 5,126.8984238398,37.5284211312,02-2671-2044,A05,A0502,A05020900,2682876,39,음식점
31금룡,서울특별시 종로구 청계천로 85 (관철동),126.9871812795,37.5687041500,,A05,A0502,A05020100,3094094,39,음식점
33Acre,서울특별시 강동구 아리수로61길 33,127.1498471762,37.5632188287,,A05,A0502,A05020200,2839476,39,음식점
3대삼계장인,서울특별시 서초구 반포대로28길 56-3 한라빌딩,127.0116062432,37.4913552401,,A05,A0502,A05020100,2855762,39,음식점
3일한우국밥,서울특별시 영등포구 영등포로 204,126.9040957827,37.5199861014,,A05,A0502,A05020100,2850926,39,음식점
566라멘,서울특별시 마포구 연남로3길 33,126.9209069932,37.5606400109,,A05,A0502,A05020300,2815426,39,음식점
5to7,서울특별시 성동구 서울숲2길 44-13,127.0433184711,37.5461661113,,A05,A0502,A05020900,2895025,39,음식점
943 킹스크로스CAFE,서울특별시 마포구 양화로16길 24,126.9208211042,37.5530381151,,A05,A0502,A05020900,2907095,39,음식점
9로평상,서울특별시 구로구 서해안로 2134 (항동),126.8260900637,37.4822113220,,A05,A0502,A05020900,3457039,39,음식점
BBC,서울특별시 성동구 뚝섬로 413,127.0564230464,37.5386588853,,A05,A0502,A05020900,2901160,39,음식점
BK볏짚 우대갈비 장안동본점,서울특별시 동대문구 장한로26가길 29 어반슈필라움,127.0715763169,37.5705221232,,A05,A0502,A05020100,2842692,39,음식점
Black Lab,서울특별시 강남구 선릉로96길 5-16,127.0490940618,37.5067707902,070-4858-3588,A05,A0502,A05020200,2679079,39,음식점
CAFE종로시장,서울특별시 종로구 우정국로2길 10,126.9836315815,37.5694651092,02-732-1452,A05,A0502,A05020900,2654190,39,음식점
camel,서울특별시 성동구 성덕정19길 6 나사로교회,127.0559231303,37.5372979232,,A05,A0502,A05020900,2845287,39,음식점
camouflage coffee,서울특별시 성동구 아차산로1길 9,127.0457098386,37.5490435970,,A05,A0502,A05020900,2895070,39,음식점
Chitchat 칫챗,서울특별시 송파구 석촌호수로 160 수연빌딩,127.0948093474,37.5067355056,,A05,A0502,A05020900,2849288,39,음식점
Da Pitta,서울특별시 서초구 효령로 202 서초빌딩,127.0064347310,37.4828922412,,A05,A0502,A05020200,2856564,39,음식점
GOO STK 733,서울특별시 용산구 이태원로27길 101,126.9949370052,37.5377551078,02-794-7339,A05,A0502,A05020200,2685270,39,음식점
GROUND62,서울특별시 종로구 평창길 62,126.9632267839,37.6083768858,,A05,A0502,A05020900,2864251,39,음식점
HDD피자,서울특별시 성동구 성수이로7길 46,127.0532343240,37.5430305426,,A05,A0502,A05020200,2901199,39,음식점
IOU,서울특별시 용산구 원효로1길 16,126.9456499001,37.5352239625,,A05,A0502,A05020200,2758834,39,음식점
LOWIDE,서울특별시 성동구 서울숲2길 22-1,127.0410603197,37.5469937522,,A05,A0502,A05020900,2895111,39,음식점
Merci,서울특별시 서초구 논현로 23,127.0490366873,37.4730663685,,A05,A0502,A05020200,2860811,39,음식점
minu c,서울특별시 강남구 논현로26길 4,127.0435869372,37.4817569285,,A05,A0502,A05020200,2871655,39,음식점
mmn (미미네),서울특별시 강남구 청담동 16-10,127.0439663475,37.5209912689,,A05,A0502,A05020900,2946081,39,음식점
mtl 효창,서울특별시 용산구 효창원로69길 25 송원빌딩,126.9609177589,37.5420845501,,A05,A0502,A05020900,2855454,39,음식점
MUOKI,서울특별시 강남구 학동로55길 12-12,127.0422498927,37.5190609070,,A05,A0502,A05020200,2869380,39,음식점
RPM,서울특별시 강남구 언주로172길 64,127.0390333017,37.5267099606,,A05,A0502,A05020900,2847054,39,음식점
RSG 성수,서울특별시 성동구 연무장15길 11,127.0590032474,37.5428834410,,A05,A0502,A05020900,2782562,39,음식점
Scene,서울특별시 성동구 연무장5길 20,127.0532592687,37.5448831056,,A05,A0502,A05020900,2835871,39,음식점
Summer Lane,서울특별시 용산구 이태원로55가길 49,126.9992783141,37.5364108974,,A05,A0502,A05020900,2849620,39,음식점
The Round,서울특별시 강남구 선릉로148길 37,127.0425441962,37.5230687797,,A05,A0502,A05020400,2852318,39,음식점
[백년가게] 삼거리 먼지막 순대국,서울특별시 영등포구 시흥대로185길 11 (대림동),126.9072601771,37.4917755462,02-848-2469,A05,A0502,A05020100,2563211,39,음식점
[백년가게] 선천집,서울특별시 종로구 인사동14길 5 (관훈동),126.9844507984,37.5748617187,,A05,A0502,A05020100,2563182,39,음식점
[백년가게] 성천막국수,서울특별시 동대문구 답십리로48나길 2 (답십리동),127.0578248080,37.5699469424,,A05,A0502,A05020100,2630325,39,음식점
[백년가게] 장군숯불족발,서울특별시 노원구 화랑로43가길 29 (월계동),127.0633591310,37.6150723535,02-941-5882,A05,A0502,A05020100,2563380,39,음식점
[백년가게] 진미옥설농탕,서울특별시 송파구 가락로16길 3-12 (석촌동),127.1092526347,37.5012058521,,A05,A0502,A05020100,2616369,39,음식점
[백년가게] 청해진,서울특별시 강동구 강동대로 187,127.1274391963,37.5248784317,02-484-1551,A05,A0502,A05020100,2608651,39,음식점
[백년가게]대호정,서울특별시 금천구 시흥대로52길 51,126.9017811913,37.4536632075,02-808-5200,A05,A0502,A05020100,2630324,39,음식점
[백년가게]만석장,서울특별시 은평구 대서문길 43-10,126.9495489059,37.6558627836,02-385-2093,A05,A0502,A05020100,2563220,39,음식점
[백년가게]새만포면옥,서울특별시 은평구 연서로 171,126.9175002334,37.6142114991,,A05,A0502,A05020100,2608924,39,음식점
[백년가게]선동보리밥,서울특별시 성북구 성북로 134-4,126.9951659238,37.5947734856,02-743-2096,A05,A0502,A05020100,2609645,39,음식점
[백년가게]신안촌,서울특별시 종로구 사직로12길 8,126.9709075648,37.5756919346,0507-1418-7744,A05,A0502,A05020100,2608933,39,음식점
[백년가게]창성옥,서울특별시 용산구 새창로 124-10,126.9604179636,37.5364601949,02-718-2878,A05,A0502,A05020100,2608909,39,음식점
[백년가게]하나로회관,서울특별시 종로구 인사동5길 25,126.9853702376,37.5720926128,0507-1402-7451,A05,A0502,A05020100,2563366,39,음식점
