title,addr1,mapx,mapy,tel,cat1,cat2,cat3,contentid,contenttypeid,contenttype
가나안약국,서울특별시 강남구 도산대로 113(신사동),127.0208657845,37.5170635319,,A04,A0401,A04011000,2899721,38,쇼핑
가네시 롯데본점,서울특별시 중구 남대문로 81,126.9817485525,37.5647822864,,A04,A0401,A04011000,2928947,38,쇼핑
가넷옴므,서울특별시 금천구 디지털로 185 (가산동),126.8872262708,37.4782600918,,A04,A0401,A04011000,3306525,38,쇼핑
가든파이브라이프(Garden5life),서울특별시 송파구 충민로 66 (문정동),127.1249768726,37.4776672007,,A04,A0401,A04011200,732484,38,쇼핑
가락농수산물종합도매시장,서울특별시 송파구 양재대로 932,127.1109831778,37.4960925880,02-3435-1000,A04,A0401,A04010200,132215,38,쇼핑
가락몰,서울특별시 송파구 양재대로 932 (가락동),127.1107693087,37.4960786971,,A04,A0401,A04010600,2757647,38,쇼핑
가락수산시장,서울특별시 송파구 양재대로 932,127.1110192841,37.4961564700,,A04,A0401,A04010200,2757640,38,쇼핑
가리봉시장,서울특별시 구로구 우마3길 19,126.8893759759,37.4817874979,,A04,A0401,A04010200,2758198,38,쇼핑
가미성형외과,서울특별시 강남구 테헤란로105 13층,127.0285433827,37.4987019129,,A04,A0401,A04011000,2918688,38,쇼핑
가버 현대가든파이브,서울특별시 송파구 충민로66 2층,127.1249768726,37.4776672007,,A04,A0401,A04011000,2924584,38,쇼핑
가버 현대동대문,서울특별시 중구 장충단로13길 20,127.0076821872,37.5687878415,,A04,A0401,A04011000,2905752,38,쇼핑
간격 드로잉스페이스,서울특별시 마포구 월드컵로23길 20 망원빌,126.9077277407,37.5570179737,,A04,A0401,A04011200,2989027,38,쇼핑
강남고속터미널 혼수상가,서울특별시 서초구 신반포로 194,127.0071923683,37.5050868999,02-533-2489,A04,A0401,A04010600,132201,38,쇼핑
강남역데이원의원,서울특별시 서초구 강남대로 423 (서초동),127.0261602197,37.5003683433,,A04,A0401,A04011000,3306136,38,쇼핑
강남중고명품 아마레스,서울특별시 강남구 강남대로160길 50 (신사동),127.0226321932,37.5205048309,,A04,A0401,A04011000,3305292,38,쇼핑
강남테마피부과의원,서울특별시 서초구 강남대로 423한승빌딩 7층,127.0261602197,37.5003683433,,A04,A0401,A04011000,2893674,38,쇼핑
강남포도여성의원,서울특별시 강남구 강남대로 428 (역삼동),127.0268406981,37.5008766304,,A04,A0401,A04011000,3305948,38,쇼핑
강동역점JDX,서울특별시 강동구 천호대로1084,127.1321440179,37.5356244907,,A04,A0401,A04011000,2916126,38,쇼핑
강서농산물도매시장,서울특별시 강서구 발산로 40,126.8208190977,37.5535557140,,A04,A0401,A04010200,2741626,38,쇼핑
개봉중앙시장,서울특별시 구로구 개봉로17길 34,126.8541039069,37.4918523671,,A04,A0401,A04010200,2758193,38,쇼핑
갤러리아명품관,서울특별시 강남구 압구정로 407 (압구정동) 갤러리아백화점,127.0418357887,37.5279681978,,A04,A0401,A04011000,2931725,38,쇼핑
갤러리아명품관 WEST,서울특별시 강남구 압구정로 343 갤러리아백화점,127.0400692668,37.5285292127,,A04,A0401,A04011000,2911893,38,쇼핑
갤러리아백화점 명품관,서울특별시 강남구 압구정로 343 (압구정동),127.0400692668,37.5285292127,,A04,A0401,A04010300,273772,38,쇼핑
갤러리안경 대치,서울특별시 강남구 도곡로 415,127.0559964710,37.4975969789,,A04,A0401,A04011000,2927684,38,쇼핑
갤러리에이엠 가로수,서울특별시 강남구 논현로159길 66 (신사동),127.0231293374,37.5216491514,,A04,A0401,A04011000,2901673,38,쇼핑
갤럭시,서울특별시 중구 장충단로13길 20 (을지로6가)6층,127.0076821872,37.5687878415,,A04,A0401,A04011000,3306920,38,쇼핑
갤럭시 롯데 강남점,서울특별시 강남구 도곡로 401,127.0534550587,37.4967859168,,A04,A0401,A04011000,2925676,38,쇼핑
갤럭시 롯데 관악점,서울특별시 관악구 봉천로 209,126.9249974851,37.4905482278,,A04,A0401,A04011000,2926574,38,쇼핑
갤럭시 롯데 김포점,서울특별시 강서구 하늘길 38,126.8029675746,37.5668621822,,A04,A0401,A04011000,2922404,38,쇼핑
갤럭시 롯데 노원점,서울특별시 노원구 동일로 1414,127.0614081608,37.6553315254,,A04,A0401,A04011000,2917614,38,쇼핑
갤럭시 롯데 미아점,서울특별시 강북구 도봉로 62,127.0305315802,37.6146468109,,A04,A0401,A04011000,2926576,38,쇼핑
갤럭시 롯데 본점,서울특별시 중구 을지로 30,126.9810458210,37.5654016461,,A04,A0401,A04011000,2922431,38,쇼핑
갤럭시 롯데 스타시티점,서울특별시 광진구 능동로 92,127.0712300203,37.5390535504,,A04,A0401,A04011000,2918406,38,쇼핑
갤럭시 롯데 잠실점,서울특별시 송파구 올림픽로 240 5층,127.0976311526,37.5123821225,,A04,A0401,A04011000,2917595,38,쇼핑
갤럭시 빨질렐리 현대가든파이브,"서울특별시 송파구 충민로 66, 4층",127.1249768726,37.4776672007,,A04,A0401,A04011000,2924240,38,쇼핑
갤럭시 신세계강남점,서울특별시 서초구 신반포로 176,127.0035815712,37.5056062193,,A04,A0401,A04011000,2922392,38,쇼핑
갤럭시 현대 디큐브,서울특별시 구로구 경인로 662,126.8884169673,37.5089148857,,A04,A0401,A04011000,2928402,38,쇼핑
갤럭시 현대 목동점,서울특별시 양천구 목동동로257,126.8747288364,37.5263292843,,A04,A0401,A04011000,2922391,38,쇼핑
갤럭시 현대 천호점,서울특별시 강동구 천호대로 1005,127.1244557316,37.5390267349,,A04,A0401,A04011000,2903096,38,쇼핑
갤럭시라이프스타일 롯데 강남점,서울특별시 강남구 도곡로 401,127.0534550587,37.4967859168,,A04,A0401,A04011000,2927063,38,쇼핑
갤럭시라이프스타일 롯데 관악점,서울특별시 관악구 봉천로 209,126.9249974851,37.4905482278,,A04,A0401,A04011000,2926573,38,쇼핑
갤럭시라이프스타일 롯데 스타시티점,서울특별시 광진구 능동로 92,127.0712300203,37.5390535504,,A04,A0401,A04011000,2918393,38,쇼핑
갤럭시라이프스타일 롯데 청량리점,서울특별시 동대문구 왕산로 214 5층,127.0474754499,37.5805510796,,A04,A0401,A04011000,2918409,38,쇼핑
갤럭시라이프스타일 신세계 강남점,서울특별시 서초구 신반포로 176,127.0035815712,37.5056062193,,A04,A0401,A04011000,2930411,38,쇼핑
갤럭시라이프스타일 현대 목동점,서울특별시 양천구 목동동로257,126.8747288364,37.5263292843,,A04,A0401,A04011000,2922390,38,쇼핑
갤럭시라이프스타일 현대 미아점,서울특별시 성북구 동소문로 315,127.0287930253,37.6084530555,,A04,A0401,A04011000,2922660,38,쇼핑
게스,서울특별시 용산구 한강대로 405 (동자동),126.9717469660,37.5548915897,,A04,A0401,A04011000,3305814,38,쇼핑
게스 2001아울렛 중계,서울특별시 노원구 동일로204가길 46 (중계동),127.0679274101,37.6413416033,,A04,A0401,A04011000,3306700,38,쇼핑
게스 두타,서울특별시 중구 장충단로 275,127.0088293006,37.5689100708,,A04,A0401,A04011000,2902395,38,쇼핑
게스 롯데팩토리 가산,서울특별시 금천구 벚꽃로 278 (가산동),126.8846459143,37.4795432303,,A04,A0401,A04011000,3305477,38,쇼핑
게스 현대동대문,서울특별시 중구 장충단로13길 20,127.0076821872,37.5687878415,,A04,A0401,A04011000,2911704,38,쇼핑
게스진,서울특별시 영등포구 영중로 9 (영등포동4가),126.9055901684,37.5172308925,,A04,A0401,A04011000,3306540,38,쇼핑
겐조,서울특별시 영등포구 영중로 9 (영등포동4가),126.9055901684,37.5172308925,,A04,A0401,A04011000,3307010,38,쇼핑
겐조 롯데백화점 에비뉴엘 월드타워점,서울특별시 송파구 올림픽로 300¸ 3층,127.1040749597,37.5141653654,,A04,A0401,A04011000,2924211,38,쇼핑
견지동 불교용품거리,서울특별시 종로구 우정국로 55,126.9819927000,37.5744783860,,A04,A0401,A04010600,132205,38,쇼핑
경동시장,서울특별시 동대문구 고산자로36길 3,127.0391568047,37.5790899880,,A04,A0401,A04010200,948730,38,쇼핑
경창시장,서울특별시 양천구 오목로9길 30 (신월동),126.8424040460,37.5248733216,,A04,A0401,A04010200,2611310,38,쇼핑
고궁마실,서울특별시 종로구 창경궁로 229,126.9978910234,37.5825082936,,A04,A0401,A04010600,2503117,38,쇼핑
고디바_광화문점,"서울특별시 종로구 세종대로 159(세종로,1층102호,2층,3층)",126.9763349907,37.5706565064,,A04,A0401,A04011000,2893631,38,쇼핑
고디바_코엑스몰,"서울특별시 강남구 영동대로 513(삼성동,코엑스몰지하1층 112호)",127.0592179950,37.5119175967,,A04,A0401,A04011000,2893635,38,쇼핑
고분다리전통시장,서울특별시 강동구 구천면로34길 8 (천호동),127.1316577579,37.5424098057,,A04,A0401,A04010200,2741571,38,쇼핑
고세,서울특별시 강북구 도봉로 62 (미아동),127.0305315802,37.6146468109,,A04,A0401,A04011000,3306040,38,쇼핑
고세,"서울특별시 구로구 경인로 662 (신도림동, 디큐브시티)",126.8884169673,37.5089148857,,A04,A0401,A04011000,3307135,38,쇼핑
고세 현대가든파이브,서울특별시 송파구 충민로66 3층,127.1249768726,37.4776672007,,A04,A0401,A04011000,2924582,38,쇼핑
고속터미널 꽃도매상가,서울특별시 서초구 신반포로 194,127.0075478821,37.5054063136,,A04,A0401,A04010600,132230,38,쇼핑
고속터미널 의류도매상가,서울특별시 서초구 신반포로 194,127.0075478821,37.5054063136,02-535-2212,A04,A0401,A04010600,132184,38,쇼핑
고야드 갤러리아EAST,서울특별시 강남구 압구정로 407,127.0418357887,37.5279681978,,A04,A0401,A04011000,2925743,38,쇼핑
고야드 신세계강남,서울특별시 서초구 신반포로 176,127.0035815712,37.5056062193,,A04,A0401,A04011000,2906689,38,쇼핑
고야드 현대무역,"서울특별시 강남구 테헤란로 517 , 1층",127.0597791462,37.5086679839,,A04,A0401,A04011000,2925786,38,쇼핑
고이비토 강남본점,서울특별시 서초구 반포대로 310-3,127.0009651095,37.5067838133,,A04,A0401,A04011000,2930565,38,쇼핑
고척근린시장,서울특별시 구로구 고척로32길 11-3 (고척동),126.8498040086,37.5021872007,,A04,A0401,A04010200,2743854,38,쇼핑
고투몰(강남터미널 지하쇼핑몰),서울특별시 서초구 신반포로 지하200 (잠원동),127.0050675283,37.5062728353,02-535-8182,A04,A0401,A04010600,132492,38,쇼핑
골드리아 종로3가,서울특별시 종로구 돈화문로 50 골드리아빌딩 1층,126.9916474173,37.5730231730,,A04,A0401,A04011000,2911463,38,쇼핑
골든구스현대무역점,서울특별시 강남구 테헤란로 517 2층,127.0597791462,37.5086679839,,A04,A0401,A04011000,2918628,38,쇼핑
골든듀 건대스타시티,서울특별시 광진구 능동로 92,127.0712300203,37.5390535504,,A04,A0401,A04011000,2911556,38,쇼핑
골든듀 디큐브시티,서울특별시 구로구 경인로 662,126.8884169673,37.5089148857,,A04,A0401,A04011000,2902703,38,쇼핑
골든듀 롯데미아,서울특별시 강북구 도봉로 62 롯데백화점 미아점,127.0305315802,37.6146468109,,A04,A0401,A04011000,2931854,38,쇼핑
골든듀 롯데본점,서울특별시 중구 남대문로 81,126.9817485525,37.5647822864,,A04,A0401,A04011000,2914606,38,쇼핑
골든듀 롯데잠실,서울특별시 송파구 올림픽로 240,127.0976311526,37.5123821225,,A04,A0401,A04011000,2910616,38,쇼핑
골든듀 롯데청량리,서울특별시 동대문구 왕산로 214,127.0474754499,37.5805510796,,A04,A0401,A04011000,2901176,38,쇼핑
골든듀 현대무역,서울특별시 강남구 테헤란로 517,127.0597791462,37.5086679839,,A04,A0401,A04011000,2915643,38,쇼핑
골든듀 현대신촌,서울특별시 서대문구 신촌로 83,126.9358252045,37.5561435782,,A04,A0401,A04011000,2915272,38,쇼핑
골든듀 현대천호,서울특별시 강동구 천호대로 1005 현대백화점,127.1244557316,37.5390267349,,A04,A0401,A04011000,2900988,38,쇼핑
골목안경 논현,서울특별시 강남구 학동로33길 15,127.0323092246,37.5157416692,,A04,A0401,A04011000,2931159,38,쇼핑
골프샵,서울특별시 영등포구 영중로 9 (영등포동4가),126.9055901684,37.5172308925,,A04,A0401,A04011000,3307598,38,쇼핑
골프존마켓,서울특별시 용산구 한강대로 405 (동자동),126.9717469660,37.5548915897,,A04,A0401,A04011000,3305472,38,쇼핑
골프존마켓,서울특별시 성북구 동소문로 315 (길음동),127.0287930253,37.6084530555,,A04,A0401,A04011000,3306000,38,쇼핑
골프존마켓,서울특별시 금천구 디지털로10길 9 (가산동),126.8890705637,37.4776713039,,A04,A0401,A04011000,3306544,38,쇼핑
골프존마켓 당산,"서울특별시 영등포구 선유로 233 (양평동4가,누리빌딩) 1층",126.8958516947,37.5340065474,,A04,A0401,A04011000,2930951,38,쇼핑
골프존마켓 마곡,서울특별시 강서구 양천로 376,126.8438305125,37.5668712424,,A04,A0401,A04011000,2915786,38,쇼핑
골프존마켓 압구정,"서울특별시 강남구 도산대로 172 (논현동), 13호(논현동)",127.0275123442,37.5190939714,,A04,A0401,A04011000,2930976,38,쇼핑
골프존마켓 약수,서울특별시 중구 동호로 214 (신당동),127.0094962441,37.5570170202,,A04,A0401,A04011000,2909742,38,쇼핑
골프존마켓 잠실,서울특별시 송파구 삼전로 71 (잠실동),127.0885155148,37.5053355548,,A04,A0401,A04011000,2922944,38,쇼핑
골프존마켓 현대가든파이브,"서울특별시 송파구 충민로 66 (문정동,가든파이브라이프) 4층",127.1249768726,37.4776672007,,A04,A0401,A04011000,2926712,38,쇼핑
공릉동도깨비시장,서울특별시 노원구 동일로180길 53 (공릉동),127.0771743155,37.6229161347,,A04,A0401,A04010200,2743742,38,쇼핑
관악신사시장,서울특별시 관악구 신사로14길 56,126.9178454723,37.4865096802,,A04,A0401,A04010200,2753923,38,쇼핑
광야 서울,서울특별시 성동구 왕십리로 83-21 아크로 서울포레스트,127.0432879644,37.5445357444,,A04,A0401,A04010600,2988778,38,쇼핑
광장시장,서울특별시 종로구 창경궁로 88,126.9997217621,37.5701653166,,A04,A0401,A04010200,132183,38,쇼핑
광장시장 365일장,서울특별시 종로구 종로32길 21 (종로5가),127.0013271719,37.5701459033,,A04,A0401,A04010600,3354975,38,쇼핑
광장시장 한복매장,서울특별시 종로구 창경궁로 88 (예지동),126.9980663554,37.5702347233,,A04,A0401,A04010200,1013527,38,쇼핑
광주요 한남,서울특별시 용산구 한남대로20길 28 (한남동),127.0084386324,37.5349251234,,A04,A0401,A04011000,3306266,38,쇼핑
광화문 세종클럽,서울특별시 종로구 새문안로5가길 7,126.9740629139,37.5728312129,,A05,A0502,A05020700,2543919,38,쇼핑
교보문고 강남점,서울특별시 서초구 강남대로 465,127.0241241961,37.5038095744,,A04,A0401,A04011000,2926545,38,쇼핑
교보문고 동대문점,서울특별시 중구 을지로6가 17-2,127.0076821872,37.5687878415,,A04,A0401,A04011000,2927049,38,쇼핑
구구스 롯데 명동점,서울특별시 중구 남대문로7길 11,126.9812625150,37.5637462871,,A04,A0401,A04011000,2916097,38,쇼핑
구구스 압구정점,서울특별시 강남구 선릉로 846,127.0408442258,37.5274960129,,A04,A0401,A04011000,2916099,38,쇼핑
구로 중앙유통단지,서울특별시 구로구 경인로53길 15,126.8746156713,37.5009544532,,A04,A0401,A04010600,132420,38,쇼핑
구로시장,서울특별시 구로구 구로동로22길 17-4 (구로동),126.8856260957,37.4896837364,,A04,A0401,A04010200,2592394,38,쇼핑
구일일스포츠 논현,서울특별시 강남구 논현로 616 (논현동),127.0335676386,37.5088369379,,A04,A0401,A04011000,2909578,38,쇼핑
구찌,"서울특별시 구로구 경인로 662 (신도림동, 디큐브시티)",126.8884169673,37.5089148857,,A04,A0401,A04011000,3305340,38,쇼핑
구찌 가옥,서울특별시 용산구 이태원로 223 (한남동),126.9985506278,37.5355193212,,A04,A0401,A04011200,3080714,38,쇼핑
구찌 갤러리아,서울특별시 강남구 압구정로 343,127.0400692668,37.5285292127,,A04,A0401,A04011000,2907570,38,쇼핑
구찌 남성 갤러리아,서울특별시 강남구 압구정로 343,127.0400692668,37.5285292127,,A04,A0401,A04011000,2929240,38,쇼핑
구찌 남성 롯데월드타워점,서울특별시 송파구 올림픽로 300,127.1040749597,37.5141653654,,A04,A0401,A04011000,2924579,38,쇼핑
구찌 남성 신세계 강남점,서울특별시 서초구 신반포로 176 6층,127.0035815712,37.5056062193,,A04,A0401,A04011000,2911911,38,쇼핑
구찌 롯데 본점,서울특별시 중구 을지로 30 1층,126.9810458210,37.5654016461,,A04,A0401,A04011000,2908263,38,쇼핑
구찌 신세계 강남점,서울특별시 서초구 신반포로 176,127.0035815712,37.5056062193,,A04,A0401,A04011000,2907617,38,쇼핑
구찌 신세계 본점,서울특별시 중구 소공로 63,126.9810181709,37.5609966018,,A04,A0401,A04011000,2907426,38,쇼핑
구찌 청담점,서울특별시 강남구 압구정로 462,127.0465409962,37.5251213908,,A04,A0401,A04011000,2907645,38,쇼핑
구찌 현대 목동점,서울특별시 양천구 목동동로257,126.8747288364,37.5263292843,,A04,A0401,A04011000,2908461,38,쇼핑
구찌 현대 본점,서울특별시 강남구 압구정로 165,127.0274843337,37.5274180039,,A04,A0401,A04011000,2907422,38,쇼핑
구찌 현대 코엑스점,서울특별시 강남구 테헤란로 517,127.0597791462,37.5086679839,,A04,A0401,A04011000,2907553,38,쇼핑
구찌RTW 신세계 강남점,서울특별시 서초구 신반포로 176 2층,127.0035815712,37.5056062193,,A04,A0401,A04011000,2929257,38,쇼핑
구호,서울특별시 영등포구 영중로 9 (영등포동4가),126.9055901684,37.5172308925,,A04,A0401,A04011000,3306224,38,쇼핑
구호 한남점,서울특별시 용산구 이태원로 253,127.0005948309,37.5374719089,,A04,A0401,A04011000,2894933,38,쇼핑
국제자수원 3호점,서울특별시 종로구 인사동길 41,126.9847702401,37.5739368319,,A04,A0401,A04010900,969943,38,쇼핑
굿모닝안경,서울특별시 중구 남대문시장길 61,126.9794405432,37.5607715998,,A04,A0401,A04011000,2907436,38,쇼핑
굿약국 강남,서울특별시 서초구 서초대로77길 24,127.0260074633,37.5000739310,,A04,A0401,A04011000,2912557,38,쇼핑
굿약국 신사,"서울특별시 강남구 도산대로 120, 1층(논현동,청호빌딩)",127.0218823665,37.5167830277,,A04,A0401,A04011000,2911181,38,쇼핑
궁가는여우,서울특별시 종로구 자하문로 3 (내자동),126.9723657428,37.5764807580,,A04,A0401,A04010600,2484146,38,쇼핑
그녀의헤어라인의원,서울특별시 강남구 논현로 826 (신사동),127.0285621581,37.5222797312,,A04,A0401,A04011000,3306831,38,쇼핑
그라피,서울특별시 관악구 봉천로 209 (봉천동),126.9249974851,37.4905482278,,A04,A0401,A04011000,3306843,38,쇼핑
그랑핸드 서촌,서울특별시 종로구 자하문로4길 14-2,126.9730406586,37.5772862325,,A04,A0401,A04010700,2997938,38,쇼핑
그래픽,서울특별시 용산구 회나무로39길 33 (이태원동),126.9936064792,37.5409852642,,A04,A0401,A04011200,3082679,38,쇼핑
그랭드보떼,"서울특별시 중구 남대문시장6길 34, 1층",126.9779851759,37.5587912485,,A04,A0401,A04011000,2910225,38,쇼핑
그레이마돈나 nc신구로,서울특별시 구로구 구로중앙로 152 (구로동),126.8827871414,37.5012129024,,A04,A0401,A04011000,3306779,38,쇼핑
그레이스 성형외과,"서울특별시 서초구 강남대로 623(잠원동 4,5층)",127.0187492994,37.5174606701,,A04,A0401,A04011000,2903302,38,쇼핑
그루브라임,서울특별시 중구 장충단로 275 (을지로6가),127.0088293006,37.5689100708,,A04,A0401,A04011000,3305878,38,쇼핑
그리다성형외과의원,서울특별시 강남구 강남대로 408,127.0275517903,37.4992684963,,A04,A0401,A04011000,2899825,38,쇼핑
그린조이 구로,서울특별시 구로구 구로동로 121-4(구로동),126.8840984566,37.4897003738,,A04,A0401,A04011000,2925119,38,쇼핑
글라스스토리 합정,"서울특별시 마포구 양화로 45 (서교동, 메세나폴리스)",126.9136829551,37.5498911308,,A04,A0401,A04011000,2904013,38,쇼핑
글램아이웨어 홍대,"서울특별시 마포구 어울마당로5길 23, 2층(서교동)",126.9192352428,37.5493190740,,A04,A0401,A04011000,2916067,38,쇼핑
글램외과,서울특별시 서초구 강남대로483 청호빌딩 2층,127.0236686375,37.5053871607,,A04,A0401,A04011000,2904733,38,쇼핑
금강,서울특별시 관악구 봉천로 209 (봉천동),126.9249974851,37.4905482278,,A04,A0401,A04011000,3306069,38,쇼핑
금강,서울특별시 영등포구 영중로 9 (영등포동4가),126.9055901684,37.5172308925,,A04,A0401,A04011000,3306469,38,쇼핑
금강안경 현대 본점,서울특별시 강남구 압구정로 165,127.0274843337,37.5274180039,,A04,A0401,A04011000,2908378,38,쇼핑
금강안경 현대무역,서울특별시 강남구 테헤란로 517,127.0597791462,37.5086679839,,A04,A0401,A04011000,2914059,38,쇼핑
금강제화 nc신구로,서울특별시 구로구 구로중앙로 152 (구로동),126.8827871414,37.5012129024,,A04,A0401,A04011000,3305368,38,쇼핑
금강제화 명동본점,서울특별시 중구 명동8길 30 (명동2가),126.9846816840,37.5624659415,02-753-9411,A04,A0401,A04010600,1304260,38,쇼핑
금남시장,서울특별시 성동구 독서당로 303-7 (금호동3가),127.0227286130,37.5485071360,,A04,A0401,A04010200,2743748,38,쇼핑
금박연,서울특별시 종로구 북촌로12길 24-12(가회동),126.9861726430,37.5826552880,,A04,A0401,A04011000,3306159,38,쇼핑
기린성형외과,서울특별시 서초구 서초대로77길 54,127.0248380533,37.5026263910,,A04,A0401,A04011000,2904722,38,쇼핑
기비키이스 현대가든파이브,"서울특별시 송파구 충민로 66, 2층",127.1249768726,37.4776672007,,A04,A0401,A04011000,2931832,38,쇼핑
기비키이스 현대가산,"서울특별시 금천구 디지털로10길 9 , 3층",126.8890705637,37.4776713039,,A04,A0401,A04011000,2902001,38,쇼핑
길동복조리시장,서울특별시 강동구 천호대로187길 62 (길동),127.1431985291,37.5369606466,,A04,A0401,A04010200,2741605,38,쇼핑
길음시장,서울특별시 성북구 동소문로 227 (길음동),127.0220132585,37.6024480763,,A04,A0401,A04010200,2779456,38,쇼핑
김안경,서울특별시 중구 남대문시장4길 9,126.9776907326,37.5597216902,,A04,A0401,A04011000,3306552,38,쇼핑
김안경,서울특별시 중구 남대문시장4길 9 (남창동),126.9776907326,37.5597216902,,A04,A0401,A04011000,3307183,38,쇼핑
김한성성형외과,서울특별시 강남구 강남대로 590 11층,127.0204158953,37.5145888113,,A04,A0401,A04011000,2905438,38,쇼핑
까르띠에 갤러리아,서울특별시 강남구 압구정로 407,127.0418357887,37.5279681978,,A04,A0401,A04011000,2907735,38,쇼핑
까르띠에 롯데에비뉴엘점,서울특별시 중구 남대문로 73,126.9816707967,37.5642573461,,A04,A0401,A04011000,2907781,38,쇼핑
까르띠에 롯데월드타워점,서울특별시 송파구 올림픽로 300,127.1040749597,37.5141653654,,A04,A0401,A04011000,2924459,38,쇼핑
까르띠에 신세계 강남점,서울특별시 서초구 신반포로 176,127.0035815712,37.5056062193,,A04,A0401,A04011000,2908498,38,쇼핑
까르띠에 현대 본점,서울특별시 강남구 압구정로 165,127.0274843337,37.5274180039,,A04,A0401,A04011000,2907750,38,쇼핑
까르띠에 현대 코엑스점,서울특별시 강남구 테헤란로 517,127.0597791462,37.5086679839,,A04,A0401,A04011000,2907778,38,쇼핑
까르벤정,서울특별시 관악구 봉천로 209 (봉천동),126.9249974851,37.4905482278,,A04,A0401,A04011000,3307330,38,쇼핑
까사미아 압구정,서울특별시 강남구 압구정로 102,127.0197018500,37.5224156676,,A04,A0401,A04011000,2930943,38,쇼핑
까사블랑,"서울특별시 구로구 경인로 662 (신도림동, 디큐브시티)",126.8884169673,37.5089148857,,A04,A0401,A04011000,3306566,38,쇼핑
까스텔바작,서울특별시 관악구 봉천로 209 (봉천동),126.9249974851,37.4905482278,,A04,A0401,A04011000,3305367,38,쇼핑
까스텔바작,"서울특별시 구로구 경인로 662 (신도림동, 디큐브시티)",126.8884169673,37.5089148857,,A04,A0401,A04011000,3306859,38,쇼핑
꼬르넬리아니 월드타워점,서울특별시 송파구 올림픽로 300¸ 4층,127.1040749597,37.5141653654,,A04,A0401,A04011000,2925580,38,쇼핑
꼼데가르송,서울특별시 용산구 이태원로 261,127.0012614171,37.5381662846,,A04,A0401,A04011000,2929206,38,쇼핑
꼼데가르송컬렉션현대무역점,서울특별시 강남구 테헤란로 517 3층,127.0597791462,37.5086679839,,A04,A0401,A04011000,2918284,38,쇼핑
꼼빠니아 현대동대문,서울특별시 중구 장충단로13길 20,127.0076821872,37.5687878415,,A04,A0401,A04011000,2906507,38,쇼핑
꾸즈,서울특별시 관악구 봉천로 209 (봉천동),126.9249974851,37.4905482278,,A04,A0401,A04011000,3307720,38,쇼핑
꾸즈 롯데팩토리가산,서울특별시 금천구 벚꽃로278,126.8846459143,37.4795432303,,A04,A0401,A04011000,2903017,38,쇼핑
꿈꾸는 성형외과의원,서울특별시 강남구 강남대로 422 (역삼동),127.0269990301,37.5004461278,,A04,A0401,A04011000,3307111,38,쇼핑
나나 성형외과의원,서울특별시 강남구 강남대로 492 (논현동),127.0241296820,37.5062592900,,A04,A0401,A04011000,3305788,38,쇼핑
나를위한 산부인과의원,서울특별시 강남구 강남대로 364 (역삼동),127.0293100678,37.4956022866,,A04,A0401,A04011000,3305926,38,쇼핑
나무그림,"서울특별시 구로구 경인로 662 (신도림동, 디큐브시티)",126.8884169673,37.5089148857,,A04,A0401,A04011000,3305294,38,쇼핑
나무다움 타임스퀘어,서울특별시 영등포구 영중로 15,126.9053818370,37.5178335971,,A04,A0401,A04011000,2917388,38,쇼핑
나스,"서울특별시 구로구 경인로 662 (신도림동, 디큐브시티)",126.8884169673,37.5089148857,,A04,A0401,A04011000,3306489,38,쇼핑
나우워치 에비뉴엘잠실,서울특별시 송파구 올림픽로 300,127.1040749597,37.5141653654,,A04,A0401,A04011000,2914769,38,쇼핑
나이스웨더마켓,서울특별시 강남구 강남대로162길 35 (신사동),127.0211906486,37.5208214350,,A04,A0401,A04011000,3305952,38,쇼핑
나이스클랍 2001아울렛 중계,서울특별시 노원구 동일로204가길 46 (중계동),127.0679274101,37.6413416033,,A04,A0401,A04011000,3306042,38,쇼핑
나이스클랍_롯데(아)가산점,서울특별시 금천구 벚꽃로 278 SJ테크노빌,126.8846459143,37.4795432303,,A04,A0401,A04011000,2894100,38,쇼핑
나이스클랍_롯데(아)서울역점,서울특별시 중구 한강대로 405 (봉래동2가),126.9717664185,37.5545416306,,A04,A0401,A04011000,2894099,38,쇼핑
나이스클랍_현대(아)송파점,서울특별시 송파구 충민로 66(문정동),127.1249768726,37.4776672007,,A04,A0401,A04011000,2894291,38,쇼핑
나이키,서울특별시 금천구 디지털로 185 (가산동),126.8872262708,37.4782600918,,A04,A0401,A04011000,3306172,38,쇼핑
나이키,서울특별시 성북구 동소문로 315 (길음동),127.0287930253,37.6084530555,,A04,A0401,A04011000,3306686,38,쇼핑
나이키,서울특별시 영등포구 영중로 9 (영등포동4가),126.9055901684,37.5172308925,,A04,A0401,A04011000,3307169,38,쇼핑
나이키 노원점,서울특별시 노원구 동일로 1414 8층,127.0614081608,37.6553315254,,A04,A0401,A04011000,2903230,38,쇼핑
나이키 두타,서울특별시 중구 장충단로 275,127.0088293006,37.5689100708,,A04,A0401,A04011000,2930973,38,쇼핑
나이키 롯데강남,"서울특별시 강남구 도곡로 401, 7층(대치동, 롯데백화점)",127.0534550587,37.4967859168,,A04,A0401,A04011000,2910381,38,쇼핑
나이키 롯데관악,"서울특별시 관악구 봉천로 209,5층(봉천동, 롯데백화점)",126.9249974851,37.4905482278,,A04,A0401,A04011000,2909240,38,쇼핑
나이키 롯데김포,서울특별시 강서구 하늘길 38,126.8029148466,37.5652540347,,A04,A0401,A04011000,2930446,38,쇼핑
나이키 롯데몰은평점,서울특별시 은평구 통일로 1050 롯데몰 은평점,126.9179162000,37.6375893423,,A04,A0401,A04011000,2912516,38,쇼핑
나이키 롯데서울역,서울특별시 중구 한강대로 405,126.9717664185,37.5545416306,,A04,A0401,A04011000,2906408,38,쇼핑
나이키 롯데월드몰,"서울특별시 송파구 올림픽로 300(신천동, 롯데월드몰 3층)",127.1040749597,37.5141653654,,A04,A0401,A04011000,2902411,38,쇼핑
나이키 롯데잠실,"서울특별시 송파구 올림픽로 240, 7층(잠실동, 롯데백화점)",127.0976311526,37.5123821225,,A04,A0401,A04011000,2904754,38,쇼핑
나이키 문정,"서울특별시 송파구 동남로 127, 1층(가락동, 성화빌딩)",127.1249431571,37.4912156274,,A04,A0401,A04011000,2914845,38,쇼핑
나이키 스타시티점,서울특별시 광진구 능동로 92 8층,127.0712300203,37.5390535504,,A04,A0401,A04011000,2930436,38,쇼핑
나이키 압구정로데오,서울특별시 강남구 선릉로 831,127.0398971213,37.5263850138,,A04,A0401,A04011000,2911396,38,쇼핑
나이키 올림픽,"서울특별시 강동구 양재대로 1329(성내동, 서경빌딩 1층)",127.1348440671,37.5252562993,,A04,A0401,A04011000,2931382,38,쇼핑
나이키 용산아이파크,"서울특별시 용산구 한강대로23길 55, 6층(한강로3가, 아이파크몰)",126.9647566449,37.5298249324,,A04,A0401,A04011000,2902648,38,쇼핑
나이키 제이에이치타운,서울특별시 용산구 이태원로 163(이태원동),126.9921706782,37.5346276439,,A04,A0401,A04011000,2906141,38,쇼핑
나이키 조던홍대,서울특별시 마포구 양화로 161(동교동),126.9233290975,37.5569904784,,A04,A0401,A04011000,2905705,38,쇼핑
나이키 타임스퀘어,서울특별시 영등포구 영중로 15 (영등포동4가) 타임스퀘어 3층,126.9053818370,37.5178335971,,A04,A0401,A04011000,2906470,38,쇼핑
나이키골프,서울특별시 성북구 동소문로 315 (길음동),127.0287930253,37.6084530555,,A04,A0401,A04011000,3306183,38,쇼핑
나이키골프 현대가든파이브,"서울특별시 송파구 충민로 66,4층(문정동, 가든파이브 현대아울렛테크노관)",127.1249768726,37.4776672007,,A04,A0401,A04011000,2928122,38,쇼핑
나이키스윔,서울특별시 영등포구 영중로 9 (영등포동4가),126.9055901684,37.5172308925,,A04,A0401,A04011000,3306280,38,쇼핑
나이프갤러리,서울특별시 종로구 인사동9길 7 (관훈동),126.9847508030,37.5737313000,,A04,A0401,A04010600,969803,38,쇼핑
나인,서울특별시 강북구 도봉로 62 (미아동),127.0305315802,37.6146468109,,A04,A0401,A04011000,3306018,38,쇼핑
나인 nc신구로,서울특별시 구로구 구로중앙로 152 (구로동),126.8827871414,37.5012129024,,A04,A0401,A04011000,3305936,38,쇼핑
나인(엔터식스 강남),서울특별시 서초구 신반포로 176,127.0035815712,37.5056062193,,A04,A0401,A04011000,2910586,38,쇼핑
낙원 악기상가,서울특별시 종로구 삼일대로 428,126.9878811011,37.5727564697,02-743-6131,A04,A0401,A04010600,132226,38,쇼핑
난닝구,서울특별시 강북구 도봉로 62 (미아동),127.0305315802,37.6146468109,,A04,A0401,A04011000,3306586,38,쇼핑
난닝구,서울특별시 관악구 봉천로 209 (봉천동),126.9249974851,37.4905482278,,A04,A0401,A04011000,3306636,38,쇼핑
난닝구 롯데월드몰점,"서울특별시 송파구 올림픽로240, 5층",127.0976311526,37.5123821225,,A04,A0401,A04011000,2894648,38,쇼핑
난닝구_타임스퀘어점,서울특별시 영등포구 영중로 15,126.9053818370,37.5178335971,,A04,A0401,A04011000,2904658,38,쇼핑
남구로시장,서울특별시 구로구 구로동로26길 54,126.8864593522,37.4897143032,,A04,A0401,A04010200,2591755,38,쇼핑
남대문 메사 (MESA),서울특별시 중구 남대문시장10길 2 MESA,126.9796155373,37.5604271986,02-2128-7800,A04,A0401,A04010600,132557,38,쇼핑
남대문 문구상가,서울특별시 중구 남대문로 6-2,126.9764713804,37.5603577058,02-753-2805,A04,A0401,A04010600,985961,38,쇼핑
남대문 본동의류상가,서울특별시 중구 남대문시장2길 3-2,126.9765936077,37.5598077720,02-753-2805,A04,A0401,A04010600,986011,38,쇼핑
남대문 안경상가,서울특별시 중구 남창동,126.9762158742,37.5594522508,남대문 상가 02-753-2805,A04,A0401,A04010600,132213,38,쇼핑
남대문 액세사리상가,서울특별시 중구 남대문시장4길 21,126.9776157542,37.5591939725,02-778-8932,A04,A0401,A04010600,132211,38,쇼핑
남대문 종합상가,서울특별시 중구 남대문시장4길 21,126.9776518607,37.5592134153,02-753-2805,A04,A0401,A04010600,1013076,38,쇼핑
남대문 중앙상가,서울특별시 중구 남대문시장4길 21,126.9776157542,37.5591939725,02-753-2805,A04,A0401,A04010600,986038,38,쇼핑
남대문대호안경,서울특별시 중구 남대문시장4길 32,126.9770463730,37.5588023412,,A04,A0401,A04011000,3306737,38,쇼핑
남대문시장,서울특별시 중구 남대문시장4길 21,126.9776796357,37.5592467455,,A04,A0401,A04010200,132180,38,쇼핑
남대문인삼시장,서울특별시 중구 남대문시장길 25-8 (남대문로4가),126.9775046150,37.5605299268,02-752-1012,A04,A0401,A04010200,132225,38,쇼핑
남성사계시장,서울특별시 동작구 동작대로29길 47 (사당동),126.9794037030,37.4883938957,,A04,A0401,A04010200,2743745,38,쇼핑
남시안경,서울특별시 중구 남대문로 8-3 (남대문로4가),126.9767796814,37.5605132487,,A04,A0401,A04011000,3306605,38,쇼핑
남평화상가,서울특별시 중구 장충단로 282-10,127.0108818839,37.5692045173,,A04,A0401,A04010600,2761466,38,쇼핑
내셔널지오그래픽,서울특별시 서대문구 신촌로83,126.9358252045,37.5561435782,,A04,A0401,A04011000,2927067,38,쇼핑
내셔널지오그래픽 두타,서울특별시 중구 장충단로 275 두산타워 b1층 05호,127.0088293006,37.5689100708,,A04,A0401,A04011000,2904771,38,쇼핑
내셔널지오그래픽 스타필드코엑스,"서울특별시 강남구 봉은사로 524, C114호 (삼성동)",127.0571487082,37.5129952125,,A04,A0401,A04011000,2929487,38,쇼핑
내셔널지오그래픽 현대가산,"서울특별시 금천구 디지털로10길 9, 4층 (가산동,현대시티아울렛 가산점)",126.8890705637,37.4776713039,,A04,A0401,A04011000,2907326,38,쇼핑
넘버링 플래그십스토어 한남점,서울특별시 용산구 대사관로5길 11 (한남동),127.0006782297,37.5348833219,,A04,A0401,A04011000,3306749,38,쇼핑
넘버링플래그십스토어 한남점,서울특별시 용산구 대사관로5길 11 (한남동),127.0006782297,37.5348833219,,A04,A0401,A04011000,3307692,38,쇼핑
네스프레소 롯데 노원점,서울특별시 노원구 동일로 1414 1층,127.0614081608,37.6553315254,,A04,A0401,A04011000,2929277,38,쇼핑
네스프레소 롯데 본점,서울특별시 중구 남대문로 81 8층,126.9817485525,37.5647822864,,A04,A0401,A04011000,2923834,38,쇼핑
네스프레소 현대 목동점,서울특별시 양천구 목동동로 257,126.8747288364,37.5263292843,,A04,A0401,A04011000,2923886,38,쇼핑
네이처리퍼블릭 (명동월드점),서울특별시 중구 명동8길 52,126.9848928063,37.5613938475,,A04,A0401,A04010600,970046,38,쇼핑
네이처리퍼블릭 공덕역점,서울특별시 마포구 백범로 200,126.9519824204,37.5435731061,,A04,A0401,A04011000,2910905,38,쇼핑
네이처컬렉션 강남대로1호,"서울특별시 강남구 강남대로 438,1층(역삼동 스타플렉스 제1층 제101-1,2호)",127.0263518310,37.5016959711,,A04,A0401,A04011000,2924264,38,쇼핑
네이처컬렉션 광화문,"서울특별시 종로구 새문안로 105, ,1층(세종로,명현빌딩)",126.9763044417,37.5705176331,,A04,A0401,A04011000,2924324,38,쇼핑
네이처컬렉션 신촌,서울특별시 서대문구 연세로 14 (창천동),126.9370111886,37.5568157436,,A04,A0401,A04011000,2917877,38,쇼핑
네이쳐리퍼블릭_홈플러스월곡점,서울특별시 성북구 화랑로76,127.0404782582,37.6018818076,,A04,A0401,A04011000,2926927,38,쇼핑
네파,서울특별시 서대문구 신촌로83,126.9358252045,37.5561435782,,A04,A0401,A04011000,2927074,38,쇼핑
네파,"서울특별시 구로구 경인로 662 (신도림동, 디큐브시티)",126.8884169673,37.5089148857,,A04,A0401,A04011000,3305756,38,쇼핑
네파 롯데서울역,서울특별시 중구 한강대로 405,126.9717664185,37.5545416306,,A04,A0401,A04011000,2918577,38,쇼핑
네파 롯데팩토리가산,서울특별시 금천구 벚꽃로 278 SJ테크노빌 2층,126.8846459143,37.4795432303,,A04,A0401,A04011000,2930962,38,쇼핑
네파 현대가든파이브,"서울특별시 송파구 충민로 66, 3층(문정동, 현대시티몰 가든파이브라이프)",127.1249768726,37.4776672007,,A04,A0401,A04011000,2907052,38,쇼핑
네파 현대가산,"서울특별시 금천구 디지털로10길 9, 4층(가산동,현대시티아울렛 가산)",126.8890705637,37.4776713039,,A04,A0401,A04011000,2925134,38,쇼핑
네파 현대동대문,"서울특별시 중구 장충단로13길 20, 현대시티타워 7층(을지로6가)",127.0076821872,37.5687878415,,A04,A0401,A04011000,2924622,38,쇼핑
네파키즈,서울특별시 금천구 디지털로 185 (가산동),126.8872262708,37.4782600918,,A04,A0401,A04011000,3306421,38,쇼핑
네파키즈 nc신구로,서울특별시 구로구 구로중앙로 152 (구로동),126.8827871414,37.5012129024,,A04,A0401,A04011000,3306458,38,쇼핑
네파키즈 현대동대문,서울특별시 중구 장충단로13길 20,127.0076821872,37.5687878415,,A04,A0401,A04011000,2901592,38,쇼핑
네파현대목동점,서울특별시 양천구 목동동로257,126.8747288364,37.5263292843,,A04,A0401,A04011000,2923602,38,쇼핑
넬시,서울특별시 강북구 도봉로 62 (미아동),127.0305315802,37.6146468109,,A04,A0401,A04011000,3305304,38,쇼핑
노량진수산물도매시장,서울특별시 동작구 노들로 674,126.9368207234,37.5148539488,02-2254-8117,A04,A0401,A04010200,132216,38,쇼핑
노룬산골목시장,서울특별시 광진구 자양동 816-79,127.0647501150,37.5369286806,,A04,A0401,A04010200,2751406,38,쇼핑
노비스 롯데백화점 에비뉴엘 월드타워점,서울특별시 송파구 올림픽로 300¸ 3층,127.1040749597,37.5141653654,,A04,A0401,A04011000,2924158,38,쇼핑
노스비치 (North Beach),서울특별시 용산구 이태원로 171,126.9931372569,37.5346221062,,A04,A0401,A04010600,1030777,38,쇼핑
노스페이스,서울특별시 은평구 통일로1050,126.9179162000,37.6375893423,,A04,A0401,A04011000,2923870,38,쇼핑
노스페이스,서울특별시 영등포구 영중로 9 (영등포동4가),126.9055901684,37.5172308925,,A04,A0401,A04011000,3305388,38,쇼핑
노스페이스,"서울특별시 구로구 경인로 662 (신도림동, 디큐브시티)",126.8884169673,37.5089148857,,A04,A0401,A04011000,3307743,38,쇼핑
노스페이스 NC불광점,서울특별시 은평구 불광로20,126.9289354269,37.6097677758,,A04,A0401,A04011000,2930079,38,쇼핑
노스페이스 nc신구로,서울특별시 구로구 구로중앙로 152 (구로동),126.8827871414,37.5012129024,,A04,A0401,A04011000,3306424,38,쇼핑
노스페이스 도봉산점,서울특별시 도봉구 도봉산길 77,127.0372178139,37.6863913647,,A04,A0401,A04011000,2929161,38,쇼핑
노스페이스 롯데서울역,서울특별시 용산구 한강대로 405,126.9717469660,37.5548915897,,A04,A0401,A04011000,2916212,38,쇼핑
노스페이스 롯데팩토리가산,"서울특별시 금천구 벚꽃로 278, SJ테크노빌 1층",126.8846459143,37.4795432303,,A04,A0401,A04011000,2931507,38,쇼핑
노스페이스 문정점,서울특별시 송파구 중대로10길 39 (가락동),127.1241015774,37.4908628758,,A04,A0401,A04011000,2905451,38,쇼핑
노스페이스 타임스퀘어,서울특별시 영등포구 영중로 15 (영등포동4가) 타임스퀘어,126.9053818370,37.5178335971,,A04,A0401,A04011000,2931430,38,쇼핑
노스페이스 현대가든파이브,"서울특별시 송파구 충민로 66, 3층",127.1249768726,37.4776672007,,A04,A0401,A04011000,2925639,38,쇼핑
노스페이스 현대동대문,서울특별시 중구 장충단로13길 20,127.0076821872,37.5687878415,,A04,A0401,A04011000,2923751,38,쇼핑
노스페이스 현대아울렛 가산점,서울특별시 금천구 디지털로10길 9,126.8890705637,37.4776713039,,A04,A0401,A04011000,2900776,38,쇼핑
노스페이스 화이트라벨,서울특별시 강북구 도봉로 62 (미아동),127.0305315802,37.6146468109,,A04,A0401,A04011000,3306944,38,쇼핑
노스페이스 화이트라벨건대스타시티,서울특별시 광진구 능동로 92,127.0712300203,37.5390535504,,A04,A0401,A04011000,2923989,38,쇼핑
노스페이스구의점,서울특별시 광진구 자양로 81,127.0838595361,37.5351847829,,A04,A0401,A04011000,2910330,38,쇼핑
노스페이스화이트라벨,서울특별시 영등포구 영중로 9 (영등포동4가),126.9055901684,37.5172308925,,A04,A0401,A04011000,3306672,38,쇼핑
노스페이스화이트라벨,"서울특별시 구로구 경인로 662 (신도림동, 디큐브시티)",126.8884169673,37.5089148857,,A04,A0401,A04011000,3307067,38,쇼핑
노트성형외과의원,서울특별시 서초구 강남대로 563 (잠원동),127.0204465215,37.5120002237,,A04,A0401,A04011000,3307222,38,쇼핑
논현 가구거리,서울특별시 강남구 학동로 106,127.0225185784,37.5111836894,,A04,A0401,A04010600,132235,38,쇼핑
논현튠의원,서울특별시 강남구 논현로 868 (신사동),127.0289036838,37.5261570651,,A04,A0401,A04011000,3307038,38,쇼핑
농협하나로마트 양재,서울특별시 서초구 청계산로 10(양재동),127.0455734164,37.4623536605,,A04,A0401,A04011000,2902486,38,쇼핑
누죤패션몰,서울특별시 중구 을지로45길 62,127.0130011984,37.5669492622,02-6366-3114,A04,A0401,A04010600,987071,38,쇼핑
눈스퀘어,서울특별시 중구 명동길 14 (명동2가),126.9829151500,37.5634685712,,A04,A0401,A04010600,807619,38,쇼핑
뉴발란스,서울특별시 금천구 디지털로 185 (가산동),126.8872262708,37.4782600918,,A04,A0401,A04011000,3305824,38,쇼핑
뉴발란스,"서울특별시 구로구 경인로 662 (신도림동, 디큐브시티)",126.8884169673,37.5089148857,,A04,A0401,A04011000,3306694,38,쇼핑
뉴발란스,서울특별시 구로구 구로중앙로 152 (구로동),126.8827871414,37.5012129024,,A04,A0401,A04011000,3306990,38,쇼핑
뉴발란스 현대 가산점,서울특별시 금천구 디지털로10길 9 5층,126.8890705637,37.4776713039,,A04,A0401,A04011000,2930526,38,쇼핑
뉴발란스 현대동대문,"서울특별시 중구 장충단로13길 20, 7층",127.0076821872,37.5687878415,,A04,A0401,A04011000,2912267,38,쇼핑
뉴발란스_대학로점,서울특별시 종로구 대학로133- 2,127.0014990094,37.5831582830,,A04,A0401,A04011000,2893947,38,쇼핑
뉴발란스키즈,서울특별시 성북구 동소문로 315 (길음동),127.0287930253,37.6084530555,,A04,A0401,A04011000,3305964,38,쇼핑
뉴발란스키즈 nc신구로,서울특별시 구로구 구로중앙로 152 (구로동),126.8827871414,37.5012129024,,A04,A0401,A04011000,3305515,38,쇼핑
뉴에라 두타,서울특별시 중구 장충단로 275,127.0088293006,37.5689100708,,A04,A0401,A04011000,2911635,38,쇼핑
뉴에라_타임스퀘어 영등포점,"서울특별시 영등포구 영중로 15 3층(영등포4가, 타임스퀘어)",126.9053818370,37.5178335971,,A04,A0401,A04011000,2894279,38,쇼핑
뉴에라현대목동점,서울특별시 양천구 목동동로257,126.8747288364,37.5263292843,,A04,A0401,A04011000,2923609,38,쇼핑
뉴욕안경,서울특별시 강남구 강남대로 지하 396,127.0283239716,37.4982186324,,A04,A0401,A04011000,2910573,38,쇼핑
뉴카이스트안경원,서울특별시 중구 남대문시장4길 12-2,126.9772352190,37.5596744658,,A04,A0401,A04011000,2910503,38,쇼핑
닉스,서울특별시 중구 장충단로13길 20 (을지로6가),127.0076821872,37.5687878415,,A04,A0401,A04011000,3306137,38,쇼핑
다니엘트루스,서울특별시 관악구 봉천로 209 (봉천동),126.9249974851,37.4905482278,,A04,A0401,A04011000,3307340,38,쇼핑
다름성형외과,서울특별시 강남구 테헤란로101 10층,127.0280573169,37.4986630200,,A04,A0401,A04011000,2918705,38,쇼핑
다미 (dami),서울특별시 강남구 가로수길 26,127.0232682693,37.5196827156,,A04,A0401,A04011000,2904977,38,쇼핑
다미아니 신세계강남,서울특별시 서초구 신반포로 176,127.0035815712,37.5056062193,,A04,A0401,A04011000,2902971,38,쇼핑
다미아니 신세계본점,"서울특별시 중구 소공로 63 (충무로1가, 신세계백화점건물)",126.9810181709,37.5609966018,,A04,A0401,A04011000,2914102,38,쇼핑
다미아니코리아_에비뉴엘월드타워점,"서울특별시 송파구 올림픽로300(신천동,롯데백화점에비뉴엘월드타워점 다미아니코너1",127.1040749597,37.5141653654,,A04,A0401,A04011000,2894646,38,쇼핑
다비치 도곡점,서울특별시 강남구 선릉로 206 1층,127.0553189191,37.4918087503,,A04,A0401,A04011000,2900773,38,쇼핑
다비치 신촌점,서울특별시 서대문구 신촌역로 37 1층,126.9413190670,37.5590238976,,A04,A0401,A04011000,2916086,38,쇼핑
다비치안경 (명동점),서울특별시 중구 소공로 62,126.9821486277,37.5608383072,,A04,A0401,A04010600,970087,38,쇼핑
다비치안경 금천,서울특별시 금천구 시흥대로 415 (독산동),126.8976755312,37.4707167098,,A04,A0401,A04011000,2915227,38,쇼핑
다비치안경 미아사거리,"서울특별시 강북구 월계로 3, 1층 (미아동, 덕신빌딩)",127.0306650440,37.6096279525,,A04,A0401,A04011000,2909935,38,쇼핑
다비치안경 방배,서울특별시 서초구 방배로20길 4(방배동),126.9953606629,37.4855583994,,A04,A0401,A04011000,2927424,38,쇼핑
다비치안경 신사,서울특별시 강남구 도산대로 109,127.0205102653,37.5169190978,,A04,A0401,A04011000,2901669,38,쇼핑
다비치안경 홍대동교동삼거리점,서울특별시 마포구 양화로 193,126.9258788111,37.5589041906,,A04,A0401,A04011000,2907488,38,쇼핑
다비치안경_명동점,"서울특별시 중구 소공로 62 1층(충무로1가, 등암빌딩)",126.9822041764,37.5608994126,,A04,A0401,A04011000,2894230,38,쇼핑
다시피움성형외과의원,서울특별시 서초구 서초대로73길 9 (서초동),127.0252436924,37.4983602268,,A04,A0401,A04011000,3306722,38,쇼핑
다이나핏 롯데월드몰,서울특별시 송파구 올림픽로 300,127.1040749597,37.5141653654,,A04,A0401,A04011000,2902598,38,쇼핑
다이나핏 롯데팩토리가산,"서울특별시 금천구 벚꽃로 278, 2층",126.8846459143,37.4795432303,,A04,A0401,A04011000,2905092,38,쇼핑
다이나핏 현대가든파이브,서울특별시 송파구 충민로66 3층,127.1249768726,37.4776672007,,A04,A0401,A04011000,2924566,38,쇼핑
다이소 nc신구로,서울특별시 구로구 구로중앙로 152 (구로동),126.8827871414,37.5012129024,,A04,A0401,A04011000,3306732,38,쇼핑
다이소 명동,서울특별시 중구 명동길 43,126.9847760746,37.5640657568,,A04,A0401,A04011000,2901510,38,쇼핑
다이소 명동역,서울특별시 중구 퇴계로 134-1,126.9867593195,37.5607995058,,A04,A0401,A04011000,2901518,38,쇼핑
다이소 신촌,서울특별시 마포구 신촌로 90,126.9355530292,37.5553658859,,A04,A0401,A04011000,2907205,38,쇼핑
다이소 신촌명물거리,서울특별시 서대문구 명물길 27,126.9380777148,37.5583489179,,A04,A0401,A04011000,3305742,38,쇼핑
다이소 홍대2호,서울특별시 마포구 양화로 182,126.9256010894,37.5578154232,,A04,A0401,A04011000,2916370,38,쇼핑
다이아미 신세계 본점,서울특별시 중구 소공로 63 1층,126.9810181709,37.5609966018,,A04,A0401,A04011000,2928168,38,쇼핑
닥스,서울특별시 중구 장충단로13길 20 (을지로6가),127.0076821872,37.5687878415,,A04,A0401,A04011000,3305619,38,쇼핑
닥스,서울특별시 관악구 봉천로 209 (봉천동),126.9249974851,37.4905482278,,A04,A0401,A04011000,3305739,38,쇼핑
닥스,"서울특별시 구로구 경인로 662 (신도림동, 디큐브시티)",126.8884169673,37.5089148857,,A04,A0401,A04011000,3305800,38,쇼핑
닥스,서울특별시 금천구 디지털로 185 (가산동),126.8872262708,37.4782600918,,A04,A0401,A04011000,3307028,38,쇼핑
닥스구두,서울특별시 관악구 봉천로 209 (봉천동),126.9249974851,37.4905482278,,A04,A0401,A04011000,3306301,38,쇼핑
닥스구두 현대가든파이브,"서울특별시 송파구 충민로 66, 2층",127.1249768726,37.4776672007,,A04,A0401,A04011000,2915860,38,쇼핑
닥스셔츠,"서울특별시 구로구 경인로 662 (신도림동, 디큐브시티)",126.8884169673,37.5089148857,,A04,A0401,A04011000,3306187,38,쇼핑
닥스셔츠,서울특별시 관악구 봉천로 209 (봉천동),126.9249974851,37.4905482278,,A04,A0401,A04011000,3307031,38,쇼핑
닥스여성복,서울특별시 관악구 봉천로 209 (봉천동),126.9249974851,37.4905482278,,A04,A0401,A04011000,3305556,38,쇼핑
닥스핸드백,서울특별시 관악구 봉천로 209 (봉천동),126.9249974851,37.4905482278,,A04,A0401,A04011000,3306921,38,쇼핑
닥터디자이너의원,"서울특별시 영등포구 경인로 870, 2층(영등포동1가, 영등포 J&S)",126.9092981694,37.5170365367,,A04,A0401,A04011000,2903802,38,쇼핑
닥터마틴,서울특별시 중구 장충단로 275 (을지로6가),127.0088293006,37.5689100708,,A04,A0401,A04011000,3305300,38,쇼핑
닥터마틴 가든파이브점,서울특별시 송파구 충민로 66,127.1249768726,37.4776672007,,A04,A0401,A04011000,2900481,38,쇼핑
닥터마틴 롯데월드몰점,서울특별시 송파구 올림픽로 300,127.1040749597,37.5141653654,,A04,A0401,A04011000,2926587,38,쇼핑
닥터마틴 타임스퀘어점,서울특별시 영등포구 영중로 15 134호,126.9053818370,37.5178335971,,A04,A0401,A04011000,2895091,38,쇼핑
닥터마틴 현대 가산점,"서울특별시 금천구 디지털로10길 9,5층",126.8890705637,37.4776713039,,A04,A0401,A04011000,2930586,38,쇼핑
닥터쁘띠의원,서울특별시 마포구 양화로 151 (동교동),126.9223903127,37.5563238722,,A04,A0401,A04011000,3307566,38,쇼핑
닥터스피부과 신사점,"서울특별시 강남구 도산대로 107, 10층(신사동)",127.0201241919,37.5168329904,,A04,A0401,A04011000,2903753,38,쇼핑
닥터진이비인후과의원,서울특별시 서초구 강남대로 621 (잠원동) 케이타워 2층,127.0188020806,37.5171634834,,A04,A0401,A04011000,2909981,38,쇼핑
닥터하스킨,서울특별시 관악구 봉천로 209 (봉천동),126.9249974851,37.4905482278,,A04,A0401,A04011000,3306466,38,쇼핑
단하,서울특별시 종로구 팔판길 39-7 (팔판동),126.9809508653,37.5837550672,,A04,A0401,A04010600,2946235,38,쇼핑
답십리 고미술상가,서울특별시 동대문구 고미술로 39,127.0522448086,37.5682581489,,A04,A0401,A04010600,282011,38,쇼핑
대도종합상가,서울특별시 중구 남대문시장4길 9,126.9776268508,37.5596800274,02-752-2689,A04,A0401,A04010600,985952,38,쇼핑
대림그랑프리안경원,서울특별시 영등포구 도림로 129,126.8965750041,37.4930141007,,A04,A0401,A04011000,2893689,38,쇼핑
대림중앙시장,서울특별시 영등포구 디지털로37나길 21,126.8999497350,37.4916670951,,A04,A0401,A04010200,2037026,38,쇼핑
대신시장,서울특별시 영등포구 도신로60길 7 (신길동),126.9176003574,37.5111234834,,A04,A0401,A04010200,2753117,38,쇼핑
대현 듀엘 롯데서울역,서울특별시 용산구 한강대로 405,126.9717469660,37.5548915897,,A04,A0401,A04011000,2914885,38,쇼핑
대현 듀엘 현대동대문,서울특별시 중구 장충단로13길 20,127.0076821872,37.5687878415,,A04,A0401,A04011000,2924537,38,쇼핑
대현 모조에스핀 현대가든파이브,서울특별시 송파구 충민로 66,127.1249768726,37.4776672007,,A04,A0401,A04011000,2924330,38,쇼핑
대현 쥬크 현대가든파이브,"서울특별시 송파구 충민로 66, 2층",127.1249768726,37.4776672007,,A04,A0401,A04011000,2908884,38,쇼핑
대현 쥬크 현대동대문,서울특별시 중구 장충단로13길 20,127.0076821872,37.5687878415,,A04,A0401,A04011000,2907800,38,쇼핑
더 스테이지(THE STAGE),서울특별시 종로구 청계천로 41 (서린동),126.9821983715,37.5697233868,,A04,A0401,A04011200,3493270,38,쇼핑
더 페이스샵 nc신구로,서울특별시 구로구 구로중앙로 152 (구로동),126.8827871414,37.5012129024,,A04,A0401,A04011000,3305965,38,쇼핑
더데이걸 nc신구로,서울특별시 구로구 구로중앙로 152 (구로동),126.8827871414,37.5012129024,,A04,A0401,A04011000,3306161,38,쇼핑
더바디샵,서울특별시 관악구 봉천로 209 (봉천동),126.9249974851,37.4905482278,,A04,A0401,A04011000,3306740,38,쇼핑
더블에잇 nc신구로,서울특별시 구로구 구로중앙로 152 (구로동),126.8827871414,37.5012129024,,A04,A0401,A04011000,3307040,38,쇼핑
더블유피엠,서울특별시 중구 소공로 58 회현지하도상가 다-32호,126.9820764229,37.5604550174,,A04,A0401,A04010600,2618267,38,쇼핑
더블제이디,서울특별시 중구 장충단로13길 20 (을지로6가),127.0076821872,37.5687878415,,A04,A0401,A04011000,3307083,38,쇼핑
더블제이디,"서울특별시 구로구 경인로 662 (신도림동, 디큐브시티)",126.8884169673,37.5089148857,,A04,A0401,A04011000,3307455,38,쇼핑
더샘 코엑스,"서울특별시 강남구 테헤란로87길 22(삼성동,도심공항몰큐111호)",127.0594569246,37.5096845267,,A04,A0401,A04011000,2922521,38,쇼핑
더샘_명동1호점,서울특별시 중구 명동8길41,126.9850705517,37.5619687838,,A04,A0401,A04011000,2899826,38,쇼핑
더샘_홍대점*,서울특별시 마포구 어울마당로98-1,126.9223709418,37.5537825007,,A04,A0401,A04011000,2899844,38,쇼핑
더샘엔터식스점,서울특별시 광진구 광나루로56길 85,127.0957084403,37.5357793715,,A04,A0401,A04011000,2923885,38,쇼핑
더소뇨 강남,"서울특별시 강남구 언주로172길 36, 1층 101호",127.0366973903,37.5271681986,,A04,A0401,A04011000,2923055,38,쇼핑
더씨엘의원,"서울특별시 강남구 압구정로 436(청담동, 베띠앙뜨빌딩 3층)",127.0446383508,37.5265767436,,A04,A0401,A04011000,3306173,38,쇼핑
더아이잗 nc신구로,서울특별시 구로구 구로중앙로 152 (구로동),126.8827871414,37.5012129024,,A04,A0401,A04011000,3305565,38,쇼핑
더일마 IFC몰,서울특별시 영등포구 국제금융로 10,126.9266241202,37.5258580443,,A04,A0401,A04011000,2912805,38,쇼핑
더페이스샵 영등포,서울특별시 영등포구 경인로 843,126.9066734236,37.5165143290,,A04,A0401,A04011000,2930591,38,쇼핑
더페이스샵 잠실지하쇼핑센터,서울특별시 송파구 올림픽로 265,127.1018723895,37.5139125774,,A04,A0401,A04011000,3307663,38,쇼핑
더페이스치과의원,서울특별시 강남구 논현로 840 (신사동),127.0286509990,37.5236879028,,A04,A0401,A04011000,3307295,38,쇼핑
더플러스 성형외과,서울특별시 강남구 가로수길 9,127.0230433200,37.5186217236,,A04,A0401,A04011000,2907464,38,쇼핑
더현대 서울,서울특별시 영등포구 여의대로 108 (여의도동),126.9273156868,37.5271495732,,A04,A0401,A04010300,2708109,38,쇼핑
덕분애,서울특별시 서초구 효령로 276 (서초동),127.0144700672,37.4844366508,,A04,A0401,A04010600,2779150,38,쇼핑
데무 2001아울렛 중계,서울특별시 노원구 동일로204가길 46 (중계동),127.0679274101,37.6413416033,,A04,A0401,A04011000,3306391,38,쇼핑
데무 롯데팩토리가산,"서울특별시 금천구 벚꽃로 278, 1층",126.8846459143,37.4795432303,,A04,A0401,A04011000,2911342,38,쇼핑
데무 현대가든파이브,"서울특별시 송파구 충민로 66, 2층",127.1249768726,37.4776672007,,A04,A0401,A04011000,2924474,38,쇼핑
데무 현대동대문,서울특별시 중구 장충단로13길 20,127.0076821872,37.5687878415,,A04,A0401,A04011000,2907475,38,쇼핑
데미안,서울특별시 강북구 도봉로 62 (미아동),127.0305315802,37.6146468109,,A04,A0401,A04011000,3307635,38,쇼핑
데상트,서울특별시 금천구 디지털로 185 (가산동),126.8872262708,37.4782600918,,A04,A0401,A04011000,3306145,38,쇼핑
데상트,서울특별시 성북구 동소문로 315 (길음동),127.0287930253,37.6084530555,,A04,A0401,A04011000,3306285,38,쇼핑
데상트,서울특별시 영등포구 영중로 9 (영등포동4가),126.9055901684,37.5172308925,,A04,A0401,A04011000,3306734,38,쇼핑
데상트,"서울특별시 구로구 경인로 662 (신도림동, 디큐브시티)",126.8884169673,37.5089148857,,A04,A0401,A04011000,3306804,38,쇼핑
데상트,서울특별시 구로구 구로중앙로 152 (구로동),126.8827871414,37.5012129024,,A04,A0401,A04011000,3306819,38,쇼핑
데상트 NC불광점,서울특별시 은평구 불광로20,126.9289354269,37.6097677758,,A04,A0401,A04011000,2930072,38,쇼핑
데상트 nc신구로,서울특별시 구로구 구로중앙로 152 (구로동),126.8827871414,37.5012129024,,A04,A0401,A04011000,3305799,38,쇼핑
데상트 두타,서울특별시 중구 장충단로 275,127.0088293006,37.5689100708,,A04,A0401,A04011000,2931874,38,쇼핑
데상트 롯데월드몰,"서울특별시 송파구 올림픽로 300, 3층",127.1040305171,37.5142459111,,A04,A0401,A04011000,2931560,38,쇼핑
데상트 롯데팩토리 가산,서울특별시 금천구 벚꽃로 278 (가산동),126.8846459143,37.4795432303,,A04,A0401,A04011000,3307752,38,쇼핑
데상트 현대가든파이브,"서울특별시 송파구 충민로 66, 테크노동 3층",127.1249768726,37.4776672007,,A04,A0401,A04011000,2916171,38,쇼핑
데상트골프,서울특별시 금천구 디지털로 185 (가산동),126.8872262708,37.4782600918,,A04,A0401,A04011000,3305998,38,쇼핑
데상트골프,"서울특별시 구로구 경인로 662 (신도림동, 디큐브시티)",126.8884169673,37.5089148857,,A04,A0401,A04011000,3307181,38,쇼핑
데상트현대무역점,서울특별시 강남구 테헤란로 517 6층,127.0597791462,37.5086679839,,A04,A0401,A04011000,2918057,38,쇼핑
데이텀 2001아울렛 중계,서울특별시 노원구 동일로204가길 46 (중계동),127.0679274101,37.6413416033,,A04,A0401,A04011000,3307002,38,쇼핑
데이텀 nc신구로,서울특별시 구로구 구로중앙로 152 (구로동),126.8827871414,37.5012129024,,A04,A0401,A04011000,3307099,38,쇼핑
데일리라이크,서울특별시 중구 장충단로13길 20 (을지로6가)2층,127.0076821872,37.5687878415,,A04,A0401,A04011000,3306827,38,쇼핑
데코,서울특별시 중구 장충단로13길 20 (을지로6가)3층,127.0076821872,37.5687878415,,A04,A0401,A04011000,3307534,38,쇼핑
도곡시장,서울특별시 강남구 역삼동,127.0522162580,37.4976524603,,A04,A0401,A04010200,2782194,38,쇼핑
도자기카페 줄,서울특별시 마포구 동교동 179-38,126.9285063921,37.5573821924,,A04,A0401,A04010700,2946238,38,쇼핑
독립문영천시장,서울특별시 서대문구 통일로 189-1,126.9618752046,37.5703923889,,A04,A0401,A04010200,2789102,38,쇼핑
독산동 우시장,서울특별시 금천구 범안로 1209 (독산동),126.8963118743,37.4668782419,,A04,A0401,A04010200,2743857,38,쇼핑
동대문 종합시장·동대문 쇼핑타운,서울특별시 종로구 종로 266,127.0073293863,37.5707292767,02-2262-0114,A04,A0401,A04010200,132200,38,쇼핑
동대문종합시장 액세서리상가,서울특별시 종로구 종로 266,127.0088792547,37.5703710128,02-2262-0114,A04,A0401,A04010600,1013559,38,쇼핑
동대문종합시장 한복상가,서울특별시 종로구 종로 266,127.0073293863,37.5707292767,02-2262-0114,A04,A0401,A04010200,1013584,38,쇼핑
동묘벼룩시장,서울특별시 종로구 종로58길 4,127.0180700192,37.5726653559,,A04,A0401,A04010200,2765213,38,쇼핑
동신전자 용산전자랜드,서울특별시 용산구 청파로 74,126.9596403612,37.5327661657,,A04,A0401,A04011000,2925479,38,쇼핑
동아완구,서울특별시 종로구 종로52길 5 (창신동),127.0129788379,37.5719181289,,A04,A0401,A04010600,3357668,38,쇼핑
동일 라코스테 가로수,서울특별시 강남구 가로수길 50,127.0230487992,37.5213075230,,A04,A0401,A04011000,2912526,38,쇼핑
동일 라코스테 타임스퀘어,서울특별시 영등포구 영중로 15,126.9053818370,37.5178335971,,A04,A0401,A04011000,2913357,38,쇼핑
동화면세점,서울특별시 종로구 세종대로 149 (세종로),126.9761544804,37.5696232899,02-399-3270,A04,A0401,A04010400,132178,38,쇼핑
동화상가,서울특별시 중구 장충단로13길 34,127.0069350348,37.5687017277,,A04,A0401,A04010600,2762868,38,쇼핑
두다오 두타,서울특별시 중구 장충단로 275,127.0088293006,37.5689100708,,A04,A0401,A04011000,2912474,38,쇼핑
두타몰,서울특별시 중구 장충단로 275 (을지로6가),127.0088293006,37.5689100708,,A04,A0401,A04010600,273756,38,쇼핑
두타이아,서울특별시 중구 장충단로 275,127.0088293006,37.5689100708,,A04,A0401,A04011000,2927108,38,쇼핑
둔촌역전통시장,서울특별시 강동구 풍성로58길 34,127.1351828602,37.5275421510,,A04,A0401,A04010200,2751863,38,쇼핑
듀엘,서울특별시 금천구 디지털로10길 9 (가산동),126.8890705637,37.4776713039,,A04,A0401,A04011000,3306418,38,쇼핑
듀엘롯데서울역점.,서울특별시 중구 서울중구한강대로405,126.9717664185,37.5545416306,,A04,A0401,A04011000,2925811,38,쇼핑
듀오 롯데 잠실점,서울특별시 송파구 올림픽로 240 1층,127.0976311526,37.5123821225,,A04,A0401,A04011000,2915535,38,쇼핑
듀코_신세게(백)본점_듀퐁,서울특별시 중구 소공로 63,126.9810181709,37.5609966018,,A04,A0401,A04011000,2894278,38,쇼핑
듀코_현대(백)무역_듀퐁,서울특별시 강남구 테헤란로 517(삼성동)7층,127.0377369070,37.5016517363,,A04,A0401,A04011000,2903216,38,쇼핑
듀퐁,서울특별시 금천구 디지털로 185 (가산동),126.8872262708,37.4782600918,,A04,A0401,A04011000,3307130,38,쇼핑
드레싱 게스 롯데서울역,서울특별시 중구 한강대로 405,126.9717664185,37.5545416306,,A04,A0401,A04011000,2931380,38,쇼핑
드로어써클 신세계본점,서울특별시 중구 소공로 63,126.9810181709,37.5609966018,,A04,A0401,A04011000,2907576,38,쇼핑
드림케어약국,"서울특별시 강남구 압구정로 162(신사동,베네하임시티1층107호)",127.0274815858,37.5263514611,,A04,A0401,A04011000,2894119,38,쇼핑
드림헤어라인의원,서울특별시 강남구 논현로159길 10 2층,127.0273539101,37.5231684954,,A04,A0401,A04011000,2905386,38,쇼핑
디디에두보현대무역점,서울특별시 강남구 테헤란로 517 2층,127.0597791462,37.5086679839,,A04,A0401,A04011000,2918448,38,쇼핑
디루치아노,서울특별시 관악구 봉천로 209 (봉천동),126.9249974851,37.4905482278,,A04,A0401,A04011000,3306695,38,쇼핑
디스커버리,서울특별시 서대문구 신촌로83,126.9358252045,37.5561435782,,A04,A0401,A04011000,2927071,38,쇼핑
디스커버리,"서울특별시 구로구 경인로 662 (신도림동, 디큐브시티)",126.8884169673,37.5089148857,,A04,A0401,A04011000,3305719,38,쇼핑
디스커버리,서울특별시 중구 장충단로13길 20 (을지로6가),127.0076821872,37.5687878415,,A04,A0401,A04011000,3306738,38,쇼핑
디스커버리,서울특별시 구로구 구로중앙로 152 (구로동),126.8827871414,37.5012129024,,A04,A0401,A04011000,3307638,38,쇼핑
디스커버리 NC불광점,서울특별시 은평구 불광로 20,126.9289354269,37.6097677758,,A04,A0401,A04011000,2930118,38,쇼핑
디스커버리 nc신구로,서울특별시 구로구 구로중앙로 152 (구로동),126.8827871414,37.5012129024,,A04,A0401,A04011000,3307468,38,쇼핑
디스커버리 가든파이브 송파,서울특별시 송파구 충민로 66,127.1249768726,37.4776672007,,A04,A0401,A04011000,2930343,38,쇼핑
디스커버리 키즈,서울특별시 영등포구 영중로 9 (영등포동4가),126.9055901684,37.5172308925,,A04,A0401,A04011000,3306456,38,쇼핑
디스커버리 타임스퀘어점,서울특별시 영등포구 영중로 15 2층,126.9053818370,37.5178335971,,A04,A0401,A04011000,2924689,38,쇼핑
디스커버리건대스타시티,서울특별시 광진구 능동로 92,127.0712300203,37.5390535504,,A04,A0401,A04011000,2923999,38,쇼핑
디아이성형외과의원,서울특별시 서초구 강남대로 441 (서초동),127.0252935910,37.5017876076,,A04,A0401,A04011000,3307670,38,쇼핑
디아프바인,서울특별시 강남구 언주로172길 15,127.0351669551,37.5278375378,02-544-2793,A04,A0401,A04010600,1288095,38,쇼핑
디올,"서울특별시 구로구 경인로 662 (신도림동, 디큐브시티)",126.8884169673,37.5089148857,,A04,A0401,A04011000,3305341,38,쇼핑
디올,서울특별시 강북구 도봉로 62 (미아동),127.0305315802,37.6146468109,,A04,A0401,A04011000,3306648,38,쇼핑
디올,서울특별시 관악구 봉천로 209 (봉천동),126.9249974851,37.4905482278,,A04,A0401,A04011000,3306728,38,쇼핑
디올 롯데 본점,서울특별시 중구 남대문로 81,126.9817485525,37.5647822864,,A04,A0401,A04011000,2930087,38,쇼핑
디올 성수,서울특별시 성동구 연무장5길 7 (성수동2가),127.0524621464,37.5439304241,,A04,A0401,A04011200,3080929,38,쇼핑
디올 신세계 강남점,서울특별시 서초구 신반포로 176,127.0035815712,37.5056062193,,A04,A0401,A04011000,2930093,38,쇼핑
디올 신세계 본점 1층,서울특별시 중구 소공로 63 1층,126.9810181709,37.5609966018,,A04,A0401,A04011000,2901532,38,쇼핑
디올 현대 본점 1층,서울특별시 강남구 압구정로 165,127.0274843337,37.5274180039,,A04,A0401,A04011000,2930078,38,쇼핑
디올 현대 본점 2층,서울특별시 강남구 압구정로 165,127.0274843337,37.5274180039,,A04,A0401,A04011000,2930080,38,쇼핑
디올코스메틱,서울특별시 영등포구 영중로9 신세계백화점 1층,126.9055901684,37.5172308925,,A04,A0401,A04011000,2926676,38,쇼핑
디올코스메틱스 롯데월드몰,서울특별시 송파구 올림픽로300,127.1040305171,37.5142459111,,A04,A0401,A04011000,2903714,38,쇼핑
디자인스킨 AK&홍대,"서울특별시 마포구 양화로 188, 2층",126.9265121176,37.5577987750,,A04,A0401,A04011000,2931711,38,쇼핑
디자인스킨 롯데몰김포,서울특별시 강서구 하늘길 38,126.8029675746,37.5668621822,,A04,A0401,A04011000,2911646,38,쇼핑
디자인스킨 롯데월드몰,"서울특별시 송파구 올림픽로 300, 5층(신천동, 롯데하이마트 월드타워점)",127.1040749597,37.5141653654,,A04,A0401,A04011000,2903451,38,쇼핑
디자인스킨 코엑스,서울특별시 강남구 영동대로 513,127.0592179950,37.5119175967,,A04,A0401,A04011000,2902579,38,쇼핑
디즈니골프,서울특별시 관악구 봉천로 209 (봉천동),126.9249974851,37.4905482278,,A04,A0401,A04011000,3305606,38,쇼핑
디타워 (replace 광화문),서울특별시 종로구 종로3길 17,126.9788930814,37.5709815145,,A04,A0401,A04010600,2505619,38,쇼핑
딥디크 월드타워점,서울특별시 송파구 올림픽로300,127.1040305171,37.5142459111,,A04,A0401,A04011000,2925402,38,쇼핑
때때롯살롱,서울특별시 종로구 수표로28길 21-12,126.9898531239,37.5734536461,,A04,A0401,A04010600,2636336,38,쇼핑
뚝도청춘시장,서울특별시 성동구 성수이로 32-15 (성수동2가),127.0548426575,37.5378533948,,A04,A0401,A04010200,2745620,38,쇼핑
띠어리 롯데백화점 에비뉴엘 월드타워점,서울특별시 송파구 올림픽로 300¸ 5층,127.1040749597,37.5141653654,,A04,A0401,A04011000,2924236,38,쇼핑
띠어리 한남점,서울특별시 용산구 이태원로 251,127.0004670682,37.5373496986,,A04,A0401,A04011000,2901445,38,쇼핑
라디오아이즈_가로수길점,서울특별시 강남구 압구정로10길 29 신성빌딩 1층(신사동),127.0221738659,37.5217491226,,A04,A0401,A04011000,2904968,38,쇼핑
라미체성형외과,서울특별시 송파구 백제고분로7길 14 (잠실동),127.0805161004,37.5103431627,,A04,A0401,A04011000,3305841,38,쇼핑
라이브온 nc신구로,서울특별시 구로구 구로중앙로 152 (구로동),126.8827871414,37.5012129024,,A04,A0401,A04011000,3307174,38,쇼핑
라이안 성형외과의원,"서울특별시 서초구 강남대로 429, 6층(서초동,동일빌딩)",127.0257880178,37.5008460593,,A04,A0401,A04011000,2904585,38,쇼핑
라이즈컴퍼니_홍대점,"서울특별시 마포구 어울마당로 94-3 1층(서교동, 태평양빌딩)",126.9223459534,37.5534519832,,A04,A0401,A04011000,2894034,38,쇼핑
라이카카메라 신세계본점,서울특별시 중구 소공로 63,126.9810181709,37.5609966018,,A04,A0401,A04011000,2925735,38,쇼핑
라이카카메라 현대무역,서울특별시 강남구 테헤란로 517,127.0597791462,37.5086679839,,A04,A0401,A04011000,2925732,38,쇼핑
라이프워크,서울특별시 용산구 한강대로 405 (동자동),126.9717469660,37.5548915897,,A04,A0401,A04011000,3305573,38,쇼핑
라이프워크,서울특별시 영등포구 영중로 9 (영등포동4가),126.9055901684,37.5172308925,,A04,A0401,A04011000,3307557,38,쇼핑
라이프워크 2001아울렛 중계,서울특별시 노원구 동일로204가길 46 (중계동),127.0679274101,37.6413416033,,A04,A0401,A04011000,3306735,38,쇼핑
라인,서울특별시 관악구 봉천로 209 (봉천동),126.9249974851,37.4905482278,,A04,A0401,A04011000,3305943,38,쇼핑
라인_현대시티(아)가산점,서울특별시 금천구 디지털로 10길 9,126.8890705637,37.4776713039,,A04,A0401,A04011000,2894543,38,쇼핑
라인안경콘택트 건대,서울특별시 광진구 동일로20길 120,127.0699412378,37.5394451483,,A04,A0401,A04011000,2910384,38,쇼핑
라인프렌즈 강남 플래그십스토어,서울특별시 서초구 강남대로 437,127.0255269137,37.5014154327,,A04,A0401,A04011000,2903256,38,쇼핑
라인프렌즈 인사점,서울특별시 종로구 인사동길 49,126.9835675554,37.5745200760,,A04,A0401,A04011000,2903491,38,쇼핑
라인프렌즈홍대플래그십스토어,서울특별시 마포구 양화로 141 (동교동),126.9216848363,37.5558072531,,A04,A0401,A04011000,3306249,38,쇼핑
라코스테,서울특별시 서대문구 신촌로83,126.9358252045,37.5561435782,,A04,A0401,A04011000,2927064,38,쇼핑
라코스테,서울특별시 관악구 봉천로 209 (봉천동),126.9249974851,37.4905482278,,A04,A0401,A04011000,3305810,38,쇼핑
라코스테,"서울특별시 구로구 경인로 662 (신도림동, 디큐브시티)",126.8884169673,37.5089148857,,A04,A0401,A04011000,3307224,38,쇼핑
라코스테건대스타시티,서울특별시 광진구 능동로 92,127.0712300203,37.5390535504,,A04,A0401,A04011000,2924052,38,쇼핑
라파올라,서울특별시 강북구 도봉로 62 (미아동),127.0305315802,37.6146468109,,A04,A0401,A04011000,3306516,38,쇼핑
라페르바 월드타워점,서울특별시 송파구 올림픽로300,127.1040305171,37.5142459111,,A04,A0401,A04011000,2925485,38,쇼핑
라플란드,서울특별시 종로구 삼청로 83 가동 1층,126.9817285957,37.5829329537,,A04,A0401,A04011000,2894039,38,쇼핑
락포트,서울특별시 중구 장충단로13길 20 (을지로6가)3층,127.0076821872,37.5687878415,,A04,A0401,A04011000,3306924,38,쇼핑
락포트,"서울특별시 구로구 경인로 662 (신도림동, 디큐브시티)",126.8884169673,37.5089148857,,A04,A0401,A04011000,3307221,38,쇼핑
락포트 현대가든파이브,서울특별시 송파구 충민로66 2층,127.1249768726,37.4776672007,,A04,A0401,A04011000,3307453,38,쇼핑
락포트현대목동점,서울특별시 양천구 목동동로257,126.8747288364,37.5263292843,,A04,A0401,A04011000,2923125,38,쇼핑
란스미어 한남점,서울특별시 용산구 이태원로 267,127.0011391945,37.5385662360,,A04,A0401,A04011000,2922409,38,쇼핑
랄프로렌,서울특별시 광진구 능동로92,127.0712300203,37.5390535504,,A04,A0401,A04011000,2924123,38,쇼핑
랄프로렌,서울특별시 영등포구 영중로9,126.9055901684,37.5172308925,,A04,A0401,A04011000,2926963,38,쇼핑
랄프로렌 칠드런,서울특별시 영등포구 영중로 9 (영등포동4가),126.9055901684,37.5172308925,,A04,A0401,A04011000,3305549,38,쇼핑
랄프로렌_롯데에비뉴엘월드타워점,"서울특별시 송파구 올림픽로 300(신천동, 롯데백화점 에비뉴엘월드타워점 4층)",127.1040749597,37.5141653654,,A04,A0401,A04011000,2894621,38,쇼핑
랄프로렌_롯데월드몰,"서울특별시 송파구 올림픽로 300(신천동, 롯데월드몰 4층)",127.1040749597,37.5141653654,,A04,A0401,A04011000,2904572,38,쇼핑
랄프로렌_롯데잠실지점,서울특별시 송파구 올림픽로 240(잠실동),127.0976311526,37.5123821225,,A04,A0401,A04011000,2894617,38,쇼핑
랄프로렌_폴로가로수길스토어,서울특별시 강남구 가로수길 31,127.0228877381,37.5200576653,,A04,A0401,A04011000,2903813,38,쇼핑
랄프로렌코리아_롯데지점,서울특별시 중구 소공동 1번지,126.9817485525,37.5647822864,,A04,A0401,A04011000,2904558,38,쇼핑
랑방현대무역점,서울특별시 강남구 테헤란로 517 3층,127.0597791462,37.5086679839,,A04,A0401,A04011000,2918404,38,쇼핑
랑콤,서울특별시 영등포구 영중로 9 (영등포동4가),126.9055901684,37.5172308925,,A04,A0401,A04011000,3306724,38,쇼핑
래트,서울특별시 중구 장충단로13길 20 (을지로6가),127.0076821872,37.5687878415,,A04,A0401,A04011000,3305825,38,쇼핑
래핑차일드,서울특별시 성북구 동소문로 315 (길음동),127.0287930253,37.6084530555,,A04,A0401,A04011000,3305851,38,쇼핑
래핑차일드,서울특별시 중구 장충단로13길 20 (을지로6가)8층,127.0076821872,37.5687878415,,A04,A0401,A04011000,3307060,38,쇼핑
래핑차일드 nc신구로,서울특별시 구로구 구로중앙로 152 (구로동),126.8827871414,37.5012129024,,A04,A0401,A04011000,3307020,38,쇼핑
래핑차일드 현대가든파이브,서울특별시 송파구 충민로 66,127.1249768726,37.4776672007,,A04,A0401,A04011000,2905999,38,쇼핑
랩,서울특별시 영등포구 영중로 9 (영등포동4가),126.9055901684,37.5172308925,,A04,A0401,A04011000,3307033,38,쇼핑
랩포터리,서울특별시 중구 퇴계로56길 26 (쌍림동),127.0059019658,37.5627051837,,A04,A0401,A04010700,2989593,38,쇼핑
러너스클럽,서울특별시 마포구 신촌로 160 ,126.9432995176,37.5563603535,,A04,A0401,A04011000,2928839,38,쇼핑
러너스클럽 이대,"서울특별시 마포구 신촌로 160, 103호(스타힐스 빌딩)",126.9432995176,37.5563603535,,A04,A0401,A04011000,2910892,38,쇼핑
러브앤쇼,"서울특별시 구로구 경인로 662 (신도림동, 디큐브시티)",126.8884169673,37.5089148857,,A04,A0401,A04011000,3306702,38,쇼핑
러브앤쇼,서울특별시 중구 장충단로13길 20 (을지로6가),127.0076821872,37.5687878415,,A04,A0401,A04011000,3306777,38,쇼핑
러브앤쇼,서울특별시 관악구 봉천로 209 (봉천동),126.9249974851,37.4905482278,,A04,A0401,A04011000,3307087,38,쇼핑
러쉬,"서울특별시 구로구 경인로 662 (신도림동, 디큐브시티)",126.8884169673,37.5089148857,,A04,A0401,A04011000,3305333,38,쇼핑
러쉬 롯데월드몰,서울특별시 송파구 신천동29(롯데월드몰B1층),127.1040305171,37.5142459111,,A04,A0401,A04011000,2931501,38,쇼핑
러쉬 압구정 스파점,서울특별시 강남구 언주로 868,127.0339226251,37.5278014087,,A04,A0401,A04011000,2910519,38,쇼핑
러쉬 타임스퀘어,서울 영등포구 영중로 15 (영등포동4가),126.9053818370,37.5178335971,,A04,A0401,A04011000,3305281,38,쇼핑
러쉬코리아 강남역점,서울특별시 서초구 강남대로 433,127.0256824646,37.5010904738,,A04,A0401,A04011000,2909891,38,쇼핑
러쉬코엑스점,서울특별시 강남구 영동대로 513,127.0592179950,37.5119175967,,A04,A0401,A04011000,2915158,38,쇼핑
레고 롯데영플라자,"서울특별시 중구 남대문로 67, 2층(남대문로2가, 롯데영플라자)",126.9815347180,37.5635490929,,A04,A0401,A04011000,2900648,38,쇼핑
레고 롯데월드몰,서울특별시 송파구 올림픽로300,127.1040749597,37.5141653654,,A04,A0401,A04011000,2924138,38,쇼핑
레노마,서울특별시 금천구 디지털로10길 9 (가산동),126.8890705637,37.4776713039,,A04,A0401,A04011000,3305740,38,쇼핑
레노마,서울특별시 강북구 도봉로 62 (미아동),127.0305315802,37.6146468109,,A04,A0401,A04011000,3307253,38,쇼핑
레노마 골프,서울특별시 금천구 디지털로 185 (가산동),126.8872262708,37.4782600918,,A04,A0401,A04011000,3307570,38,쇼핑
레노마 롯데서울역,서울특별시 중구 한강대로 405,126.9717664185,37.5545416306,,A04,A0401,A04011000,2929281,38,쇼핑
레노마 롯데팩토리 가산,서울특별시 금천구 벚꽃로 278 (가산동),126.8846459143,37.4795432303,,A04,A0401,A04011000,3306882,38,쇼핑
레노마 맨 롯데팩토리 가산,서울특별시 금천구 벚꽃로 278 (가산동),126.8846459143,37.4795432303,,A04,A0401,A04011000,3306664,38,쇼핑
레노마 수영복,"서울특별시 구로구 경인로 662 (신도림동, 디큐브시티)",126.8884169673,37.5089148857,,A04,A0401,A04011000,3307651,38,쇼핑
레노마 정장,서울특별시 금천구 디지털로 185 (가산동),126.8872262708,37.4782600918,,A04,A0401,A04011000,3306575,38,쇼핑
레노마골프 현대 가든파이브점,서울특별시 송파구 충민로 66 4층,127.1249768726,37.4776672007,,A04,A0401,A04011000,2903449,38,쇼핑
레노마레이디 현대가산,"서울특별시 금천구 디지털로10길 9, 3층",126.8890705637,37.4776713039,,A04,A0401,A04011000,2904265,38,쇼핑
레노마레이디 현대동대문,"서울특별시 중구 장충단로13길 20, 3층",127.0076821872,37.5687878415,,A04,A0401,A04011000,2904583,38,쇼핑
레노마셔츠,서울특별시 관악구 봉천로 209 (봉천동),126.9249974851,37.4905482278,,A04,A0401,A04011000,3306845,38,쇼핑
레노마셔츠,"서울특별시 구로구 경인로 662 (신도림동, 디큐브시티)",126.8884169673,37.5089148857,,A04,A0401,A04011000,3307324,38,쇼핑
레노마수영복 현대가든파이브,"서울특별시 송파구 충민로 66, 3층",127.1249768726,37.4776672007,,A04,A0401,A04011000,2931766,38,쇼핑
레노마정장,서울특별시 관악구 봉천로 209 (봉천동),126.9249974851,37.4905482278,,A04,A0401,A04011000,3306405,38,쇼핑
레노마캐주얼,"서울특별시 구로구 경인로 662 (신도림동, 디큐브시티)",126.8884169673,37.5089148857,,A04,A0401,A04011000,3307561,38,쇼핑
레노마키즈,서울특별시 금천구 디지털로185,126.8872262708,37.4782600918,,A04,A0401,A04011000,2927336,38,쇼핑
레노마키즈,"서울특별시 구로구 경인로 662 (신도림동, 디큐브시티)",126.8884169673,37.5089148857,,A04,A0401,A04011000,3305753,38,쇼핑
레노마키즈 2001아울렛 중계,서울특별시 노원구 동일로204가길 46 (중계동),127.0679274101,37.6413416033,,A04,A0401,A04011000,3305920,38,쇼핑
레노마키즈 nc신구로,서울특별시 구로구 구로중앙로 152 (구로동),126.8827871414,37.5012129024,,A04,A0401,A04011000,3306965,38,쇼핑
레몬마트 명동,"서울특별시 중구 명동9길 45,1층",126.9840483127,37.5658460923,,A04,A0401,A04011000,2911914,38,쇼핑
레아주서울피부과의원,서울특별시 강남구 논현로 841 4층,127.0279232756,37.5241156178,,A04,A0401,A04011000,2905462,38,쇼핑
레오나드현대무역점,서울특별시 강남구 테헤란로 517 3층,127.0597791462,37.5086679839,,A04,A0401,A04011000,2918173,38,쇼핑
레코브,서울특별시 영등포구 영중로 9 (영등포동4가),126.9055901684,37.5172308925,,A04,A0401,A04011000,3307277,38,쇼핑
레쿠 신세계강남,서울특별시 서초구 신반포로 176,127.0035815712,37.5056062193,,A04,A0401,A04011000,2931783,38,쇼핑
렌즈미 신림,서울특별시 관악구 신림로 323(신림동),126.9295639399,37.4832824865,,A04,A0401,A04011000,2915128,38,쇼핑
렌즈미 영등포,"서울특별시 영등포구 영중로 5, 1층(영등포동4가)",126.9061929011,37.5168809444,,A04,A0401,A04011000,2908350,38,쇼핑
렌즈미 잠실지하상가,서울특별시 송파구 올림픽로 265,127.1018723895,37.5139125774,,A04,A0401,A04011000,2912749,38,쇼핑
렌즈미 잠실지하상가점,서울특별시 송파구 올림픽로 265,127.1018723895,37.5139125774,,A04,A0401,A04011000,3305481,38,쇼핑
렌즈미 홍대,"서울특별시 마포구 어울마당로 110-1, 1층(서교동)",126.9230541878,37.5546796309,,A04,A0401,A04011000,2931713,38,쇼핑
렌즈미상수카페거리점,서울특별시 마포구 양화로6길 65(서교동),126.9178270522,37.5488052201,,A04,A0401,A04011000,2894148,38,쇼핑
렌즈타운 홍대입구,"서울특별시 마포구 와우산로23길 35, 1층",126.9234847109,37.5544518872,,A04,A0401,A04011000,2929752,38,쇼핑
렌즈타운_명동중앙점,서울특별시 중구 명동길 49 1층(명동1가),126.9850399412,37.5640102133,,A04,A0401,A04011000,2903772,38,쇼핑
로가디스,서울특별시 금천구 디지털로 185 (가산동),126.8872262708,37.4782600918,,A04,A0401,A04011000,3306955,38,쇼핑
로가디스 문정점,서울특별시 송파구 동남로 109,127.1233655495,37.4902907066,,A04,A0401,A04011000,2927819,38,쇼핑
로가디스 현대 동대문점,서울특별시 중구 장충단로13길 20,127.0076821872,37.5687878415,,A04,A0401,A04011000,2899132,38,쇼핑
로가디스 현대 시티몰 가든파이브점,서울특별시 송파구 충민로 66,127.1249768726,37.4776672007,,A04,A0401,A04011000,2930404,38,쇼핑
로가디스행복한백화점점,서울특별시 양천구 목동동로309,126.8760230822,37.5291956414,,A04,A0401,A04011000,2923252,38,쇼핑
로데오안경 서래마을,"서울특별시 서초구 서래로 44, 1층",126.9985766590,37.4989596788,,A04,A0401,A04011000,2931827,38,쇼핑
로라애슐리,서울특별시 중구 장충단로13길 20 (을지로6가),127.0076821872,37.5687878415,,A04,A0401,A04011000,3306072,38,쇼핑
로로 피아나,서울특별시 서초구 신반포로 176 6층,127.0035815712,37.5056062193,,A04,A0401,A04011000,2929324,38,쇼핑
로로문쇼룸,서울특별시 강남구 압구정로14길 28 (신사동),127.0232348571,37.5225879332,,A04,A0401,A04011000,3305297,38,쇼핑
로미스토리 홍대점,서울특별시 마포구 와우산로17길 23,126.9216238919,37.5501051370,,A04,A0401,A04011000,2900777,38,쇼핑
로블에비뉴의원,서울특별시 강남구 도산대로 108 (논현동),127.0206713808,37.5162441789,,A04,A0401,A04011000,3305574,38,쇼핑
로사케이,서울특별시 중구 장충단로13길 20 (을지로6가),127.0076821872,37.5687878415,,A04,A0401,A04011000,3307709,38,쇼핑
로에베현대무역점,서울특별시 강남구 테헤란로 517 2층,127.0597791462,37.5086679839,,A04,A0401,A04011000,2918575,38,쇼핑
로엠 2001아울렛 중계,서울특별시 노원구 동일로204가길 46 (중계동),127.0679274101,37.6413416033,,A04,A0401,A04011000,3307734,38,쇼핑
로엠 NC불광,서울특별시 은평구 불광로 20,126.9289354269,37.6097677758,,A04,A0401,A04011000,3306604,38,쇼핑
로엠 nc신구로,서울특별시 구로구 구로중앙로 152 (구로동),126.8827871414,37.5012129024,,A04,A0401,A04011000,3306939,38,쇼핑
로엠걸즈 2001아울렛 중계,서울특별시 노원구 동일로204가길 46 (중계동),127.0679274101,37.6413416033,,A04,A0401,A04011000,3306725,38,쇼핑
로엠걸즈 nc신구로,서울특별시 구로구 구로중앙로 152 (구로동),126.8827871414,37.5012129024,,A04,A0401,A04011000,3305519,38,쇼핑
로우로우 광장시장,서울특별시 종로구 창경궁로 88,126.9980663554,37.5702347233,,A04,A0401,A04011000,2916516,38,쇼핑
로우클래식 가로수,서울특별시 강남구 논현로159길 57,127.0237431719,37.5216075006,,A04,A0401,A04011000,2923509,38,쇼핑
로이드 nc신구로,서울특별시 구로구 구로중앙로 152 (구로동),126.8827871414,37.5012129024,,A04,A0401,A04011000,3307026,38,쇼핑
로이드 대학로,"서울특별시 종로구 대명길 31, 1층",126.9998991564,37.5831193700,,A04,A0401,A04011000,2915056,38,쇼핑
로이드 롯데서울역,서울특별시 용산구 한강대로 405,126.9717469660,37.5548915897,,A04,A0401,A04011000,2930853,38,쇼핑
로이드 현대동대문,서울특별시 중구 장충단로13길 20,127.0076821872,37.5687878415,,A04,A0401,A04011000,2924616,38,쇼핑
로이드_영등포점,서울특별시 영등포구 영중로 지하 20,126.9058567905,37.5179585902,,A04,A0401,A04011000,2903650,38,쇼핑
로이성형외과,서울특별시 강남구 강남대로 652 (신사동),127.0190908729,37.5196576435,,A04,A0401,A04011000,3307161,38,쇼핑
로잔,서울특별시 관악구 봉천로 209 (봉천동),126.9249974851,37.4905482278,,A04,A0401,A04011000,3306681,38,쇼핑
로잔,서울특별시 강북구 도봉로 62 (미아동),127.0305315802,37.6146468109,,A04,A0401,A04011000,3307600,38,쇼핑
로저드뷔 롯데 월드타워점,서울특별시 송파구 올림픽로 300,127.1040749597,37.5141653654,,A04,A0401,A04011000,2924464,38,쇼핑
로제도르 현대가든파이브,서울특별시 송파구 충민로 66,127.1249768726,37.4776672007,,A04,A0401,A04011000,2901043,38,쇼핑
로제도르 현대동대문,"서울특별시 중구 장충단로13길 20, 1층",127.0076821872,37.5687878415,,A04,A0401,A04011000,2915780,38,쇼핑
롯데 서울역점(SJSJ),서울특별시 중구 한강대로 405,126.9717664185,37.5545416306,,A04,A0401,A04011000,2915919,38,쇼핑
롯데마트_강변점,서울특별시 광진구 구의동 546-4,127.0957084403,37.5357793715,,A04,A0401,A04011000,2894593,38,쇼핑
롯데마트_삼양점,서울특별시 강북구 삼양로 247,127.0177629888,37.6255703115,,A04,A0401,A04011000,2894631,38,쇼핑
롯데마트_서울양평점,서울특별시 영등포구 양평동3가 45,126.8915856388,37.5261184986,,A04,A0401,A04011000,2905140,38,쇼핑
롯데마트_서울역점,서울특별시 용산구 한강대로 405,126.9717469660,37.5548915897,,A04,A0401,A04011000,2904949,38,쇼핑
롯데마트_서초점,서울특별시 서초구 서초동 서초대로38길 12(서초동),127.0058206798,37.4906080013,,A04,A0401,A04011000,2905146,38,쇼핑
롯데마트_송파점,서울특별시 송파구 문정동 150-2번지,127.1178576736,37.4918154301,,A04,A0401,A04011000,2894463,38,쇼핑
롯데마트_월드타워점,서울특별시 송파구 올림픽로 300 (신천동),127.1040749597,37.5141653654,,A04,A0401,A04011000,2905104,38,쇼핑
롯데마트_은평점,서울특별시 은평구 통일로 1050,126.9179162000,37.6375893423,,A04,A0401,A04011000,2905041,38,쇼핑
롯데마트_잠실점,서울특별시 송파구 잠실동 40-1,127.1008364354,37.5117072596,,A04,A0401,A04011000,2894561,38,쇼핑
롯데마트_중계점,서울특별시 노원구 노원로 330,127.0709575326,37.6468437963,,A04,A0401,A04011000,2894600,38,쇼핑
롯데마트_청량리점,서울특별시 동대문구 전농동 591-53,127.0465283101,37.5806871573,,A04,A0401,A04011000,2894628,38,쇼핑
롯데마트_토이저러스서울양평점,서울특별시 영등포구 선유로 138(양평동3가),126.8915856388,37.5261184986,,A04,A0401,A04011000,2905014,38,쇼핑
롯데마트_토이저러스잠실점,서울특별시 송파구 올림픽로 240(잠실동),127.0976311526,37.5123821225,,A04,A0401,A04011000,2894635,38,쇼핑
롯데마트_토이저러스중계점,서울특별시 노원구 노원로 330 (중계동),127.0709575326,37.6468437963,,A04,A0401,A04011000,2905101,38,쇼핑
롯데마트_행당역점,서울특별시 성동구 행당동 346번지 한진타운,127.0275446201,37.5563007611,,A04,A0401,A04011000,2894465,38,쇼핑
롯데면세점 본점,서울특별시 중구 을지로 30 (소공동),126.9810458210,37.5654016461,02-759-6660~2,A04,A0401,A04010400,132318,38,쇼핑
롯데몰 김포공항점,서울특별시 강서구 하늘길 지하77 (방화동),126.8015844987,37.5621960337,02-6116-4000,A04,A0401,A04010600,1535690,38,쇼핑
롯데몰 은평점,서울특별시 은평구 통일로 1050 (진관동),126.9179162000,37.6375893423,,A04,A0401,A04010600,3447174,38,쇼핑
롯데백화점 건대스타시티점,서울특별시 광진구 능동로 92 롯데백화점,127.0712300203,37.5390535504,,A04,A0401,A04010300,2979848,38,쇼핑
롯데백화점 관악점,서울특별시 관악구 봉천로 209,126.9249974851,37.4905482278,,A04,A0401,A04011000,2907789,38,쇼핑
롯데백화점 김포공항점,서울특별시 강서구 하늘길 38 (방화동),117.9925662504,19.6944274800,,A04,A0401,A04010300,2997813,38,쇼핑
롯데백화점 노원점,서울특별시 노원구 동일로 1414,127.0614081608,37.6553315254,,A04,A0401,A04011000,2908261,38,쇼핑
롯데백화점 미아점,서울특별시 강북구 도봉로 62,127.0305315802,37.6146468109,,A04,A0401,A04011000,2909101,38,쇼핑
롯데백화점 본점,서울특별시 중구 남대문로 81,126.9817152234,37.5647378465,010-6470-4769,A04,A0401,A04010300,132668,38,쇼핑
롯데백화점 본점,서울특별시 중구 남대문로 81,126.9817485525,37.5647822864,,A04,A0401,A04011000,2902442,38,쇼핑
롯데백화점 본점 에비뉴엘,서울특별시 중구 남대문로 73,126.9815930278,37.5641934634,,A04,A0401,A04010300,273806,38,쇼핑
롯데백화점 영등포점,서울특별시 영등포구 경인로 846,126.9076761334,37.5156700003,,A04,A0401,A04011000,2908321,38,쇼핑
롯데백화점 잠실,서울특별시 송파구 올림픽로 240,127.0976311526,37.5123821225,,A04,A0401,A04011000,2923949,38,쇼핑
롯데백화점 잠실점,서울특별시 송파구 올림픽로 240 롯데월드,127.0976311526,37.5123821225,,A04,A0401,A04011000,3009860,38,쇼핑
롯데백화점 청량리점,서울특별시 동대문구 왕산로 214,127.0474754499,37.5805510796,,A04,A0401,A04011000,2911584,38,쇼핑
롯데쇼핑 롯데아울렛 서울역점[한국관광 품질인증/Korea Quality],서울특별시 용산구 한강대로 405,126.9717164149,37.5548277077,02-6965-2500,A04,A0401,A04010600,1336178,38,쇼핑
롯데슈퍼_공덕점,서울특별시 마포구 마포대로 109(공덕동),126.9503158589,37.5452284392,,A04,A0401,A04011000,2894251,38,쇼핑
롯데아울렛 서울역점,서울특별시 용산구 한강대로 405,126.9717469660,37.5548915897,,A04,A0401,A04011000,2916113,38,쇼핑
롯데월드 SEOUL SKY,서울특별시 송파구 올림픽로300,127.1040305171,37.5142459111,,A04,A0401,A04011000,2900115,38,쇼핑
롯데월드 쇼핑몰,서울특별시 송파구 올림픽로 300 (신천동),127.1040749597,37.5141653654,02-411-2000,A04,A0401,A04010600,132248,38,쇼핑
롯데월드 아쿠아리움,서울특별시 송파구 올림픽로300,127.1040305171,37.5142459111,,A04,A0401,A04011000,2900061,38,쇼핑
롯데월드_어드벤처,"서울특별시 송파구 올림픽로 240(잠실동, 송파우체국 사서함 66)",127.0976311526,37.5123821225,,A04,A0401,A04011000,2893996,38,쇼핑
롯데하이마트 VIC마켓영등포점,서울특별시 영등포구 영중로 125,126.9046621750,37.5278879712,,A04,A0401,A04011000,2922943,38,쇼핑
롯데하이마트 금천점,서울특별시 금천구 시흥대로 322,126.8981007264,37.4623732420,,A04,A0401,A04011000,2913687,38,쇼핑
롯데하이마트 대치점,서울특별시 강남구 삼성로 156,127.0638458510,37.4942891713,,A04,A0401,A04011000,2910800,38,쇼핑
롯데하이마트 롯데 김포공항점,서울특별시 강서구 하늘길 38,126.8029675746,37.5668621822,,A04,A0401,A04011000,2917231,38,쇼핑
롯데하이마트 미아점,서울특별시 강북구 도봉로 10,127.0307289168,37.6099834680,,A04,A0401,A04011000,2917161,38,쇼핑
롯데하이마트 사당점,서울특별시 동작구 동작대로 77,126.9815897521,37.4835278336,,A04,A0401,A04011000,2913808,38,쇼핑
롯데하이마트 상봉점,서울특별시 중랑구 망우로 399,127.0965343336,37.5993497792,,A04,A0401,A04011000,2912352,38,쇼핑
롯데하이마트 상암월드컵점,서울특별시 마포구 월드컵북로 295,126.8979642744,37.5736047599,,A04,A0401,A04011000,2913939,38,쇼핑
롯데하이마트 송파롯데마트점,서울특별시 송파구 중대로 80,127.1178576736,37.4918154301,,A04,A0401,A04011000,2922910,38,쇼핑
롯데하이마트 압구정점,서울특별시 강남구 도산대로 173,127.0275123190,37.5199855344,,A04,A0401,A04011000,2913757,38,쇼핑
롯데하이마트 오목교점,서울특별시 양천구 신목로 106,126.8760343404,37.5239406962,,A04,A0401,A04011000,3306922,38,쇼핑
롯데하이마트 용두점,서울특별시 동대문구 고산자로 414,127.0386374804,37.5765180558,,A04,A0401,A04011000,2912350,38,쇼핑
롯데하이마트 월드타워점,서울특별시 송파구 올림픽로 300,127.1040749597,37.5141653654,,A04,A0401,A04011000,2924516,38,쇼핑
롯데하이마트 잠실점,서울특별시 송파구 올림픽로 240,127.0976311526,37.5123821225,,A04,A0401,A04011000,2916219,38,쇼핑
롯데하이마트 중계롯데마트점,서울특별시 노원구 노원로 330,127.0709575326,37.6468437963,,A04,A0401,A04011000,2922790,38,쇼핑
롯데하이마트 청구점,서울특별시 중구 다산로 210,127.0149511642,37.5619054389,,A04,A0401,A04011000,2912348,38,쇼핑
롯데하이마트 청량리점,서울특별시 동대문구 왕산로 214,127.0474754499,37.5805510796,,A04,A0401,A04011000,2928218,38,쇼핑
루네뜨안경 마포,서울특별시 마포구 도화길 24 1층,126.9487855762,37.5405039613,,A04,A0401,A04011000,2906649,38,쇼핑
루미애체 압구정,서울특별시 강남구 논현로 867,127.0282065233,37.5262348209,,A04,A0401,A04011000,2907632,38,쇼핑
루셀렉샵,서울특별시 관악구 봉천로 209 (봉천동),126.9249974851,37.4905482278,,A04,A0401,A04011000,3305557,38,쇼핑
루이까또즈,서울특별시 관악구 봉천로 209 (봉천동),126.9249974851,37.4905482278,,A04,A0401,A04011000,3305480,38,쇼핑
루이까또즈,서울특별시 강북구 도봉로 62 (미아동),127.0305315802,37.6146468109,,A04,A0401,A04011000,3306453,38,쇼핑
루이까또즈 우양산,서울특별시 강북구 도봉로 62 (미아동),127.0305315802,37.6146468109,,A04,A0401,A04011000,3307214,38,쇼핑
루이까스텔 골프 nc신구로,서울특별시 구로구 구로중앙로 152 (구로동),126.8827871414,37.5012129024,,A04,A0401,A04011000,3307610,38,쇼핑
루이까스텔 롯데팩토리가산,서울특별시 금천구 벚꽃로 278,126.8846459143,37.4795432303,,A04,A0401,A04011000,2931744,38,쇼핑
루이까스텔 영등포,서울특별시 영등포구 영중로 126,126.9058648534,37.5275213687,,A04,A0401,A04011000,2915560,38,쇼핑
루이본 명동,"서울특별시 중구 퇴계로20길 37, 101호 (남산동2가, 열매나눔빌딩)",126.9864316325,37.5586636368,,A04,A0401,A04011000,2928876,38,쇼핑
루이비통 갤러리아명품관,서울특별시 강남구 압구정로 343,127.0400692668,37.5285292127,,A04,A0401,A04011000,2905894,38,쇼핑
루이비통 롯데 월드타워점,서울특별시 송파구 올림픽로 300,127.1040749597,37.5141653654,,A04,A0401,A04011000,2924469,38,쇼핑
루이비통 신세계 본점,서울특별시 중구 소공로 63 1층,126.9810181709,37.5609966018,,A04,A0401,A04011000,2907525,38,쇼핑
루이비통 청담,서울특별시 강남구 압구정로 454(청담동),127.0462410086,37.5256657669,,A04,A0401,A04011000,2916471,38,쇼핑
루이비통 현대무역,서울특별시 강남구 테헤란로 517 (삼성동),127.0597791462,37.5086679839,,A04,A0401,A04011000,2911177,38,쇼핑
루즈앤라운지,"서울특별시 구로구 경인로 662 (신도림동, 디큐브시티)",126.8884169673,37.5089148857,,A04,A0401,A04011000,3305309,38,쇼핑
루첸리 롯데본점,서울특별시 중구 남대문로 81,126.9817485525,37.5647822864,,A04,A0401,A04011000,3305980,38,쇼핑
루첸리 신세계본점,서울특별시 중구 소공로 63 1층,126.9810181709,37.5609966018,,A04,A0401,A04011000,2924676,38,쇼핑
루첸리 현대본점,서울특별시 강남구 압구정로 165,127.0274843337,37.5274180039,,A04,A0401,A04011000,2910204,38,쇼핑
루트의원,서울특별시 서초구 강남대로 423한승빌딩 7층,127.0261602197,37.5003683433,,A04,A0401,A04011000,2893676,38,쇼핑
룩옵티컬 강남,서울특별시 강남구 강남대로98길 9(역삼동),127.0273517651,37.5007933161,,A04,A0401,A04011000,2922525,38,쇼핑
룩옵티컬 롯데월드몰,서울특별시 송파구 올림픽로300,127.1040749597,37.5141653654,,A04,A0401,A04011000,2905454,38,쇼핑
룩옵티컬 신촌,"서울특별시 서대문구 명물길 2, 1층",126.9372472655,37.5572712502,,A04,A0401,A04011000,2904956,38,쇼핑
룩옵티컬 한양대,"서울특별시 성동구 마조로 17, 1층",127.0408710950,37.5594339699,,A04,A0401,A04011000,2914934,38,쇼핑
룩옵티컬 현대동대문,서울특별시 중구 장충단로13길 20,127.0076821872,37.5687878415,,A04,A0401,A04011000,2930803,38,쇼핑
룰루레몬 롯데 본점,서울특별시 중구 남대문로 81 3층,126.9817485525,37.5647822864,,A04,A0401,A04011000,2903109,38,쇼핑
룰루레몬 롯데월드몰점,서울특별시 송파구 올림픽로 300,127.1040749597,37.5141653654,,A04,A0401,A04011000,2900265,38,쇼핑
룰루레몬애스레티카 청담점,서울특별시 강남구 선릉로 835,127.0400387653,37.5267321983,,A04,A0401,A04011000,2928162,38,쇼핑
르까프행복한백화점점,서울특별시 양천구 목동동로309,126.8760230822,37.5291956414,,A04,A0401,A04011000,2923525,38,쇼핑
르꼬끄,"서울특별시 구로구 경인로 662 (신도림동, 디큐브시티)",126.8884169673,37.5089148857,,A04,A0401,A04011000,3307620,38,쇼핑
르꼬끄 nc신구로,서울특별시 구로구 구로중앙로 152 (구로동),126.8827871414,37.5012129024,,A04,A0401,A04011000,3106137,38,쇼핑
르꼬끄 롯데월드몰,"서울특별시 송파구 올림픽로 300, 3층",127.1040749597,37.5141653654,,A04,A0401,A04011000,2917232,38,쇼핑
르꼬끄 타임스퀘어,서울 영등포구 영중로 15 (영등포동4가),126.9053818370,37.5178335971,,A04,A0401,A04011000,3305277,38,쇼핑
르꼬끄골프,서울특별시 금천구 디지털로 185 (가산동),126.8872262708,37.4782600918,,A04,A0401,A04011000,3307117,38,쇼핑
르꼬끄골프,서울특별시 관악구 봉천로 209 (봉천동),126.9249974851,37.4905482278,,A04,A0401,A04011000,3307701,38,쇼핑
르꼬끄현대목동점,서울특별시 양천구 목동동로257,126.8747288364,37.5263292843,,A04,A0401,A04011000,2923598,38,쇼핑
르니앤맥코이,서울특별시 관악구 봉천로 209 (봉천동),126.9249974851,37.4905482278,,A04,A0401,A04011000,3305898,38,쇼핑
르니앤맥코이,서울특별시 강북구 도봉로 62 (미아동),127.0305315802,37.6146468109,,A04,A0401,A04011000,3306463,38,쇼핑
르니앤맥코이,서울특별시 금천구 벚꽃로 278 (가산동),126.8846459143,37.4795432303,,A04,A0401,A04011000,3306875,38,쇼핑
르라보 가로수,"서울특별시 강남구 압구정로10길 28, 1층(신사동)",127.0219322197,37.5218129998,,A04,A0401,A04011000,2901213,38,쇼핑
르라보 이태원,서울특별시 용산구 이태원로 259,127.0010308911,37.5378635380,,A04,A0401,A04011000,2924238,38,쇼핑
르망안경콘택트 청계천,서울특별시 중구 청계천로 400,127.0217863780,37.5715822151,,A04,A0401,A04011000,2910855,38,쇼핑
르미엘성형외과의원,서울특별시 종로구 종로 120 (종로3가),126.9909336758,37.5701207196,,A04,A0401,A04011000,3306733,38,쇼핑
르베이지,서울특별시 서대문구 신촌로83,126.9358252045,37.5561435782,,A04,A0401,A04011000,2927077,38,쇼핑
르베이지,서울특별시 영등포구 영중로 9 (영등포동4가),126.9055901684,37.5172308925,,A04,A0401,A04011000,3307520,38,쇼핑
르샵,서울특별시 영등포구 영중로 9 (영등포동4가),126.9055901684,37.5172308925,,A04,A0401,A04011000,3307242,38,쇼핑
르피타,서울특별시 중구 장충단로 275 (을지로6가),127.0088293006,37.5689100708,,A04,A0401,A04011000,3306120,38,쇼핑
리갈안경,서울특별시 중구 남대문로 2,126.9762519631,37.5601327282,,A04,A0401,A04011000,2907461,38,쇼핑
리뉴외과의원,서울특별시 강남구 도산대로 335 (신사동),127.0385334399,37.5234464417,,A04,A0401,A04011000,3307302,38,쇼핑
리모와 롯데백화점 에비뉴엘 월드타워점,서울특별시 송파구 올림픽로 300¸ 2층,127.1040749597,37.5141653654,,A04,A0401,A04011000,2924137,38,쇼핑
리바이스,서울특별시 강북구 도봉로 62 (미아동),127.0305315802,37.6146468109,,A04,A0401,A04011000,3305915,38,쇼핑
리바이스,서울특별시 구로구 구로중앙로 152 (구로동),126.8827871414,37.5012129024,,A04,A0401,A04011000,3306533,38,쇼핑
리바이스 스타필드 코엑스점,서울특별시 강남구 영동대로 513,127.0592179950,37.5119175967,,A04,A0401,A04011000,3306580,38,쇼핑
리버클래시,서울특별시 금천구 디지털로 185 (가산동),126.8872262708,37.4782600918,,A04,A0401,A04011000,3306390,38,쇼핑
리버클래시 롯데서울역,"서울특별시 중구 한강대로 405, 3층",126.9717664185,37.5545416306,,A04,A0401,A04011000,2909803,38,쇼핑
리버클래시 현대가산,"서울특별시 금천구 디지털로10길 9, 4층",126.8890705637,37.4776713039,,A04,A0401,A04011000,2930806,38,쇼핑
리버클래시 현대동대문,서울특별시 중구 장충단로13길 20,127.0076821872,37.5687878415,,A04,A0401,A04011000,2912575,38,쇼핑
리베도,서울특별시 관악구 봉천로 209 (봉천동),126.9249974851,37.4905482278,,A04,A0401,A04011000,3306906,38,쇼핑
리복 롯데 월드몰점,서울특별시 송파구 올림픽로 300 3층,127.1040749597,37.5141653654,,A04,A0401,A04011000,2924655,38,쇼핑
리복 스타필드 코엑스몰점,서울특별시 강남구 영동대로 513,127.0592179950,37.5119175967,,A04,A0401,A04011000,2927114,38,쇼핑
리본,서울특별시 강북구 도봉로 62 (미아동),127.0305315802,37.6146468109,,A04,A0401,A04011000,3306035,38,쇼핑
리본,서울특별시 관악구 봉천로 209 (봉천동),126.9249974851,37.4905482278,,A04,A0401,A04011000,3307475,38,쇼핑
리스트,서울특별시 관악구 봉천로 209 (봉천동),126.9249974851,37.4905482278,,A04,A0401,A04011000,3305336,38,쇼핑
리스트,서울특별시 중구 장충단로13길 20 (을지로6가)4층,127.0076821872,37.5687878415,,A04,A0401,A04011000,3305803,38,쇼핑
리스트,서울특별시 금천구 디지털로10길 9 (가산동),126.8890705637,37.4776713039,,A04,A0401,A04011000,3306893,38,쇼핑
리스트 2001아울렛 중계,서울특별시 노원구 동일로204가길 46 (중계동),127.0679274101,37.6413416033,,A04,A0401,A04011000,3306667,38,쇼핑
리스트 롯데 서울역점,서울특별시 중구 한강대로 405,126.9717664185,37.5545416306,,A04,A0401,A04011000,2915706,38,쇼핑
리스트 현대가든파이브,서울특별시 송파구 충민로66 3층,127.1249768726,37.4776672007,,A04,A0401,A04011000,2924578,38,쇼핑
리안뉴욕,서울특별시 관악구 봉천로 209 (봉천동),126.9249974851,37.4905482278,,A04,A0401,A04011000,3306598,38,쇼핑
리즈다이아,"서울특별시 구로구 경인로 662 (신도림동, 디큐브시티)",126.8884169673,37.5089148857,,A04,A0401,A04011000,3306422,38,쇼핑
리틀그라운드,서울특별시 영등포구 영중로 9 (영등포동4가),126.9055901684,37.5172308925,,A04,A0401,A04011000,3306001,38,쇼핑
리틀킹 nc신구로,서울특별시 구로구 구로중앙로 152 (구로동),126.8827871414,37.5012129024,,A04,A0401,A04011000,3306230,38,쇼핑
리퍼브스톡,서울특별시 중구 장충단로 275 (을지로6가),127.0088293006,37.5689100708,,A04,A0401,A04011000,3305869,38,쇼핑
린,서울특별시 금천구 벚꽃로 278 (가산동),126.8846459143,37.4795432303,,A04,A0401,A04011000,3306283,38,쇼핑
린,서울특별시 강북구 도봉로 62 (미아동),127.0305315802,37.6146468109,,A04,A0401,A04011000,3307687,38,쇼핑
링스,서울특별시 구로구 구로중앙로 152 (구로동),126.8827871414,37.5012129024,,A04,A0401,A04011000,3306810,38,쇼핑
링스 2001아울렛 중계,서울특별시 노원구 동일로204가길 46 (중계동),127.0679274101,37.6413416033,,A04,A0401,A04011000,3306473,38,쇼핑
링스골프 현대가산,"서울특별시 금천구 디지털로10길 9 (가산동, 현대시티아울렛 가산점)",126.8890705637,37.4776713039,,A04,A0401,A04011000,2929164,38,쇼핑
링코제일 코엑스,서울특별시 강남구 영동대로 513 D001호,127.0592179950,37.5119175967,,A04,A0401,A04011000,2900859,38,쇼핑
마노모스 건대,서울특별시 광진구 능동로 92,127.0712300203,37.5390535504,,A04,A0401,A04011000,2930911,38,쇼핑
마더피아,서울특별시 성북구 동소문로 315 (길음동),127.0287930253,37.6084530555,,A04,A0401,A04011000,3306112,38,쇼핑
마루이홈,서울특별시 중구 장충단로13길 20 (을지로6가),127.0076821872,37.5687878415,,A04,A0401,A04011000,3306567,38,쇼핑
마리앙플러스 건대,"서울특별시 광진구 동일로20길 40, 1층(자양동)",127.0657526888,37.5409004597,,A04,A0401,A04011000,2931810,38,쇼핑
마리오디스커버리,서울특별시 금천구 디지털로185,126.8872262708,37.4782600918,,A04,A0401,A04011000,2928205,38,쇼핑
마리오아울렛,서울특별시 금천구 디지털로9길 23 (가산동),126.8865152102,37.4787739084,02-2109-7000,A04,A0401,A04010600,132593,38,쇼핑
마리오아울렛,서울특별시 금천구 디지털로9길 23,126.8865152102,37.4787739084,,A04,A0401,A04011000,2930399,38,쇼핑
마블성형외과의원,서울특별시 서초구 강남대로 435 (서초동),127.0255769144,37.5012293446,,A04,A0401,A04011000,3307511,38,쇼핑
마시모두띠 롯데월드몰,서울특별시 송파구 올림픽로 300,127.1040749597,37.5141653654,,A04,A0401,A04011000,2924577,38,쇼핑
마시모두띠 아이에프씨몰,서울특별시 영등포구 국제금융로 10,126.9266241202,37.5258580443,,A04,A0401,A04011000,2915426,38,쇼핑
마에스트로,"서울특별시 구로구 경인로 662 (신도림동, 디큐브시티)",126.8884169673,37.5089148857,,A04,A0401,A04011000,3305495,38,쇼핑
마에스트로 현대목동점,서울특별시 양천구 목동동로 257,126.8747288364,37.5263292843,,A04,A0401,A04011000,2923053,38,쇼핑
마운티아,서울특별시 금천구 디지털로9길 23 (가산동),126.8865152102,37.4787739084,,A04,A0401,A04011000,3306988,38,쇼핑
마이리틀타이거 nc신구로,서울특별시 구로구 구로중앙로 152 (구로동),126.8827871414,37.5012129024,,A04,A0401,A04011000,3307544,38,쇼핑
마이리틀타이거 현대가든파이브,서울특별시 송파구 충민로66 4층,127.1249768726,37.4776672007,,A04,A0401,A04011000,2924552,38,쇼핑
마인드브릿지,서울특별시 서대문구 신촌로83,126.9358252045,37.5561435782,,A04,A0401,A04011000,2924530,38,쇼핑
마인드브릿지,서울특별시 강북구 도봉로 62 (미아동),127.0305315802,37.6146468109,,A04,A0401,A04011000,3306460,38,쇼핑
마인드브릿지 2001아울렛 중계,서울특별시 노원구 동일로204가길 46 (중계동),127.0679274101,37.6413416033,,A04,A0401,A04011000,3305648,38,쇼핑
마인드브릿지 nc신구로,서울특별시 구로구 구로중앙로 152 (구로동),126.8827871414,37.5012129024,,A04,A0401,A04011000,3306919,38,쇼핑
마인드브릿지_현대시티몰 가든파이브점,"서울특별시 송파구 충민로 66(문정동, 가든파이브라이프동)",127.1249768726,37.4776672007,,A04,A0401,A04011000,2904556,38,쇼핑
마장 축산물시장,서울특별시 성동구 마장로33길 53,127.0400208612,37.5704021247,,A04,A0401,A04010200,1253230,38,쇼핑
마천시장,서울특별시 송파구 마천로45길 23,127.1507128395,37.4981319566,,A04,A0401,A04010200,2759129,38,쇼핑
마포농수산물시장,서울특별시 마포구 월드컵로 235 (성산동),126.8984977948,37.5652529629,,A04,A0401,A04010200,2773407,38,쇼핑
막스코 막스마라 청담,서울특별시 강남구 압구정로 434,127.0443272655,37.5266767260,,A04,A0401,A04011000,2907359,38,쇼핑
만다리나덕,"서울특별시 구로구 경인로 662 (신도림동, 디큐브시티)",126.8884169673,37.5089148857,,A04,A0401,A04011000,3305488,38,쇼핑
만다리나덕 청담,"서울특별시 강남구 삼성로 730, 101호 (청담동)",127.0495019551,37.5209913684,,A04,A0401,A04011000,2914971,38,쇼핑
만리시장,서울특별시 용산구 효창원로 276,126.9632283903,37.5516390373,,A04,A0401,A04010200,2761474,38,쇼핑
말본골프,서울특별시 영등포구 영중로 9 (영등포동4가),126.9055901684,37.5172308925,,A04,A0401,A04011000,3305382,38,쇼핑
말본골프,서울특별시 성북구 동소문로 315 (길음동),127.0287930253,37.6084530555,,A04,A0401,A04011000,3305530,38,쇼핑
망고 아이에프씨몰,서울특별시 영등포구 국제금융로 10,126.9266241202,37.5258580443,,A04,A0401,A04011000,2901474,38,쇼핑
망원시장,서울특별시 마포구 포은로6길 27 (망원동),126.9064639944,37.5560736165,,A04,A0401,A04010200,2499807,38,쇼핑
망원월드컵시장,서울특별시 마포구 망원동,126.9059167761,37.5576900854,,A04,A0401,A04010200,2907085,38,쇼핑
맥,서울특별시 영등포구 영중로 9 (영등포동4가),126.9055901684,37.5172308925,,A04,A0401,A04011000,3306108,38,쇼핑
맥 월드타워점,서울특별시 송파구 올림픽로 300¸ 1층,127.1040749597,37.5141653654,,A04,A0401,A04011000,2925527,38,쇼핑
맥스타일 (maxtyle),서울특별시 중구 마장로 3,127.0105235943,37.5688045577,02-2234-0981,A04,A0401,A04010600,1113581,38,쇼핑
맨인블랙 이태원,서울특별시 용산구 이태원로54가길 4(한남동) 1층,127.0019252581,37.5377246813,,A04,A0401,A04011000,2925613,38,쇼핑
맨잇슈트 롯데팩토리 가산,서울특별시 금천구 벚꽃로 278 (가산동),126.8846459143,37.4795432303,,A04,A0401,A04011000,3307535,38,쇼핑
머렐 도봉산,서울특별시 도봉구 도봉산길 73,127.0376233278,37.6865663517,,A04,A0401,A04011000,2910954,38,쇼핑
먼싱웨어,서울특별시 관악구 봉천로 209 (봉천동),126.9249974851,37.4905482278,,A04,A0401,A04011000,3307730,38,쇼핑
멀버리 롯데월드몰점,서울특별시 송파구 올림픽로 300¸ 2층,127.1040749597,37.5141653654,,A04,A0401,A04011000,2924136,38,쇼핑
메드스튜디오 홍대,서울특별시 마포구 서교동 343-2,126.9257456421,37.5535187029,,A04,A0401,A04011000,2907021,38,쇼핑
메디큐브의원,"서울특별시 서초구 강남대로463,6층601호(서초동,리젠메디컬타워)",127.0244630632,37.5035012829,,A04,A0401,A04011000,2902948,38,쇼핑
메리제인,서울특별시 중구 을지로6가,127.0042297860,37.5665963677,,A04,A0401,A04011000,2917540,38,쇼핑
메릴링,서울특별시 송파구 올림픽로 300¸ 3층,127.1040749597,37.5141653654,,A04,A0401,A04011000,2925550,38,쇼핑
메세나폴리스 몰,서울특별시 마포구 양화로 45,126.9139217822,37.5513131918,,A04,A0401,A04010600,2011782,38,쇼핑
메이드미성형외과,"서울특별시 서초구 강남대로 435 12층 (서초동, 주류성빌딩)",127.0255769144,37.5012293446,,A04,A0401,A04011000,2907718,38,쇼핑
메이드영성형외과,서울특별시 서초구 서초대로77길 3 (서초동),127.0265213615,37.4981130564,,A04,A0401,A04011000,3306857,38,쇼핑
메이리지에 가로수2호,서울특별시 강남구 가로수길 16,127.0233738330,37.5190689000,,A04,A0401,A04011000,2916561,38,쇼핑
메이크업포에버,서울특별시 관악구 봉천로 209 (봉천동),126.9249974851,37.4905482278,,A04,A0401,A04011000,3306287,38,쇼핑
메이크업포에버,"서울특별시 구로구 경인로 662 (신도림동, 디큐브시티)",126.8884169673,37.5089148857,,A04,A0401,A04011000,3307281,38,쇼핑
메이트성형외과,"서울특별시 강남구 봉은사로 108, 5층(역삼동, 글라스톤빌딩)",127.0256073724,37.5045872884,,A04,A0401,A04011000,2904731,38,쇼핑
메이필 의원,서울특별시 서초구 강남대로 423 (서초동),127.0261602197,37.5003683433,,A04,A0401,A04011000,3306445,38,쇼핑
메이필드관광호텔,서울특별시 강서구 방화대로 94 (외발산동),126.8169751344,37.5489117408,,A04,A0401,A04011000,2903685,38,쇼핑
메종드엠의원,서울특별시 서초구 강남대로 433 (서초동),127.0256824646,37.5010904738,,A04,A0401,A04011000,3307296,38,쇼핑
메종쥬 성수 부티끄,서울특별시 성동구 서울숲4길 28-14,127.0437545254,37.5467688264,,A04,A0401,A04010600,2996472,38,쇼핑
메튜장 안국,서울특별시 종로구 율곡로 33 (안국동),126.9834397483,37.5759671280,,A04,A0401,A04010600,3493824,38,쇼핑
메트로시티,서울특별시 강북구 도봉로 62 (미아동),127.0305315802,37.6146468109,,A04,A0401,A04011000,3305996,38,쇼핑
메트로시티,서울특별시 관악구 봉천로 209 (봉천동),126.9249974851,37.4905482278,,A04,A0401,A04011000,3306652,38,쇼핑
메트로시티,서울특별시 강북구 도봉로 62 (미아동),127.0305315802,37.6146468109,,A04,A0401,A04011000,3306902,38,쇼핑
멜로디가든,서울특별시 강북구 도봉로 62 (미아동),127.0305315802,37.6146468109,,A04,A0401,A04011000,3306926,38,쇼핑
멜린앤게츠,서울특별시 영등포구 영중로 9 (영등포동4가),126.9055901684,37.5172308925,,A04,A0401,A04011000,3307213,38,쇼핑
멜본 2001아울렛 중계,서울특별시 노원구 동일로204가길 46 (중계동),127.0679274101,37.6413416033,,A04,A0401,A04011000,3306016,38,쇼핑
멜본 nc신구로,서울특별시 구로구 구로중앙로 152 (구로동),126.8827871414,37.5012129024,,A04,A0401,A04011000,3307100,38,쇼핑
면곡시장,서울특별시 광진구 답십리로78길 5,127.0815476094,37.5712833256,,A04,A0401,A04010200,2758197,38,쇼핑
면목시장,서울특별시 중랑구 면목로39길 11,127.0863330476,37.5796046675,,A04,A0401,A04010200,2759985,38,쇼핑
명동명약국,서울특별시 중구 남대문로7길 11102호,126.9813263948,37.5638629408,,A04,A0401,A04011000,2910537,38,쇼핑
명보INC 청담,서울특별시 강남구 선릉로 828,127.0402471030,37.5258906329,,A04,A0401,A04011000,2930906,38,쇼핑
명보아이앤씨 에비뉴엘,서울특별시 중구 남대문로 73,126.9816707967,37.5642573461,,A04,A0401,A04011000,3307604,38,쇼핑
모노크롬,서울특별시 중구 장충단로13길 20 (을지로6가),127.0076821872,37.5687878415,,A04,A0401,A04011000,3305624,38,쇼핑
모노폴리,서울특별시 강남구 논현로163길15 1층,127.0268844824,37.5240628273,,A04,A0401,A04011000,2924328,38,쇼핑
모래내시장 먹자골목,서울특별시 서대문구 수색로2길 11 (남가좌동),126.9159683066,37.5694139027,,A04,A0401,A04010200,2773278,38,쇼핑
모먼트의원,서울특별시 서초구 강남대로 423 (서초동),127.0261602197,37.5003683433,,A04,A0401,A04011000,3306742,38,쇼핑
모션 APM,"서울특별시 중구 장충단로 253 (을지로6가, 헬로에이피엠쇼핑몰4층 155,156,157호)",127.0080849640,37.5675352170,,A04,A0401,A04011000,2932120,38,쇼핑
모스코나 2001아울렛 중계,서울특별시 노원구 동일로204가길 46 (중계동),127.0679274101,37.6413416033,,A04,A0401,A04011000,3306626,38,쇼핑
모스코나 nc신구로,서울특별시 구로구 구로중앙로 152 (구로동),126.8827871414,37.5012129024,,A04,A0401,A04011000,3305899,38,쇼핑
모앤블레스의원,서울특별시 강남구 압구정로 208 (신사동),127.0299091065,37.5276402442,,A04,A0401,A04011000,3307750,38,쇼핑
모에,서울특별시 금천구 디지털로 185 (가산동),126.8872262708,37.4782600918,,A04,A0401,A04011000,3305775,38,쇼핑
모에,서울특별시 중구 장충단로13길 20 (을지로6가),127.0076821872,37.5687878415,,A04,A0401,A04011000,3307633,38,쇼핑
모우림의원,서울특별시 강남구 논현로 868 (신사동),127.0289036838,37.5261570651,,A04,A0401,A04011000,3307139,38,쇼핑
모이나 신라호텔,서울특별시 중구 동호로 249 신라호텔 1층,127.0061409418,37.5588667447,,A04,A0401,A04011000,2904017,38,쇼핑
모이나 신세계강남,서울특별시 서초구 신반포로 176,127.0035815712,37.5056062193,,A04,A0401,A04011000,2923313,38,쇼핑
모이몰른 nc신구로,서울특별시 구로구 구로중앙로 152 (구로동),126.8827871414,37.5012129024,,A04,A0401,A04011000,3306133,38,쇼핑
모이몰른 타임스퀘어,서울 영등포구 영중로 15 (영등포동4가),126.9053818370,37.5178335971,,A04,A0401,A04011000,3305284,38,쇼핑
모이몰른 현대동대문,"서울특별시 중구 장충단로13길 20, 8층",127.0076821872,37.5687878415,,A04,A0401,A04011000,2931026,38,쇼핑
모이스올가,서울특별시 강북구 도봉로 62 (미아동),127.0305315802,37.6146468109,,A04,A0401,A04011000,3307454,38,쇼핑
모자이크,서울특별시 중구 다산로31길 64 (신당동),127.0114486730,37.5630385781,,A04,A0401,A04011200,2989582,38,쇼핑
모조에스핀,서울특별시 강북구 도봉로 62 (미아동),127.0305315802,37.6146468109,,A04,A0401,A04011000,3306570,38,쇼핑
모조에스핀,서울특별시 중구 장충단로13길 20 (을지로6가)3층,127.0076821872,37.5687878415,,A04,A0401,A04011000,3307718,38,쇼핑
모조에스핀 2001아울렛 중계,서울특별시 노원구 동일로204가길 46 (중계동),127.0679274101,37.6413416033,,A04,A0401,A04011000,3307278,38,쇼핑
모조에스핀 건대스타시티,서울특별시 광진구 능동로 92,127.0712300203,37.5390535504,,A04,A0401,A04011000,2924121,38,쇼핑
모즈의원,서울특별시 강남구 압구정로80길 33 (청담동),127.0439912460,37.5244936405,,A04,A0401,A04011000,3306259,38,쇼핑
모티브M,"서울특별시 구로구 경인로 662 (신도림동, 디큐브시티)",126.8884169673,37.5089148857,,A04,A0401,A04011000,3306789,38,쇼핑
목동깨비시장,서울특별시 양천구 목동,126.8636153262,37.5488542459,,A04,A0401,A04010200,2611280,38,쇼핑
목사랑시장,서울특별시 양천구 목동,126.8661153774,37.5389526635,,A04,A0401,A04010200,2611287,38,쇼핑
몬테밀라노,서울특별시 강북구 도봉로 62 (미아동),127.0305315802,37.6146468109,,A04,A0401,A04011000,3306524,38,쇼핑
몬테밀라노,서울특별시 관악구 봉천로 209 (봉천동),126.9249974851,37.4905482278,,A04,A0401,A04011000,3306537,38,쇼핑
몽벨 용산점,서울특별시 용산구 한강대로 92,126.9673814496,37.5282696044,,A04,A0401,A04011000,2901495,38,쇼핑
몽블랑 신세계 강남점,서울특별시 서초구 신반포로 176,127.0035815712,37.5056062193,,A04,A0401,A04011000,2922919,38,쇼핑
몽블랑 현대 목동점,서울특별시 양천구 목동동로257,126.8747288364,37.5263292843,,A04,A0401,A04011000,2922928,38,쇼핑
몽블랑 현대 코엑스점,서울특별시 강남구 테헤란로 517,127.0597791462,37.5086679839,,A04,A0401,A04011000,2922930,38,쇼핑
무냐무냐,서울특별시 금천구 가산동60-8,126.8890705637,37.4776713039,,A04,A0401,A04011000,2917676,38,쇼핑
무냐무냐,"서울특별시 구로구 경인로 662 (신도림동, 디큐브시티)",126.8884169673,37.5089148857,,A04,A0401,A04011000,3305516,38,쇼핑
무냐무냐,서울특별시 영등포구 영중로 9 (영등포동4가),126.9055901684,37.5172308925,,A04,A0401,A04011000,3306399,38,쇼핑
무냐무냐 현대가든파이브,"서울특별시 송파구 충민로 66, 4층",127.1249768726,37.4776672007,,A04,A0401,A04011000,2907141,38,쇼핑
무신사 스탠다드 성수,서울특별시 성동구 연무장길 83 (성수동2가),127.0586866388,37.5418224475,,A04,A0401,A04011200,3413603,38,쇼핑
무지 메세나점,서울특별시 마포구 서교동 490,126.9136829551,37.5498911308,,A04,A0401,A04011000,2926951,38,쇼핑
무크 2001아울렛 중계,서울특별시 노원구 동일로204가길 46 (중계동),127.0679274101,37.6413416033,,A04,A0401,A04011000,3306143,38,쇼핑
무크 롯데팩토리 가산,서울특별시 금천구 벚꽃로 278 (가산동),126.8846459143,37.4795432303,,A04,A0401,A04011000,3307496,38,쇼핑
문정동로데오거리,서울특별시 송파구 동남로4길 10,127.1238710967,37.4889436498,,A04,A0401,A04011200,706303,38,쇼핑
뮤젤,"서울특별시 구로구 경인로 662 (신도림동, 디큐브시티)",126.8884169673,37.5089148857,,A04,A0401,A04011000,3305377,38,쇼핑
뮤젤 nc신구로,서울특별시 구로구 구로중앙로 152 (구로동),126.8827871414,37.5012129024,,A04,A0401,A04011000,3307757,38,쇼핑
미그웨치 신촌,"서울특별시 서대문구 연세로 21,1층(창천동)",126.9366917508,37.5576156447,,A04,A0401,A04011000,2924172,38,쇼핑
미꼬쥬얼리 신세계강남,서울특별시 서초구 신반포로 176,127.0035815712,37.5056062193,,A04,A0401,A04011000,2901144,38,쇼핑
미니골드 롯데몰김포,"서울특별시 강서구 하늘길 38 (방화동, 롯데몰 김포공함점)",126.8029675746,37.5668621822,,A04,A0401,A04011000,2908824,38,쇼핑
미니골드 타임스퀘어,서울 영등포구 영중로 15 (영등포동4가),126.9053818370,37.5178335971,,A04,A0401,A04011000,3305276,38,쇼핑
미니도우,"서울특별시 구로구 경인로 662 (신도림동, 디큐브시티)",126.8884169673,37.5089148857,,A04,A0401,A04011000,3306148,38,쇼핑
미니멈,서울특별시 강북구 도봉로 62 (미아동),127.0305315802,37.6146468109,,A04,A0401,A04011000,3305403,38,쇼핑
미니멈,서울특별시 금천구 디지털로 185 (가산동),126.8872262708,37.4782600918,,A04,A0401,A04011000,3306262,38,쇼핑
미니멈 nc신구로,서울특별시 구로구 구로중앙로 152 (구로동),126.8827871414,37.5012129024,,A04,A0401,A04011000,3307120,38,쇼핑
미니멈 현대가산,"서울특별시 금천구 디지털로10길 9, 3층",126.8890705637,37.4776713039,,A04,A0401,A04011000,2910002,38,쇼핑
미니멈 현대동대문,"서울특별시 중구 장충단로13길 20, 3층",127.0076821872,37.5687878415,,A04,A0401,A04011000,2924426,38,쇼핑
미니멈건대스타시티,서울특별시 광진구 능동로92,127.0712300203,37.5390535504,,A04,A0401,A04011000,2924124,38,쇼핑
미라이안경[한국관광 품질인증/Korea Quality],서울특별시 강남구 삼성로 716 (청담동),127.0500602669,37.5199609425,02-517-1478,A04,A0401,A04010600,2497259,38,쇼핑
미로미로 건대,서울특별시 광진구 능동로 123 (화양동),127.0713160373,37.5420865328,,A04,A0401,A04011000,2900674,38,쇼핑
미르안경,서울특별시 중구 남대문로 67,126.9815347180,37.5635490929,,A04,A0401,A04011000,2894087,38,쇼핑
미모사,서울특별시 중구 남대문로7길 33,126.9800320691,37.5638490305,,A04,A0401,A04011000,3307090,38,쇼핑
미샤,서울특별시 강북구 도봉로 62 (미아동),127.0305315802,37.6146468109,,A04,A0401,A04011000,3305493,38,쇼핑
미샤,서울특별시 금천구 디지털로 185 (가산동),126.8872262708,37.4782600918,,A04,A0401,A04011000,3307247,38,쇼핑
미샤,서울특별시 영등포구 영중로 9 (영등포동4가),126.9055901684,37.5172308925,,A04,A0401,A04011000,3307515,38,쇼핑
미샤 2001아울렛 중계,서울특별시 노원구 동일로204가길 46 (중계동),127.0679274101,37.6413416033,,A04,A0401,A04011000,3307347,38,쇼핑
미샤 nc신구로,서울특별시 구로구 구로중앙로 152 (구로동),126.8827871414,37.5012129024,,A04,A0401,A04011000,3305453,38,쇼핑
미샤 김포공항 롯데몰,서울특별시 강서구 하늘길38,126.8029148466,37.5652540347,,A04,A0401,A04011000,2928318,38,쇼핑
미샤 롯데서울역,서울특별시 중구 한강대로 405 (봉래동2가),126.9717664185,37.5545416306,,A04,A0401,A04011000,2922899,38,쇼핑
미샤 롯데팩토리가산,서울특별시 금천구 벚꽃로278,126.8846459143,37.4795432303,,A04,A0401,A04011000,2918618,38,쇼핑
미샤 현대가든파이브,"서울특별시 송파구 충민로 66, 2층",127.1249768726,37.4776672007,,A04,A0401,A04011000,2915133,38,쇼핑
미세즈,서울특별시 강북구 도봉로 62 (미아동),127.0305315802,37.6146468109,,A04,A0401,A04011000,3305525,38,쇼핑
미소페,"서울특별시 구로구 경인로 662 (신도림동, 디큐브시티)",126.8884169673,37.5089148857,,A04,A0401,A04011000,3307481,38,쇼핑
미소페,서울특별시 관악구 봉천로 209 (봉천동),126.9249974851,37.4905482278,,A04,A0401,A04011000,3307541,38,쇼핑
미소페 현대가산,"서울특별시 금천구 디지털로10길 9, 2001호(가산동)",126.8890705637,37.4776713039,,A04,A0401,A04011000,2931329,38,쇼핑
미소페 현대동대문,서울특별시 중구 장충단로13길 20,127.0076821872,37.5687878415,,A04,A0401,A04011000,2922791,38,쇼핑
미스지콜렉션,서울특별시 강남구 압구정로60길 12,127.0418330509,37.5265822477,,A04,A0401,A04011000,2909383,38,쇼핑
미앤미의원,서울특별시 서초구 강남대로 439 (서초동),127.0253880323,37.5015959652,,A04,A0401,A04011000,3306822,38,쇼핑
미우미우 롯데 본점,서울특별시 중구 을지로 30,126.9810458210,37.5654016461,,A04,A0401,A04011000,2911465,38,쇼핑
미우미우 롯데 잠실점,서울특별시 송파구 올림픽로 240 1층,127.0976311526,37.5123821225,,A04,A0401,A04011000,2912190,38,쇼핑
미우미우 신세계 강남점,서울특별시 서초구 신반포로 176 1층,127.0035815712,37.5056062193,,A04,A0401,A04011000,2908828,38,쇼핑
미우미우 청담점,서울특별시 강남구 압구정로 439,127.0453799393,37.5269350484,,A04,A0401,A04011000,2928276,38,쇼핑
미우미우 현대 코엑스점,서울특별시 강남구 테헤란로 517,127.0597791462,37.5086679839,,A04,A0401,A04011000,2917162,38,쇼핑
미즈노,서울특별시 성북구 동소문로 315 (길음동),127.0287930253,37.6084530555,,A04,A0401,A04011000,3306202,38,쇼핑
미즈노,서울특별시 금천구 디지털로 185 (가산동),126.8872262708,37.4782600918,,A04,A0401,A04011000,3306901,38,쇼핑
미즈노 홍대,서울특별시 마포구 홍익로3,126.9239180447,37.5530103959,,A04,A0401,A04011000,2931229,38,쇼핑
믿음안경,서울특별시 중구 남대문시장4길 33-1,126.9773574603,37.5586301449,,A04,A0401,A04011000,3306564,38,쇼핑
믿음안경 회현,서울특별시 중구 남대문시장4길 33-1,126.9773574603,37.5586301449,,A04,A0401,A04011000,2930989,38,쇼핑
밀라노 영등포로터리 지하쇼핑센터,서울특별시 영등포구 경인로 843,126.9066734236,37.5165143290,,A04,A0401,A04011000,3306174,38,쇼핑
밀레,서울특별시 금천구 디지털로10길 9 (가산동),126.8890705637,37.4776713039,,A04,A0401,A04011000,3306927,38,쇼핑
밀레 롯데팩토리가산,"서울특별시 금천구 벚꽃로 278, 2층",126.8846459143,37.4795432303,,A04,A0401,A04011000,2913245,38,쇼핑
밀레 현대가든파이브,"서울특별시 송파구 충민로 66, 3층",127.1249768726,37.4776672007,,A04,A0401,A04011000,2914893,38,쇼핑
밀리밤 2001아울렛 중계,서울특별시 노원구 동일로204가길 46 (중계동),127.0679274101,37.6413416033,,A04,A0401,A04011000,3305859,38,쇼핑
밀리밤 nc신구로,서울특별시 구로구 구로중앙로 152 (구로동),126.8827871414,37.5012129024,,A04,A0401,A04011000,3307609,38,쇼핑
밀리언아카이브,서울특별시 성동구 아차산로5길 24-18 (성수동2가),127.0533341920,37.5473494869,,A04,A0401,A04011200,3085309,38,쇼핑
밀리오레 동대문점,서울특별시 중구 장충단로 263,127.0085265783,37.5679629533,,A04,A0401,A04010600,273758,38,쇼핑
밀리오레 명동점,서울특별시 중구 퇴계로 115 (충무로1가),126.9845400690,37.5611022086,,A04,A0401,A04010600,132558,38,쇼핑
밀크하우스캔들,"서울특별시 구로구 경인로 662 (신도림동, 디큐브시티)",126.8884169673,37.5089148857,,A04,A0401,A04011000,3306654,38,쇼핑
밍약국,서울특별시 강남구 가로수길 78 (신사동),127.0227932154,37.5231267515,,A04,A0401,A04011000,3305555,38,쇼핑
바네사부르노 월드타워점,서울특별시 송파구 올림픽로 300¸ 5층,127.1040749597,37.5141653654,,A04,A0401,A04011000,2925603,38,쇼핑
바노바기성형외과의원,"서울특별시 강남구 논현로 517 (역삼동, 바노바기 빌딩)",127.0357065060,37.5027237977,,A04,A0401,A04011000,2893888,38,쇼핑
바니스튜디오 안경 명동역점,서울특별시 중구 명동8가길 21 (충무로2가),126.9862787758,37.5619326982,,A04,A0401,A04010600,3097021,38,쇼핑
바닐라코 명동점,서울특별시 중구 명동8길 38,126.9847650203,37.5620937640,,A04,A0401,A04011000,2911537,38,쇼핑
바른약국,서울특별시 강남구 도산대로 157,127.0256652902,37.5190800512,,A04,A0401,A04011000,2905457,38,쇼핑
바바에스 논현,"서울특별시 강남구 강남대로118길 42,102호(논현동,은성빌딩)",127.0267016424,37.5072203357,,A04,A0401,A04011000,2909726,38,쇼핑
바비라인 성형외과,"서울특별시 강남구 도산대로 134 (논현동) 12층(논현동, 페이토 빌딩)",127.0233711023,37.5174107588,,A04,A0401,A04011000,2903577,38,쇼핑
바비브라운,서울특별시 영등포구 영중로9 신세계백화점 1층,126.9055901684,37.5172308925,,A04,A0401,A04011000,2926685,38,쇼핑
바비브라운 월드타워점,서울특별시 송파구 올림픽로300,127.1040749597,37.5141653654,,A04,A0401,A04011000,2925503,38,쇼핑
바쉐론콘스탄틴 갤러리아,서울특별시 강남구 압구정로 407,127.0418357887,37.5279681978,,A04,A0401,A04011000,2924150,38,쇼핑
바쉐론콘스탄틴 롯데 에비뉴엘점,서울특별시 중구 남대문로 73,126.9816707967,37.5642573461,,A04,A0401,A04011000,2916078,38,쇼핑
바쉐론콘스탄틴 롯데 월드타워점,서울특별시 송파구 올림픽로 300,127.1040749597,37.5141653654,,A04,A0401,A04011000,2924466,38,쇼핑
바쉐론콘스탄틴 현대 압구정본점,서울특별시 강남구 압구정로 165 2층,127.0274843337,37.5274180039,,A04,A0401,A04011000,2915541,38,쇼핑
바쉬(BASH),"서울특별시 구로구 경인로 662 (신도림동, 디큐브시티)",126.8884169673,37.5089148857,,A04,A0401,A04011000,3305306,38,쇼핑
바쏘,서울특별시 관악구 봉천로 209 (봉천동),126.9249974851,37.4905482278,,A04,A0401,A04011000,3306820,38,쇼핑
바쏘,서울특별시 금천구 디지털로 185 (가산동),126.8872262708,37.4782600918,,A04,A0401,A04011000,3307274,38,쇼핑
바쏘 nc신구로,서울특별시 구로구 구로중앙로 152 (구로동),126.8827871414,37.5012129024,,A04,A0401,A04011000,3307485,38,쇼핑
바쏘 롯데아울렛 가산점,서울특별시 금천구 벚꽃로 278,126.8846459143,37.4795432303,,A04,A0401,A04011000,2926675,38,쇼핑
바쏘 현대동대문,서울특별시 중구 장충단로13길 20,127.0076821872,37.5687878415,,A04,A0401,A04011000,2928936,38,쇼핑
바쏘옴므,"서울특별시 구로구 경인로 662 (신도림동, 디큐브시티)",126.8884169673,37.5089148857,,A04,A0401,A04011000,3306197,38,쇼핑
바이레도,서울특별시 영등포구 영중로 9 (영등포동4가),126.9055901684,37.5172308925,,A04,A0401,A04011000,3306853,38,쇼핑
바이원의원,서울특별시 강남구 도산대로 110,127.0210352344,37.5163330650,,A04,A0401,A04011000,2910645,38,쇼핑
바인드,서울특별시 중구 장충단로13길 20 (을지로6가),127.0076821872,37.5687878415,,A04,A0401,A04011000,3306166,38,쇼핑
바치링(UMC쥬얼리),서울특별시 종로구 인사동길 49 414호,126.9835675554,37.5745200760,,A04,A0401,A04011000,2905460,38,쇼핑
바탕성형외과의원,서울특별시 강남구 강남대로 476 7층,127.0248046573,37.5049622305,,A04,A0401,A04011000,2910207,38,쇼핑
박철웅안경원,서울특별시 금천구 시흥대로 235 1층,126.9001146429,37.4548547062,,A04,A0401,A04011000,3306556,38,쇼핑
박홍근홈패션,서울특별시 중구 장충단로13길 20 (을지로6가),127.0076821872,37.5687878415,,A04,A0401,A04011000,3306435,38,쇼핑
반도카메라 강남,서울특별시 강남구 역삼로 445,127.0556769212,37.5023491994,,A04,A0401,A04011000,2911406,38,쇼핑
반도카메라 명동충무,서울특별시 중구 삼일대로4길 16 (충무로2가),126.9901089830,37.5619188799,,A04,A0401,A04011000,2913980,38,쇼핑
반스,서울특별시 영등포구 영중로 9 (영등포동4가),126.9055901684,37.5172308925,,A04,A0401,A04011000,3305541,38,쇼핑
반스,서울특별시 성북구 동소문로 315 (길음동),127.0287930253,37.6084530555,,A04,A0401,A04011000,3305994,38,쇼핑
반스 건대커먼그라운드,서울특별시 광진구 아차산로 200,127.0656360164,37.5414781682,,A04,A0401,A04011000,2929643,38,쇼핑
반스 두타,서울특별시 중구 장충단로 275,127.0088293006,37.5689100708,,A04,A0401,A04011000,2918428,38,쇼핑
반스 롯데월드몰,"서울특별시 송파구 올림픽로 300 (신천동,3층)",127.1040749597,37.5141653654,,A04,A0401,A04011000,2916571,38,쇼핑
반스 코엑스,"서울특별시 강남구 영동대로 513(삼성동,코엑스)",127.0592179950,37.5119175967,,A04,A0401,A04011000,2906211,38,쇼핑
반스 타임스퀘어,"서울특별시 영등포구 영중로 15, 3층 330호",126.9053818370,37.5178335971,,A04,A0401,A04011000,2924625,38,쇼핑
반에이크,서울특별시 관악구 봉천로 209 (봉천동),126.9249974851,37.4905482278,,A04,A0401,A04011000,3305532,38,쇼핑
반에이크,"서울특별시 구로구 경인로 662 (신도림동, 디큐브시티)",126.8884169673,37.5089148857,,A04,A0401,A04011000,3306006,38,쇼핑
반월음향,서울특별시 용산구 청파로74,126.9596403612,37.5327661657,,A04,A0401,A04011000,2929513,38,쇼핑
반클리프아펠 갤러리아,서울특별시 강남구 압구정로 407,127.0418357887,37.5279681978,,A04,A0401,A04011000,2909334,38,쇼핑
반클리프아펠 신세계 강남점,서울특별시 서초구 신반포로 176,127.0035815712,37.5056062193,,A04,A0401,A04011000,2908373,38,쇼핑
반클리프아펠 신세계 본점,서울특별시 중구 소공로 63,126.9810181709,37.5609966018,,A04,A0401,A04011000,2908405,38,쇼핑
반클리프아펠 현대 코엑스점,서울특별시 강남구 테헤란로 517 1층,127.0597791462,37.5086679839,,A04,A0401,A04011000,2903525,38,쇼핑
발렌시아,서울특별시 금천구 디지털로 185 (가산동),126.8872262708,37.4782600918,,A04,A0401,A04011000,3306210,38,쇼핑
발렌시아 2001아울렛 중계,서울특별시 노원구 동일로204가길 46 (중계동),127.0679274101,37.6413416033,,A04,A0401,A04011000,3306186,38,쇼핑
발렌시아 nc신구로,서울특별시 구로구 구로중앙로 152 (구로동),126.8827871414,37.5012129024,,A04,A0401,A04011000,3306031,38,쇼핑
발렌시아 롯데팩토리가산,"서울특별시 금천구 벚꽃로 278, 1층",126.8846459143,37.4795432303,,A04,A0401,A04011000,2901791,38,쇼핑
발렌시아가 갤러리아,서울특별시 강남구 압구정로 343,127.0400692668,37.5285292127,,A04,A0401,A04011000,2916034,38,쇼핑
발렌시아가 남성 신세계 강남점,서울특별시 서초구 신반포로 176 6층,127.0035815712,37.5056062193,,A04,A0401,A04011000,2901636,38,쇼핑
발렌시아가 롯데 본점,서울특별시 중구 을지로 30,126.9810458210,37.5654016461,,A04,A0401,A04011000,2926662,38,쇼핑
발렌시아가 롯데에비뉴엘월드점,서울특별시 송파구 올림픽로 300 2층,127.1040749597,37.5141653654,,A04,A0401,A04011000,2924576,38,쇼핑
발렌시아가 신세계 본점,서울특별시 중구 소공로 63 4층,126.9810181709,37.5609966018,,A04,A0401,A04011000,2916058,38,쇼핑
발렌시아가 현대 본점,서울특별시 강남구 압구정로 165 2층,127.0274843337,37.5274180039,,A04,A0401,A04011000,2916062,38,쇼핑
발렌티노 갤러리아EAST,서울특별시 강남구 압구정로 407 2층,127.0418357887,37.5279681978,,A04,A0401,A04011000,2924471,38,쇼핑
발렌티노 롯데 에비뉴엘월드타워점 1층,서울특별시 송파구 올림픽로 300 1층,127.1040749597,37.5141653654,,A04,A0401,A04011000,2925579,38,쇼핑
발렌티노 슈즈 신세계강남점,서울특별시 서초구 신반포로 176,127.0035815712,37.5056062193,,A04,A0401,A04011000,2927300,38,쇼핑
발렌티노 신세계 강남점,서울특별시 서초구 신반포로 176 2층,127.0035815712,37.5056062193,,A04,A0401,A04011000,2924478,38,쇼핑
발렌티노 신세계 본점,서울특별시 중구 소공로 63 2층,126.9810181709,37.5609966018,,A04,A0401,A04011000,2924476,38,쇼핑
발렌티노 현대 본점,서울특별시 강남구 압구정로 165,127.0274843337,37.5274180039,,A04,A0401,A04011000,2926568,38,쇼핑
발렌티노남성 신세계 강남점,서울특별시 서초구 신반포로 176,127.0035815712,37.5056062193,,A04,A0401,A04011000,2926582,38,쇼핑
발렌티노남성 신세계 본점,서울특별시 중구 소공로 63 6층,126.9810181709,37.5609966018,,A04,A0401,A04011000,2924529,38,쇼핑
발망 월드타워점,서울특별시 송파구 올림픽로 300¸ 2층,127.1040749597,37.5141653654,,A04,A0401,A04011000,2925544,38,쇼핑
밝은마음약국,"서울특별시 강남구 논현로 841 110호(신사동, 제이비 미소빌딩)",127.0279232756,37.5241156178,,A04,A0401,A04011000,2904752,38,쇼핑
밤나무골시장,서울특별시 성북구 오패산로17길 10-28 (하월곡동),127.0356062719,37.6092086457,,A04,A0401,A04010200,2773408,38,쇼핑
방산 종합시장,서울특별시 중구 동호로37길 20 (주교동),127.0008217013,37.5687766093,02-2266-8765,A04,A0401,A04010200,132241,38,쇼핑
방신재래시장,서울특별시 강서구 방화동로16길 31,126.8123776975,37.5714812570,,A04,A0401,A04010200,2759655,38,쇼핑
방이시장,서울특별시 송파구 백제고분로48길 41 (방이동),127.1175655056,37.5104077113,,A04,A0401,A04010200,2704559,38,쇼핑
배럴,서울특별시 영등포구 영중로 9 (영등포동4가),126.9055901684,37.5172308925,,A04,A0401,A04011000,3306718,38,쇼핑
밴브루셔츠,"서울특별시 구로구 경인로 662 (신도림동, 디큐브시티)",126.8884169673,37.5089148857,,A04,A0401,A04011000,3306242,38,쇼핑
밸리걸,서울특별시 구로구 구로중앙로 152 (구로동),126.8827871414,37.5012129024,,A04,A0401,A04011000,3306528,38,쇼핑
뱅앤올룹슨 압구정,서울특별시 강남구 언주로 865 (신사동) 태승빌딩 1층,127.0332421310,37.5278152836,,A04,A0401,A04011000,2906443,38,쇼핑
버버리 남성 롯데 본점,서울특별시 중구 남대문로 81 롯데백화점 본점 5층,126.9817485525,37.5647822864,,A04,A0401,A04011000,2915490,38,쇼핑
버버리 남성 현대 코엑스점,서울특별시 강남구 테헤란로 517 7층,127.0597791462,37.5086679839,,A04,A0401,A04011000,2916105,38,쇼핑
버버리 롯데 노원점,서울특별시 노원구 동일로 1414 1층,127.0614081608,37.6553315254,,A04,A0401,A04011000,2912330,38,쇼핑
버버리 롯데 본점,서울특별시 중구 을지로 30,126.9810458210,37.5654016461,,A04,A0401,A04011000,2912346,38,쇼핑
버버리 롯데 에비뉴엘점,서울특별시 중구 남대문로 73,126.9816707967,37.5642573461,,A04,A0401,A04011000,2908871,38,쇼핑
버버리 신세계 본점 RTW,서울특별시 중구 소공로 63 2층,126.9810181709,37.5609966018,,A04,A0401,A04011000,2909120,38,쇼핑
버버리 청담,서울특별시 강남구 도산대로 459,127.0468104330,37.5245381305,,A04,A0401,A04011000,2906153,38,쇼핑
버버리 현대 목동점,서울특별시 양천구 목동동로257 1층,126.8747288364,37.5263292843,,A04,A0401,A04011000,2910504,38,쇼핑
버커루,서울특별시 구로구 구로중앙로 152 (구로동),126.8827871414,37.5012129024,,A04,A0401,A04011000,3305667,38,쇼핑
버커루 2001아울렛 중계,서울특별시 노원구 동일로204가길 46 (중계동),127.0679274101,37.6413416033,,A04,A0401,A04011000,3306889,38,쇼핑
버커루 롯데팩토리 가산,서울특별시 금천구 벚꽃로 278 (가산동),126.8846459143,37.4795432303,,A04,A0401,A04011000,3307058,38,쇼핑
버커루 현대동대문,서울특별시 중구 장충단로13길 20,127.0076821872,37.5687878415,,A04,A0401,A04011000,2930607,38,쇼핑
버터 건대커먼그라운드,서울특별시 광진구 아차산로 200,127.0656360164,37.5414781682,,A04,A0401,A04011000,2916301,38,쇼핑
베네통,서울특별시 관악구 봉천로 209 (봉천동),126.9249974851,37.4905482278,,A04,A0401,A04011000,3305908,38,쇼핑
베네통,서울특별시 구로구 구로중앙로 152 (구로동),126.8827871414,37.5012129024,,A04,A0401,A04011000,3306248,38,쇼핑
베네통,서울특별시 금천구 디지털로 185 (가산동),126.8872262708,37.4782600918,,A04,A0401,A04011000,3307325,38,쇼핑
베네통 롯데 서울역점,서울특별시 중구 한강대로 405,126.9717664185,37.5545416306,,A04,A0401,A04011000,2916223,38,쇼핑
베네통키즈,서울특별시 구로구 구로중앙로 152 (구로동),126.8827871414,37.5012129024,,A04,A0401,A04011000,3306689,38,쇼핑
베네통키즈,서울특별시 관악구 봉천로 209 (봉천동),126.9249974851,37.4905482278,,A04,A0401,A04011000,3306774,38,쇼핑
베네통키즈 2001아울렛 중계,서울특별시 노원구 동일로204가길 46 (중계동),127.0679274101,37.6413416033,,A04,A0401,A04011000,3306513,38,쇼핑
베네피아 향수,"서울특별시 구로구 경인로 662 (신도림동, 디큐브시티)",126.8884169673,37.5089148857,,A04,A0401,A04011000,3305671,38,쇼핑
베네피트,"서울특별시 구로구 경인로 662 (신도림동, 디큐브시티)",126.8884169673,37.5089148857,,A04,A0401,A04011000,3305723,38,쇼핑
베네피트 IFC몰,서울특별시 영등포구 국제금융로 10,126.9266241202,37.5258580443,,A04,A0401,A04011000,2931375,38,쇼핑
베르니스현대무역점,서울특별시 강남구 테헤란로 517 5층,127.0597791462,37.5086679839,,A04,A0401,A04011000,2918305,38,쇼핑
베베드피노,서울특별시 관악구 봉천로 209 (봉천동),126.9249974851,37.4905482278,,A04,A0401,A04011000,3305663,38,쇼핑
베스티스 경복궁,서울특별시 종로구 자하문로12길 17 1층,126.9720517782,37.5801747672,,A04,A0401,A04011000,2931601,38,쇼핑
베이의원,서울특별시 강남구 압구정로 162 (신사동),127.0274815858,37.5263514611,,A04,A0401,A04011000,3305924,38,쇼핑
베이프 청담,서울특별시 강남구 선릉로162길 47,127.0444467104,37.5262795520,,A04,A0401,A04011000,2905455,38,쇼핑
벤제프 만승아울렛,서울특별시 금천구 디지털로 193,126.8881261914,37.4781684518,,A04,A0401,A04011000,2930719,38,쇼핑
벨라디터치,서울특별시 금천구 디지털로 185 (가산동),126.8872262708,37.4782600918,,A04,A0401,A04011000,3306437,38,쇼핑
벨루티 롯데백화점 잠실 에비뉴엘,서울특별시 송파구 올림픽로 300¸ 1층,127.1040749597,37.5141653654,,A04,A0401,A04011000,2924132,38,쇼핑
벨루티 신세계 강남점,서울특별시 서초구 신반포로 176 6층,127.0035815712,37.5056062193,,A04,A0401,A04011000,2928182,38,쇼핑
벨루티 신세계 본점,서울특별시 중구 소공로 63 6층,126.9810181709,37.5609966018,,A04,A0401,A04011000,2928175,38,쇼핑
벨리걸,서울특별시 강동구 구천면로189,127.1258944317,37.5410626358,,A04,A0401,A04011000,3307460,38,쇼핑
벨리시앙,서울특별시 관악구 봉천로 209 (봉천동),126.9249974851,37.4905482278,,A04,A0401,A04011000,3305554,38,쇼핑
벨리시앙,서울특별시 강북구 도봉로 62 (미아동),127.0305315802,37.6146468109,,A04,A0401,A04011000,3305987,38,쇼핑
별빛 남문시장,서울특별시 금천구 독산동 997-25,126.9001668879,37.4736580794,,A04,A0401,A04010200,2756091,38,쇼핑
보그너 롯데팩토리가산,서울특별시 금천구 벚꽃로 278 (가산동),126.8846459143,37.4795432303,,A04,A0401,A04011000,3306909,38,쇼핑
보그너 현대가든파이브,"서울특별시 송파구 충민로 66, 4층",127.1249768726,37.4776672007,,A04,A0401,A04011000,2910958,38,쇼핑
보나파이드주얼리,서울특별시 용산구 이태원로54가길 29 (한남동),127.0013336791,37.5365303649,,A04,A0401,A04011000,3306386,38,쇼핑
보니스팍스,서울특별시 금천구 벚꽃로 278 (가산동),126.8846459143,37.4795432303,,A04,A0401,A04011000,3305957,38,쇼핑
보니스팍스,서울특별시 구로구 구로중앙로 152 (구로동),126.8827871414,37.5012129024,,A04,A0401,A04011000,3306747,38,쇼핑
보니스팍스,"서울특별시 구로구 경인로 662 (신도림동, 디큐브시티)",126.8884169673,37.5089148857,,A04,A0401,A04011000,3307489,38,쇼핑
보니스팍스 2001아울렛 중계,서울특별시 노원구 동일로204가길 46 (중계동),127.0679274101,37.6413416033,,A04,A0401,A04011000,3305641,38,쇼핑
보니스팍스 현대가산,"서울특별시 금천구 디지털로10길 9, 3층",126.8890705637,37.4776713039,,A04,A0401,A04011000,2927455,38,쇼핑
보니스팍스 현대동대문,"서울특별시 중구 장충단로13길 20, 3층",127.0076821872,37.5687878415,,A04,A0401,A04011000,2910432,38,쇼핑
보람안경,서울특별시 중구 남대문시장길 25-3,126.9772240877,37.5604521528,,A04,A0401,A04011000,3305633,38,쇼핑
보보쇼즈,서울특별시 영등포구 영중로 9 (영등포동4가),126.9055901684,37.5172308925,,A04,A0401,A04011000,3305746,38,쇼핑
보브 nc신구로,서울특별시 구로구 구로중앙로 152 (구로동),126.8827871414,37.5012129024,,A04,A0401,A04011000,3306404,38,쇼핑
보이런던 회현,"서울특별시 중구 퇴계로 72, 2층",126.9806210362,37.5591829169,,A04,A0401,A04011000,2906306,38,쇼핑
보테가베네타 남성 갤러리아 EAST,서울특별시 강남구 압구정로 407,127.0418357887,37.5279681978,,A04,A0401,A04011000,2916363,38,쇼핑
보테가베네타 남성 신세계 본점,서울특별시 중구 소공로 63 6층,126.9810181709,37.5609966018,,A04,A0401,A04011000,2925730,38,쇼핑
보테가베네타 롯데 에비뉴엘월드타워점,서울특별시 송파구 올림픽로 300 1층,127.1040749597,37.5141653654,,A04,A0401,A04011000,2924629,38,쇼핑
보테가베네타 신세계 강남점 남성,서울특별시 서초구 신반포로 176 6층,127.0035815712,37.5056062193,,A04,A0401,A04011000,2912204,38,쇼핑
보테가베네타 신세계 본점,서울특별시 중구 소공로 63 2층,126.9810181709,37.5609966018,,A04,A0401,A04011000,2909113,38,쇼핑
보테가베네타 현대 목동점,서울특별시 양천구 목동동로257,126.8747288364,37.5263292843,,A04,A0401,A04011000,2928156,38,쇼핑
보테가베네타 현대 본점,서울특별시 강남구 압구정로 165,127.0274843337,37.5274180039,,A04,A0401,A04011000,2908343,38,쇼핑
보테가베네타 현대 코엑스점,서울특별시 강남구 테헤란로 517 2층,127.0597791462,37.5086679839,,A04,A0401,A04011000,2916042,38,쇼핑
보티첼리 현대가든파이브,"서울특별시 송파구 충민로 66, 2층",127.1249768726,37.4776672007,,A04,A0401,A04011000,2930953,38,쇼핑
본,"서울특별시 구로구 경인로 662 (신도림동, 디큐브시티)",126.8884169673,37.5089148857,,A04,A0401,A04011000,3306449,38,쇼핑
본,서울특별시 금천구 디지털로 185 (가산동),126.8872262708,37.4782600918,,A04,A0401,A04011000,3306852,38,쇼핑
본 롯데팩토리가산,"서울특별시 금천구 벚꽃로 278, 2층",126.8846459143,37.4795432303,,A04,A0401,A04011000,2931821,38,쇼핑
본 현대가든파이브,"서울특별시 송파구 충민로 66, 4층",127.1249768726,37.4776672007,,A04,A0401,A04011000,2925317,38,쇼핑
본 현대동대문,서울특별시 중구 장충단로13길 20,127.0076821872,37.5687878415,,A04,A0401,A04011000,2924392,38,쇼핑
볼빅,서울특별시 관악구 봉천로 209 (봉천동),126.9249974851,37.4905482278,,A04,A0401,A04011000,3305766,38,쇼핑
볼빅,서울특별시 금천구 디지털로10길 9 (가산동),126.8890705637,37.4776713039,,A04,A0401,A04011000,3306204,38,쇼핑
볼빅,서울특별시 용산구 한강대로 405 (동자동),126.9717469660,37.5548915897,,A04,A0401,A04011000,3306529,38,쇼핑
볼빅,서울특별시 성북구 동소문로 315 (길음동),127.0287930253,37.6084530555,,A04,A0401,A04011000,3307603,38,쇼핑
볼빅 롯데팩토리 가산,서울특별시 금천구 벚꽃로 278 (가산동),126.8846459143,37.4795432303,,A04,A0401,A04011000,3305497,38,쇼핑
봉일시장,서울특별시 관악구 은천로 28,126.9384130595,37.4859406693,,A04,A0401,A04010200,2753931,38,쇼핑
봉천중앙시장,서울특별시 관악구 관악로 211,126.9543449899,37.4842494839,,A04,A0401,A04010200,2753926,38,쇼핑
부루&주디,서울특별시 서대문구 신촌로83,126.9358252045,37.5561435782,,A04,A0401,A04011000,2924528,38,쇼핑
부루앤쥬디,서울특별시 중구 장충단로13길 20 (을지로6가),127.0076821872,37.5687878415,,A04,A0401,A04011000,3307719,38,쇼핑
부르뎅 아동복 (Burdeng),서울특별시 중구 남대문시장8길 14,126.9784156601,37.5599161253,02-755-5737,A04,A0401,A04010600,1013366,38,쇼핑
부쉐론 롯데 에비뉴엘월드타워점,서울특별시 송파구 올림픽로300,127.1040749597,37.5141653654,,A04,A0401,A04011000,2924686,38,쇼핑
부테로,서울특별시 영등포구 영중로 9 (영등포동4가),126.9055901684,37.5172308925,,A04,A0401,A04011000,3306163,38,쇼핑
북촌약국,서울특별시 종로구 율곡로3길 71 (소격동),126.9820425727,37.5788112162,,A04,A0401,A04011000,3307593,38,쇼핑
불가리 갤러리아EAST점,서울특별시 강남구 압구정로 407,127.0418357887,37.5279681978,,A04,A0401,A04011000,2911551,38,쇼핑
불가리 롯데 에비뉴엘 월드타워점,서울특별시 송파구 올림픽로 300,127.1040749597,37.5141653654,,A04,A0401,A04011000,2909921,38,쇼핑
불가리 롯데 에비뉴엘점,서울특별시 중구 남대문로 73,126.9816707967,37.5642573461,,A04,A0401,A04011000,2907498,38,쇼핑
불가리 신세계 강남점,서울특별시 서초구 신반포로 176,127.0035815712,37.5056062193,,A04,A0401,A04011000,2910478,38,쇼핑
불가리 현대 압구정본점,서울특별시 강남구 압구정로 165,127.0274843337,37.5274180039,,A04,A0401,A04011000,2930415,38,쇼핑
불가리안경,서울특별시 중구 소월로 3,126.9762186521,37.5594244762,,A04,A0401,A04011000,3306607,38,쇼핑
뷰티앤영의원,서울특별시 강남구 강남대로 626 (신사동),127.0195158876,37.5177578715,,A04,A0401,A04011000,3305983,38,쇼핑
브렌우드,서울특별시 금천구 디지털로 185 (가산동),126.8872262708,37.4782600918,,A04,A0401,A04011000,3306530,38,쇼핑
브렝땅,서울특별시 중구 장충단로13길 20 (을지로6가),127.0076821872,37.5687878415,,A04,A0401,A04011000,3307271,38,쇼핑
브리오니 신라호텔,서울특별시 중구 동호로 249 (장충동2가),127.0061409418,37.5588667447,,A04,A0401,A04011000,2925768,38,쇼핑
브릿지안경,서울특별시 구로구 디지털로 300 지밸리비즈플라자 1층 3호,126.8965530103,37.4849789224,,A04,A0401,A04011000,2907402,38,쇼핑
브릿지안경[한국관광 품질인증/Korea Quality],서울특별시 강남구 압구정로 132,127.0232125896,37.5242599610,02-543-6846,A04,A0401,A04010600,2497334,38,쇼핑
브이스파 롯데에비뉴엘,"서울특별시 중구 남대문로 73, 10층(남대문로2가, 롯데백화점 에비뉴엘점)",126.9816707967,37.5642573461,,A04,A0401,A04011000,2917240,38,쇼핑
브이엔성형외과의원,서울특별시 서초구 강남대로 441 (서초동),127.0252935910,37.5017876076,,A04,A0401,A04011000,3307148,38,쇼핑
블랑쥬의원,서울특별시 서초구 강남대로 445 (서초동),127.0252574766,37.5020459104,,A04,A0401,A04011000,3305970,38,쇼핑
블랙야크,서울특별시 금천구 디지털로10길 9 (가산동),126.8890705637,37.4776713039,,A04,A0401,A04011000,3307622,38,쇼핑
블랙야크 롯데 서울역점,서울특별시 중구 한강대로 405 4층,126.9717664185,37.5545416306,,A04,A0401,A04011000,2915934,38,쇼핑
블랙야크 롯데팩토리 가산,서울특별시 금천구 벚꽃로 278 (가산동),126.8846459143,37.4795432303,,A04,A0401,A04011000,3306322,38,쇼핑
블랙야크 양재,"서울특별시 서초구 바우뫼로 201 (양재동, 블랙야크양재사옥)",127.0410788765,37.4801987309,,A04,A0401,A04011000,2910560,38,쇼핑
블랙야크 종로,서울특별시 종로구 종로36길 22 (종로5가),127.0038436148,37.5699459717,,A04,A0401,A04011000,2915378,38,쇼핑
블랙야크 현대가든파이브,"서울특별시 송파구 충민로 66, 3층(문정동,가든파이브라이프)",127.1249768726,37.4776672007,,A04,A0401,A04011000,2907172,38,쇼핑
블랙야크 현대동대문,"서울특별시 중구 장충단로13길 20, 7층 (을지로6가, 현대시티아울렛)",127.0076821872,37.5687878415,,A04,A0401,A04011000,2918437,38,쇼핑
블랙야크키즈,서울특별시 성북구 동소문로 315 (길음동),127.0287930253,37.6084530555,,A04,A0401,A04011000,3307051,38,쇼핑
블랙야크키즈 nc신구로,서울특별시 구로구 구로중앙로 152 (구로동),126.8827871414,37.5012129024,,A04,A0401,A04011000,3307187,38,쇼핑
블랙야크키즈 현대동대문,서울특별시 중구 장충단로13길 20,127.0076821872,37.5687878415,,A04,A0401,A04011000,2911713,38,쇼핑
블루독,서울특별시 관악구 봉천로 209 (봉천동),126.9249974851,37.4905482278,,A04,A0401,A04011000,3305412,38,쇼핑
블루독베이비,"서울특별시 구로구 경인로 662 (신도림동, 디큐브시티)",126.8884169673,37.5089148857,,A04,A0401,A04011000,3305615,38,쇼핑
블루독베이비,서울특별시 성북구 동소문로 315 (길음동),127.0287930253,37.6084530555,,A04,A0401,A04011000,3306744,38,쇼핑
비너스,서울특별시 구로구 구로중앙로 152 (구로동),126.8827871414,37.5012129024,,A04,A0401,A04011000,3305745,38,쇼핑
비너스,서울특별시 관악구 봉천로 209 (봉천동),126.9249974851,37.4905482278,,A04,A0401,A04011000,3305826,38,쇼핑
비너스,서울특별시 영등포구 영중로 9 (영등포동4가),126.9055901684,37.5172308925,,A04,A0401,A04011000,3306545,38,쇼핑
비너스 롯데서울역,서울특별시 중구 한강대로 405,126.9717664185,37.5545416306,,A04,A0401,A04011000,2910114,38,쇼핑
비너스 현대가든파이브,"서울특별시 송파구 충민로 66, 2층",127.1249768726,37.4776672007,,A04,A0401,A04011000,2924219,38,쇼핑
비너스 현대동대문,"서울특별시 중구 장충단로13길 20(을지로6가, 동대문현대아울렛)",127.0076821872,37.5687878415,,A04,A0401,A04011000,2931811,38,쇼핑
비단길 현대시장,서울특별시 금천구 독산로41길 7,126.9043641141,37.4599014181,,A04,A0401,A04010200,2756098,38,쇼핑
비비안,서울특별시 관악구 봉천로 209 (봉천동),126.9249974851,37.4905482278,,A04,A0401,A04011000,3306801,38,쇼핑
비비안 코엑스,"서울특별시 강남구 영동대로 513, D103호",127.0592179950,37.5119175967,,A04,A0401,A04011000,2905522,38,쇼핑
비비안 현대가든파이브,"서울특별시 송파구 충민로 66, 2층",127.1249768726,37.4776672007,,A04,A0401,A04011000,2914940,38,쇼핑
비비안 현대가산,"서울특별시 금천구 디지털로10길 9(가산동), 3층",126.8890705637,37.4776713039,,A04,A0401,A04011000,2923562,38,쇼핑
비비안 현대아울렛 가산점,서울특별시 금천구 디지털로10길 9,126.8890705637,37.4776713039,,A04,A0401,A04011000,2930584,38,쇼핑
비비안웨스트우드 롯데백화점 에비뉴엘 월드타워점,서울특별시 송파구 올림픽로 300¸ 3층,127.1040749597,37.5141653654,,A04,A0401,A04011000,2924171,38,쇼핑
비씨비지 2001아울렛 중계,서울특별시 노원구 동일로204가길 46 (중계동),127.0679274101,37.6413416033,,A04,A0401,A04011000,3305872,38,쇼핑
비아이오성형외과,서울특별시 강남구 도산대로 107,127.0201241919,37.5168329904,,A04,A0401,A04011000,2910875,38,쇼핑
비에스티성형외과,서울특별시 강남구 삼성동 91-31,127.0602205849,37.5152977773,,A04,A0401,A04011000,2904935,38,쇼핑
비오템,서울특별시 영등포구 영중로 9 (영등포동4가),126.9055901684,37.5172308925,,A04,A0401,A04011000,3306851,38,쇼핑
비온성형외과의원,서울특별시 강남구 도산대로 108 (논현동),127.0206713808,37.5162441789,,A04,A0401,A04011000,3307071,38,쇼핑
비이커 월드타워점,서울특별시 송파구 올림픽로 300¸ 5층,127.1040749597,37.5141653654,,A04,A0401,A04011000,2925595,38,쇼핑
비이커 청담점,서울특별시 강남구 압구정로 408,127.0414108480,37.5272543843,,A04,A0401,A04011000,2918359,38,쇼핑
비이커 한남점,서울특별시 용산구 이태원로 241,126.9999338020,37.5366886547,,A04,A0401,A04011000,2922408,38,쇼핑
비이커 현대시티몰 가든파이브점,서울특별시 송파구 충민로 66 1층,127.1249768726,37.4776672007,,A04,A0401,A04011000,2930405,38,쇼핑
비이커현대무역점,서울특별시 강남구 테헤란로517 7층,127.0597791462,37.5086679839,,A04,A0401,A04011000,2917745,38,쇼핑
비지트인뉴욕,서울특별시 강북구 도봉로 62 (미아동),127.0305315802,37.6146468109,,A04,A0401,A04011000,3306055,38,쇼핑
비지트인뉴욕 현대동대문,"서울특별시 중구 장충단로13길 20, 4층",127.0076821872,37.5687878415,,A04,A0401,A04011000,2902402,38,쇼핑
비체 롯데백화점 잠실점,서울특별시 송파구 올림픽로 240,127.0976311526,37.5123821225,,A04,A0401,A04011000,2927051,38,쇼핑
비체 현대 신촌점,서울특별시 서대문구 신촌로 83,126.9358252045,37.5561435782,,A04,A0401,A04011000,2908621,38,쇼핑
비체현대무역점,서울특별시 강남구 테헤란로 517 2층,127.0597791462,37.5086679839,,A04,A0401,A04011000,2918459,38,쇼핑
비티성형외과,서울특별시 서초구 서초대로77길 17 (서초동),127.0257686102,37.4996073141,,A04,A0401,A04011000,3307521,38,쇼핑
비포 성형외과의원,서울특별시 강남구 도산대로 406 3층(청담동),127.0400305417,37.5228798678,,A04,A0401,A04011000,2902955,38,쇼핑
빈,서울특별시 영등포구 영중로 9 (영등포동4가),126.9055901684,37.5172308925,,A04,A0401,A04011000,3307053,38,쇼핑
빈블루테일 압구정,서울특별시 강남구 논현로155길 6,127.0277427955,37.5220186358,,A04,A0401,A04011000,3305922,38,쇼핑
빈트릴,서울특별시 영등포구 영중로 9 (영등포동4가),126.9055901684,37.5172308925,,A04,A0401,A04011000,3307052,38,쇼핑
빈폴,서울특별시 관악구 봉천로 209,126.9249974851,37.4905482278,,A04,A0401,A04011000,2926572,38,쇼핑
빈폴,"서울특별시 구로구 경인로 662 (신도림동, 디큐브시티)",126.8884169673,37.5089148857,,A04,A0401,A04011000,3306115,38,쇼핑
빈폴 롯데 강남점,서울특별시 강남구 도곡로 401,127.0534550587,37.4967859168,,A04,A0401,A04011000,2930438,38,쇼핑
빈폴 롯데 노원점,서울특별시 노원구 동일로 1414,127.0614081608,37.6553315254,,A04,A0401,A04011000,2917626,38,쇼핑
빈폴 롯데 미아점,서울특별시 강북구 도봉로 62,127.0305315802,37.6146468109,,A04,A0401,A04011000,2926575,38,쇼핑
빈폴 롯데 스타시티점,서울특별시 광진구 능동로 92 6층,127.0712300203,37.5390535504,,A04,A0401,A04011000,2918391,38,쇼핑
빈폴 롯데 잠실점,서울특별시 송파구 올림픽로 240,127.0976311526,37.5123821225,,A04,A0401,A04011000,2917592,38,쇼핑
빈폴 롯데 청량리점,서울특별시 동대문구 왕산로 214 5층,127.0474754499,37.5805510796,,A04,A0401,A04011000,2918422,38,쇼핑
빈폴 타워팰리스,서울특별시 강남구 언주로30길 26,127.0524442876,37.4880285818,,A04,A0401,A04011000,2917577,38,쇼핑
빈폴 현대 신촌점,서울특별시 서대문구 신촌로 83,126.9358252045,37.5561435782,,A04,A0401,A04011000,2922403,38,쇼핑
빈폴 현대가든파이브,서울특별시 송파구 충민로 66,127.1249768726,37.4776672007,,A04,A0401,A04011000,2911231,38,쇼핑
빈폴골프,서울특별시 관악구 봉천로 209 (봉천동),126.9249974851,37.4905482278,,A04,A0401,A04011000,3305726,38,쇼핑
빈폴레이디스,서울특별시 관악구 봉천로 209 (봉천동),126.9249974851,37.4905482278,,A04,A0401,A04011000,3307699,38,쇼핑
빌라 디 메트로시티,서울특별시 강남구 가로수길 33,127.0228627357,37.5202215347,,A04,A0401,A04011000,2925046,38,쇼핑
빌리프,서울특별시 관악구 봉천로 209 (봉천동),126.9249974851,37.4905482278,,A04,A0401,A04011000,3305875,38,쇼핑
빌리프,서울특별시 영등포구 영중로 9 (영등포동4가),126.9055901684,37.5172308925,,A04,A0401,A04011000,3307320,38,쇼핑
빌리프,"서울특별시 구로구 경인로 662 (신도림동, 디큐브시티)",126.8884169673,37.5089148857,,A04,A0401,A04011000,3307445,38,쇼핑
빌리프,서울특별시 강북구 도봉로 62 (미아동),127.0305315802,37.6146468109,,A04,A0401,A04011000,3307696,38,쇼핑
뻬띠앙뜨,서울특별시 관악구 봉천로 209 (봉천동),126.9249974851,37.4905482278,,A04,A0401,A04011000,3306706,38,쇼핑
쁘띠퀸의원,서울특별시 강남구 강남대로 468 7층,127.0251602015,37.5042067690,,A04,A0401,A04011000,2907659,38,쇼핑
쁘렝땅 현대가산,서울특별시 금천구 디지털로 10길 9,126.8890705637,37.4776713039,,A04,A0401,A04011000,2910596,38,쇼핑
사당시장,서울특별시 동작구 사당로 244 (사당동),126.9747681614,37.4831388673,,A04,A0401,A04010200,2759106,38,쇼핑
사만사타바사 롯데 본점,서울특별시 중구 남대문로 81,126.9817485525,37.5647822864,,A04,A0401,A04011000,2911921,38,쇼핑
사뿐_가로수길점,서울특별시 강남구 도산대로 11길 42 1층,127.0224544375,37.5202826313,,A04,A0401,A04011000,2899722,38,쇼핑
사뿐_홍대점,서울특별시 마포구 와우산로 29길 55,126.9271065635,37.5558212374,,A04,A0401,A04011000,2903119,38,쇼핑
사운즈한남,서울특별시 용산구 대사관로 35 (한남동),127.0020086956,37.5337695867,,A04,A0401,A04011200,3060939,38,쇼핑
사적인아름다움지유의원,서울특별시 서초구 서초대로77길 54 (서초동),127.0248380533,37.5026263910,,A04,A0401,A04011000,3307008,38,쇼핑
산드로,서울특별시 영등포구 영중로 9 (영등포동4가),126.9055901684,37.5172308925,,A04,A0401,A04011000,3307012,38,쇼핑
산드로 현대목동점,서울특별시 양천구 목동동로 257,126.8747288364,37.5263292843,,A04,A0401,A04011000,2923057,38,쇼핑
산드로옴므 롯데백화점 에비뉴엘 월드타워점,서울특별시 송파구 올림픽로 300¸ 4층,127.1040749597,37.5141653654,,A04,A0401,A04011000,2924218,38,쇼핑
삼대인,"서울특별시 중구 삼일대로 301 1층 101호(충무로2가, 영미빌딩)",126.9886896695,37.5618549731,,A04,A0401,A04011000,2894542,38,쇼핑
삼성 디지털 신세계 본점,서울특별시 중구 소공로 63,126.9810181709,37.5609966018,,A04,A0401,A04011000,2926563,38,쇼핑
삼성 디지털 왕십리점,서울특별시 성동구 고산자로 217,127.0336967474,37.5594810577,,A04,A0401,A04011000,2900408,38,쇼핑
삼성동시장,서울특별시 관악구 원신2길 58-10,126.9319002109,37.4700507314,,A04,A0401,A04010200,2753936,38,쇼핑
삼성모바일SVC 을지로점,서울특별시 중구 을지로 51 5층,126.9836955474,37.5665460048,,A04,A0401,A04011000,2900389,38,쇼핑
삼신다이아몬드,서울특별시 강남구 논현로 836,127.0286149079,37.5231213013,,A04,A0401,A04011000,2907658,38,쇼핑
삼익패션타운,서울특별시 중구 남대문시장8길 7 (남창동),126.9788489464,37.5601966561,1566-4578,A04,A0401,A04010600,1019638,38,쇼핑
상계중앙시장,서울특별시 노원구 상계로23가길 24,127.0703155739,37.6591118019,,A04,A0401,A04010200,2758191,38,쇼핑
상상마당 홍대,서울특별시 마포구 어울마당로 65 (서교동),126.9210794712,37.5510133552,,A04,A0401,A04011000,2906207,38,쇼핑
새마을전통시장,서울특별시 송파구 석촌호수로12길 24 (잠실동),127.0838825006,37.5089544956,,A04,A0401,A04010200,3060928,38,쇼핑
새봄안경원 홍대,"서울특별시 마포구 와우산로 150-1, 1층(창전동)",126.9299313466,37.5544020085,,A04,A0401,A04011000,2923629,38,쇼핑
샌프란시스코마켓 월드타워점,서울특별시 송파구 올림픽로 300¸ 5층,127.1040749597,37.5141653654,,A04,A0401,A04011000,2925589,38,쇼핑
샤넬,서울특별시 관악구 봉천로 209 (봉천동),126.9249974851,37.4905482278,,A04,A0401,A04011000,3306514,38,쇼핑
샤넬,"서울특별시 구로구 경인로 662 (신도림동, 디큐브시티)",126.8884169673,37.5089148857,,A04,A0401,A04011000,3307235,38,쇼핑
샤넬 롯데월드몰,서울특별시 송파구 올림픽로 300,127.1040749597,37.5141653654,,A04,A0401,A04011000,2903037,38,쇼핑
샤넬 아이에프씨몰,서울특별시 영등포구 국제금융로 10,126.9266241202,37.5258580443,,A04,A0401,A04011000,2902423,38,쇼핑
샤넬 코스메틱,서울특별시 영등포구 영중로 9 (영등포동4가),126.9055901684,37.5172308925,,A04,A0401,A04011000,3305559,38,쇼핑
샤틴,"서울특별시 금천구 벚꽃로 278, 1층 (가산동, 롯데백화점 팩토리아울렛가산점)",126.8846459143,37.4795432303,,A04,A0401,A04011000,2917255,38,쇼핑
샤틴,서울특별시 금천구 디지털로 185 (가산동),126.8872262708,37.4782600918,,A04,A0401,A04011000,3307257,38,쇼핑
샤틴 nc신구로,서울특별시 구로구 구로중앙로 152 (구로동),126.8827871414,37.5012129024,,A04,A0401,A04011000,3306761,38,쇼핑
샤틴 현대가산,"서울특별시 금천구 디지털로10길 9, 2층",126.8890705637,37.4776713039,,A04,A0401,A04011000,2907170,38,쇼핑
샤틴 현대동대문,"서울특별시 중구 장충단로13길 20, 3층",127.0076821872,37.5687878415,,A04,A0401,A04011000,2925469,38,쇼핑
샤틴에스블랑,서울특별시 관악구 봉천로 209 (봉천동),126.9249974851,37.4905482278,,A04,A0401,A04011000,3307249,38,쇼핑
서울 광희시장,서울특별시 중구 마장로1길 21,127.0119012497,37.5686851518,02-2232-2882,A04,A0401,A04010200,132186,38,쇼핑
서울 남부종합시장,서울특별시 서초구 방배중앙로27길 17 (방배동),126.9848891220,37.4952154239,,A04,A0401,A04010200,2759920,38,쇼핑
서울 약령시장,서울특별시 동대문구 약령중앙로 10,127.0370431067,37.5791427223,02-969-4793~4,A04,A0401,A04010200,132220,38,쇼핑
서울 중부시장,서울특별시 중구 을지로36길 35,127.0019383691,37.5651409407,,A04,A0401,A04010200,132217,38,쇼핑
서울 중앙시장,서울특별시 중구 퇴계로85길 36,127.0197783639,37.5667827371,,A04,A0401,A04010200,2589070,38,쇼핑
서울 평화시장,서울특별시 중구 청계천로 274,127.0080126943,37.5694211079,02-2265-3531,A04,A0401,A04010200,132182,38,쇼핑
서울공예사,서울특별시 종로구 인사동길 27-1 1층(인사동4거리),126.9859645973,37.5731758308,,A04,A0401,A04011000,2903835,38,쇼핑
서울청과,서울특별시 송파구 양재대로 932,127.1110192841,37.4961564700,,A04,A0401,A04010600,2774454,38,쇼핑
서울파피루스,서울특별시 중구 세종대로 136,126.9782987614,37.5685067916,,A04,A0401,A04011000,2910043,38,쇼핑
서울풍물시장,서울특별시 동대문구 천호대로4길 21 (신설동),127.0255193372,37.5727654781,,A04,A0401,A04010200,1754832,38,쇼핑
서전안경원 두타,"서울특별시 중구 장충단로 275, 3층 21호",127.0088293006,37.5689100708,,A04,A0401,A04011000,2906665,38,쇼핑
서촌나들이,서울특별시 종로구 자하문로 13,126.9720046434,37.5772389972,,A04,A0401,A04010600,2477064,38,쇼핑
서플라이루트 가로수,서울특별시 강남구 강남대로162길 40-2,127.0216794976,37.5206631288,,A04,A0401,A04011000,2924412,38,쇼핑
설화수,서울특별시 강북구 도봉로 62 (미아동),127.0305315802,37.6146468109,,A04,A0401,A04011000,3306403,38,쇼핑
설화수,서울특별시 관악구 봉천로 209 (봉천동),126.9249974851,37.4905482278,,A04,A0401,A04011000,3307122,38,쇼핑
설화수,"서울특별시 구로구 경인로 662 (신도림동, 디큐브시티)",126.8884169673,37.5089148857,,A04,A0401,A04011000,3307215,38,쇼핑
설화수 플레그쉽스토어 도산,서울특별시 강남구 도산대로45길 18,127.0355003778,37.5236102569,,A04,A0401,A04011000,2930392,38,쇼핑
설화수건대스타시티,서울특별시 광진구 능동로92,127.0712300203,37.5390535504,,A04,A0401,A04011000,2924127,38,쇼핑
설화수발란스스파 신사,"서울특별시 강남구 도산대로45길 18, 4층",127.0355003778,37.5236102569,,A04,A0401,A04011000,2924569,38,쇼핑
설화수스파 신사,서울특별시 강남구 도산대로45길 18,127.0355003778,37.5236102569,,A04,A0401,A04011000,2901770,38,쇼핑
설화수스파롯데호텔서울점,서울특별시 중구 을지로 30 (소공동),126.9810458210,37.5654016461,,A04,A0401,A04011000,3307528,38,쇼핑
성대시장,서울특별시 동작구 성대로2길 7,126.9317355101,37.4994306498,,A04,A0401,A04010200,2759678,38,쇼핑
세기피앤씨,서울특별시 중구 수표로 22-12,126.9909533170,37.5631104235,,A04,A0401,A04011000,2922556,38,쇼핑
세라,"서울특별시 구로구 경인로 662 (신도림동, 디큐브시티)",126.8884169673,37.5089148857,,A04,A0401,A04011000,3306064,38,쇼핑
세라제화 대학로,서울특별시 종로구 대학로 123-1 (명륜4가),127.0016351329,37.5822917198,,A04,A0401,A04011000,2929018,38,쇼핑
세라제화 코엑스,서울특별시 강남구 테헤란로87길 22,127.0594569246,37.5096845267,,A04,A0401,A04011000,2923857,38,쇼핑
세란안경 롯데호텔 본점,서울특별시 중구 을지로 30,126.9810458210,37.5654016461,,A04,A0401,A04011000,2922915,38,쇼핑
세란안경[한국관광 품질인증/Korea Quality],서울특별시 중구 을지로 30 롯데호텔,126.9810458210,37.5654016461,010-8746-2715,A04,A0401,A04010600,2498048,38,쇼핑
세브도르,서울특별시 강남구 언주로 431,127.0474283341,37.4789545450,,A04,A0401,A04010600,132218,38,쇼핑
세실앤세드릭,서울특별시 중구 퇴계로81길 8 (황학동),127.0181785301,37.5660605694,010-9528-8108,A04,A0401,A04011200,2989578,38,쇼핑
세운전자상가(세운전자플라자),서울특별시 종로구 청계천로 159,126.9952249747,37.5692681185,02-2271-2344,A04,A0401,A04010600,132231,38,쇼핑
세이브힐즈,"서울특별시 구로구 경인로 662 (신도림동, 디큐브시티)",126.8884169673,37.5089148857,,A04,A0401,A04011000,3305387,38,쇼핑
세인트 제임스 삼청[한국관광 품질인증/Korea Quality],서울특별시 종로구 삼청로 78,126.9818897082,37.5823663566,02-742-4628(내선 207),A04,A0401,A04010600,2497571,38,쇼핑
세인트 제임스 서울,서울특별시 강남구 논현로175길 94,127.0216544267,37.5232461617,02-543-4628,A04,A0401,A04010600,2497361,38,쇼핑
세인트앤드류스,서울특별시 성북구 동소문로 315 (길음동),127.0287930253,37.6084530555,,A04,A0401,A04011000,3306867,38,쇼핑
세인트제임스 삼청,서울특별시 종로구 삼청로 78,126.9818897082,37.5823663566,,A04,A0401,A04011000,2903380,38,쇼핑
센트럴시티,서울특별시 서초구 신반포로 176,127.0038037796,37.5053729170,02-6282-0114,A04,A0401,A04011200,1221790,38,쇼핑
센트럴약국,서울특별시 강남구 봉은사로 211,127.0352202888,37.5080398377,,A04,A0401,A04011000,2905259,38,쇼핑
셀린느 롯데 에비뉴엘 월드타워점,서울특별시 송파구 올림픽로 300¸ 2층,127.1040749597,37.5141653654,,A04,A0401,A04011000,2924140,38,쇼핑
셀업성형외과,서울특별시 강남구 압구정로80길 37 (청담동),127.0435940627,37.5244297515,,A04,A0401,A04011000,3305730,38,쇼핑
셀트리온스킨큐어 신사,"서울특별시 서초구 강남대로 601, 1층(잠원동)",127.0193798574,37.5153387058,,A04,A0401,A04011000,2922873,38,쇼핑
소노안경원 서초,"서울특별시 서초구 서초대로74길 23, 112호(서초동, 서초타운트라팰리스)",127.0271019335,37.4956633513,,A04,A0401,A04011000,2925195,38,쇼핑
소니 신사,서울특별시 강남구 선릉로 801 (신사동),127.0388306297,37.5236325366,,A04,A0401,A04011000,2930744,38,쇼핑
소다,서울특별시 관악구 봉천로 209 (봉천동),126.9249974851,37.4905482278,,A04,A0401,A04011000,3305828,38,쇼핑
소다,"서울특별시 구로구 경인로 662 (신도림동, 디큐브시티)",126.8884169673,37.5089148857,,A04,A0401,A04011000,3306270,38,쇼핑
소다 2001아울렛중계,서울특별시 노원구 동일로204가길 46 (중계동),127.0679274101,37.6413416033,,A04,A0401,A04011000,3306130,38,쇼핑
소다 nc신구로,서울특별시 구로구 구로중앙로 152 (구로동),126.8827871414,37.5012129024,,A04,A0401,A04011000,3306582,38,쇼핑
소다 롯데서울역,서울특별시 중구 한강대로 405,126.9717664185,37.5545416306,,A04,A0401,A04011000,2913582,38,쇼핑
소다 현대가든파이브,"서울특별시 송파구 충민로 66, 2층",127.1249768726,37.4776672007,,A04,A0401,A04011000,2902369,38,쇼핑
소다_롯데가산점,서울특별시 금천구 벚꽃로278,126.8846459143,37.4795432303,,A04,A0401,A04011000,2894271,38,쇼핑
소다_현대가산점,"서울특별시 금천구 디지털로10길 9(가산동,현대시티아울렛 가산점)",126.8890705637,37.4776713039,,A04,A0401,A04011000,2894624,38,쇼핑
소다_현대동대문점,"서울특별시 중구 장충단로13길20,3층(을지로6가,현대시티타워)",127.0076821872,37.5687878415,,A04,A0401,A04011000,2894140,38,쇼핑
소다현대무역점,서울특별시 강남구 테헤란로 517,127.0597791462,37.5086679839,,A04,A0401,A04011000,2917558,38,쇼핑
소수책방,서울특별시 중구 다산로20길 26,127.0135375467,37.5568643327,,A04,A0401,A04011200,2989636,38,쇼핑
소이 nc신구로,서울특별시 구로구 구로중앙로 152 (구로동),126.8827871414,37.5012129024,,A04,A0401,A04011000,3307596,38,쇼핑
소피의가게,서울특별시 중구 장충단로13길 20 (을지로6가),127.0076821872,37.5687878415,,A04,A0401,A04011000,3305863,38,쇼핑
손놀림공방,서울특별시 종로구 낙산성곽서1길 19-1 (이화동),127.0079541244,37.5779590034,,A04,A0401,A04010700,2946109,38,쇼핑
손뜨개 디자인 스튜디오 단주,서울특별시 종로구 삼청로 65-4 (팔판동),126.9809120374,37.5817330786,,A04,A0401,A04010700,3028115,38,쇼핑
솔브 건대,서울특별시 광진구 능동로 115 화양동 1층,127.0710494145,37.5414060518,,A04,A0401,A04011000,2910516,38,쇼핑
솔브 코엑스,"서울특별시 강남구 테헤란로87길 22 (삼성동, 도심공하몰 R110)",127.0594569246,37.5096845267,,A04,A0401,A04011000,2916626,38,쇼핑
송화벽화시장,서울특별시 강서구 내발산동,126.8357150763,37.5494536785,,A04,A0401,A04010200,2741624,38,쇼핑
쇼군 논현,서울특별시 강남구 논현로 610,127.0339176204,37.5083592221,,A04,A0401,A04011000,2911598,38,쇼핑
쇼메 롯데에비뉴엘점,서울특별시 중구 남대문로 73 3층,126.9816707967,37.5642573461,,A04,A0401,A04011000,2929311,38,쇼핑
쇼메 신세계강남,서울특별시 서초구 신반포로 176,127.0035815712,37.5056062193,,A04,A0401,A04011000,2925569,38,쇼핑
쇼콜라,"서울특별시 구로구 경인로 662 (신도림동, 디큐브시티)",126.8884169673,37.5089148857,,A04,A0401,A04011000,3305400,38,쇼핑
쇼콜라 nc신구로,서울특별시 구로구 구로중앙로 152 (구로동),126.8827871414,37.5012129024,,A04,A0401,A04011000,3306832,38,쇼핑
쇼파드 갤러리아 EAST,서울특별시 강남구 압구정로 407,127.0418357887,37.5279681978,,A04,A0401,A04011000,2924009,38,쇼핑
쇼파드 롯데 에비뉴엘,서울특별시 중구 남대문로 73 2층,126.9816707967,37.5642573461,,A04,A0401,A04011000,2924011,38,쇼핑
쇼파드 롯데 잠실,서울특별시 송파구 올림픽로 240,127.0976311526,37.5123821225,,A04,A0401,A04011000,2924015,38,쇼핑
쇼파드 신세계 강남,서울특별시 서초구 신반포로 176,127.0035815712,37.5056062193,,A04,A0401,A04011000,2927061,38,쇼핑
수유시장,서울특별시 강북구 도봉로67길 18 (수유동),127.0232678952,37.6307392541,,A04,A0401,A04010200,2741592,38,쇼핑
수유중앙시장,서울특별시 강북구 노해로17길 21 (수유동),127.0212566863,37.6406214014,,A04,A0401,A04010200,2741594,38,쇼핑
수정약국,서울특별시 중구 장충단로 195 1층,127.0063269374,37.5623468994,,A04,A0401,A04011000,2907792,38,쇼핑
수트서플라이 경리단길점,서울특별시 용산구 회나무로 89,126.9962867866,37.5411047430,,A04,A0401,A04011000,2903045,38,쇼핑
수트서플라이 청담점,서울특별시 강남구 선릉로162길 49,127.0446161392,37.5262545579,,A04,A0401,A04011000,2929320,38,쇼핑
수협 강서수산시장,서울특별시 강서구 강서도매시장로 130 (외발산동),126.8187637496,37.5528418715,,A04,A0401,A04010200,3520691,38,쇼핑
숨,서울특별시 관악구 봉천로 209 (봉천동),126.9249974851,37.4905482278,,A04,A0401,A04011000,3307756,38,쇼핑
숭례문(남대문) 수입상가,서울특별시 중구 남대문시장4길 21 (남창동),126.9776685255,37.5592411902,02-779-2951,A04,A0401,A04010600,1013079,38,쇼핑
숭인시장,서울특별시 강북구 도봉로 45 (미아동),127.0298594613,37.6131469738,,A04,A0401,A04010200,2741591,38,쇼핑
숭인약국,서울특별시 강북구 도봉로 59,127.0296900003,37.6142662848,,A04,A0401,A04011000,2905326,38,쇼핑
숲,서울특별시 금천구 벚꽃로 278 (가산동),126.8846459143,37.4795432303,,A04,A0401,A04011000,3307048,38,쇼핑
숲,서울특별시 관악구 봉천로 209 (봉천동),126.9249974851,37.4905482278,,A04,A0401,A04011000,3307540,38,쇼핑
숲(SOUP),서울특별시 영등포구 영중로 9 (영등포동4가),126.9055901684,37.5172308925,,A04,A0401,A04011000,3307153,38,쇼핑
쉬즈미스,서울특별시 중구 장충단로13길 20,127.0076821872,37.5687878415,,A04,A0401,A04011000,2929883,38,쇼핑
쉬즈미스,서울특별시 금천구 디지털로 185 (가산동),126.8872262708,37.4782600918,,A04,A0401,A04011000,3305711,38,쇼핑
쉬즈미스,서울특별시 강북구 도봉로 62 (미아동),127.0305315802,37.6146468109,,A04,A0401,A04011000,3305734,38,쇼핑
쉬즈미스,서울특별시 금천구 벚꽃로 278 (가산동),126.8846459143,37.4795432303,,A04,A0401,A04011000,3306828,38,쇼핑
쉬즈미스 2001아울렛 중계,서울특별시 노원구 동일로204가길 46 (중계동),127.0679274101,37.6413416033,,A04,A0401,A04011000,3306002,38,쇼핑
쉬즈미스 nc신구로,서울특별시 구로구 구로중앙로 152 (구로동),126.8827871414,37.5012129024,,A04,A0401,A04011000,3305776,38,쇼핑
쉬즈미스 선릉,"서울특별시 강남구 테헤란로 419, 1층",127.0521965812,37.5059237221,,A04,A0401,A04011000,2928679,38,쇼핑
쉬즈미스 타임스퀘어,서울특별시 영등포구 영중로 15 (영등포동4가),126.9053818370,37.5178335971,,A04,A0401,A04011000,3307305,38,쇼핑
쉬즈미스 현대아울렛 가산점,서울특별시 금천구 디지털로10길 9,126.8890705637,37.4776713039,,A04,A0401,A04011000,2900741,38,쇼핑
슈마커플러스 명동점,서울특별시 중구 명동길 26 (명동2가),126.9837650716,37.5635046937,,A04,A0401,A04011000,3307708,38,쇼핑
슈펜키즈 nc신구로,서울특별시 구로구 구로중앙로 152 (구로동),126.8827871414,37.5012129024,,A04,A0401,A04011000,3305977,38,쇼핑
슈필러 롯데팩토리가산,서울특별시 금천구 벚꽃로 278 (가산동),126.8846459143,37.4795432303,,A04,A0401,A04011000,3306271,38,쇼핑
스노우성형외과,서울특별시 강남구 테헤란로110 6층,127.0293988774,37.4981186631,,A04,A0401,A04011000,2916622,38,쇼핑
스노우피크,서울특별시 금천구 디지털로10길 9 (가산동),126.8890705637,37.4776713039,,A04,A0401,A04011000,3305290,38,쇼핑
스노우피크 목동,서울특별시 양천구 공항대로 602,126.8715174314,37.5471601398,,A04,A0401,A04011000,2913177,38,쇼핑
스노우피크 현대가산,서울특별시 금천구 디지털로 10길 9,126.8890705637,37.4776713039,,A04,A0401,A04011000,2916217,38,쇼핑
스마트프렌즈 강남역지하쇼핑센터,서울특별시 강남구 강남대로 396,127.0283239716,37.4982186324,,A04,A0401,A04011000,3305871,38,쇼핑
스와로브스키,서울특별시 강북구 도봉로 62 (미아동),127.0305315802,37.6146468109,,A04,A0401,A04011000,3305609,38,쇼핑
스와로브스키 타임스퀘어,서울특별시 영등포구 영중로 15 (영등포동4가) 타임스퀘어,126.9053818370,37.5178335971,,A04,A0401,A04011000,2927456,38,쇼핑
스와로브스키 현대무역점,서울특별시 강남구 테헤란로 517 2층,127.0597791462,37.5086679839,,A04,A0401,A04011000,2918467,38,쇼핑
스와치 IFC몰,서울특별시 영등포구 국제금융로 10,126.9266241202,37.5258580443,,A04,A0401,A04011000,2914265,38,쇼핑
스컬프 서교,"서울특별시 마포구 양화로8길 16-16(서교동,영신빌딩)",126.9156466701,37.5497050770,,A04,A0401,A04011000,2931714,38,쇼핑
스케쳐스,서울특별시 용산구 한강대로 405 (동자동),126.9717469660,37.5548915897,,A04,A0401,A04011000,3306281,38,쇼핑
스케쳐스,"서울특별시 구로구 경인로 662 (신도림동, 디큐브시티)",126.8884169673,37.5089148857,,A04,A0401,A04011000,3307647,38,쇼핑
스케쳐스,서울특별시 영등포구 영중로 9 (영등포동4가),126.9055901684,37.5172308925,,A04,A0401,A04011000,3307673,38,쇼핑
스케쳐스,서울특별시 성북구 동소문로 315 (길음동),127.0287930253,37.6084530555,,A04,A0401,A04011000,3307725,38,쇼핑
스케쳐스 IFC몰,서울특별시 영등포구 국제금융로 10,126.9266241202,37.5258580443,,A04,A0401,A04011000,2911781,38,쇼핑
스케쳐스 nc신구로,서울특별시 구로구 구로중앙로 152 (구로동),126.8827871414,37.5012129024,,A04,A0401,A04011000,3306381,38,쇼핑
스케쳐스 두타,서울특별시 중구 장충단로 275,127.0088293006,37.5689100708,,A04,A0401,A04011000,2930604,38,쇼핑
스케쳐스 롯데팩토리가산,"서울특별시 금천구 벚꽃로 278,2층(가산동,롯데쇼핑 팩토리 아울렛 가산점)",126.8846459143,37.4795432303,,A04,A0401,A04011000,2914052,38,쇼핑
스케쳐스 현대동대문,"서울특별시 중구 장충단로13길 20, 5층 (을지로6가, 현대시티타워)",127.0076821872,37.5687878415,,A04,A0401,A04011000,2916352,38,쇼핑
스케쳐스건대스타시티,서울특별시 광진구 능동로 92,127.0712300203,37.5390535504,,A04,A0401,A04011000,2923995,38,쇼핑
스케쳐스키즈 nc신구로,서울특별시 구로구 구로중앙로 152 (구로동),126.8827871414,37.5012129024,,A04,A0401,A04011000,3306138,38,쇼핑
스킨밴드 스타필드 코엑스몰점,서울특별시 강남구 영동대로 513,127.0592179950,37.5119175967,,A04,A0401,A04011000,2925606,38,쇼핑
스타몽뜨레,"서울특별시 구로구 경인로 662 (신도림동, 디큐브시티)",126.8884169673,37.5089148857,,A04,A0401,A04011000,3306825,38,쇼핑
스타일난다 가로수,서울특별시 강남구 압구정로8길 22,127.0222460654,37.5223212798,,A04,A0401,A04011000,2930904,38,쇼핑
스타일난다 홍대,서울특별시 마포구 와우산로29다길 23 (서교동),126.9275232249,37.5546630461,,A04,A0401,A04011000,2916228,38,쇼핑
스타일난다플래그쉽스토어 명동,서울특별시 중구 명동8길 37-8,126.9853121957,37.5619882302,,A04,A0401,A04011000,3307510,38,쇼핑
스타일노리터 현대가든파이브,"서울특별시 송파구 충민로 66, 4층",127.1249768726,37.4776672007,,A04,A0401,A04011000,2931858,38,쇼핑
스타일노리터 현대동대문,"서울특별시 중구 장충단로13길 20, 8층",127.0076821872,37.5687878415,,A04,A0401,A04011000,2924443,38,쇼핑
스타일러스,서울특별시 강북구 도봉로 62 (미아동),127.0305315802,37.6146468109,,A04,A0401,A04011000,3306951,38,쇼핑
스타일러스 현대가든파이브,서울특별시 송파구 충민로66 1층,127.1249768726,37.4776672007,,A04,A0401,A04011000,2924596,38,쇼핑
스타필드 코엑스몰,서울특별시 강남구 영동대로 513 (삼성동),127.0592179950,37.5119175967,02-6002-5300,A04,A0401,A04010600,1984944,38,쇼핑
스탠다드안경원,서울특별시 서초구 동작대로 134 (방배동),126.9826672898,37.4885578240,,A04,A0401,A04011000,3306128,38,쇼핑
스테이지35 성수,서울특별시 성동구 연무장길 35 (성수동2가),127.0534981848,37.5431610875,,A04,A0401,A04011200,3498014,38,쇼핑
스테이피플 파르나스몰,서울특별시 강남구 테헤란로 521,127.0608234799,37.5092457134,,A04,A0401,A04011000,2906409,38,쇼핑
스토리 (Stori),서울특별시 강서구 허준로 217,126.8627595100,37.5609028297,02-735-7101,A04,A0401,A04010600,1020938,38,쇼핑
스톤아일랜드현대무역점,서울특별시 강남구 테헤란로 517 7층,127.0597791462,37.5086679839,,A04,A0401,A04011000,2918380,38,쇼핑
스톤헨지 가든파이브 송파점,서울특별시 송파구 충민로 66,127.1249768726,37.4776672007,,A04,A0401,A04011000,2930408,38,쇼핑
스톤헨지 현대 목동점,서울특별시 양천구 목동동로257,126.8747288364,37.5263292843,,A04,A0401,A04011000,2924043,38,쇼핑
스톤헨지 현대 무역센터점,서울특별시 강남구 테헤란로 517,127.0597791462,37.5086679839,,A04,A0401,A04011000,2924051,38,쇼핑
스톤헨지 현대 미아점,서울특별시 성북구 동소문로 315,127.0287930253,37.6084530555,,A04,A0401,A04011000,2924147,38,쇼핑
스톤헨지 현대 신도림점,서울특별시 구로구 경인로 662,126.8884169673,37.5089148857,,A04,A0401,A04011000,2924149,38,쇼핑
스톤헨지 현대 신촌점,서울특별시 서대문구 신촌로 83,126.9358252045,37.5561435782,,A04,A0401,A04011000,2924041,38,쇼핑
스톤헨지현대무역점,서울특별시 강남구 테헤란로 517 2층,127.0597791462,37.5086679839,,A04,A0401,A04011000,2918465,38,쇼핑
스투시서울 압구정,"서울특별시 강남구 압구정로46길 42(신사동, 지하1층,지상1층)",127.0357836158,37.5260599776,,A04,A0401,A04011000,2911447,38,쇼핑
스튜디오 화이트,서울특별시 강북구 도봉로 62 (미아동),127.0305315802,37.6146468109,,A04,A0401,A04011000,3305610,38,쇼핑
스튜디오럭스,서울특별시 강북구 도봉로 62 (미아동),127.0305315802,37.6146468109,,A04,A0401,A04011000,3306964,38,쇼핑
스튜디오톰보이,서울특별시 영등포구 영중로 9 (영등포동4가),126.9055901684,37.5172308925,,A04,A0401,A04011000,3307147,38,쇼핑
스티븐웹스터 신라호텔,서울특별시 중구 동호로 249 신라호텔,127.0061409418,37.5588667447,,A04,A0401,A04011000,2915135,38,쇼핑
스파오 nc신구로,서울특별시 구로구 구로중앙로 152 (구로동),126.8827871414,37.5012129024,,A04,A0401,A04011000,3305712,38,쇼핑
스파오 합정점,서울특별시 마포구 양화로 45,126.9136829551,37.5498911308,,A04,A0401,A04011000,2926876,38,쇼핑
스파오키즈 2001아울렛 중계,서울특별시 노원구 동일로204가길 46 (중계동),127.0679274101,37.6413416033,,A04,A0401,A04011000,3305437,38,쇼핑
스파이더 강남논현,서울특별시 서초구 강남대로 509,127.0225047891,37.5076979825,,A04,A0401,A04011000,2930808,38,쇼핑
스파이더 압구정,"서울특별시 강남구 선릉로157길 15,1층",127.0385333688,37.5259544834,,A04,A0401,A04011000,2930958,38,쇼핑
스퍼 타임스퀘어,서울특별시 영등포구 영중로 15 B1층,126.9053818370,37.5178335971,,A04,A0401,A04011000,2922923,38,쇼핑
스페이스 도산,서울특별시 강남구 압구정로46길 38 (신사동),127.0358919354,37.5262099619,,A04,A0401,A04010600,3468496,38,쇼핑
스페이스눌 월드타워점,서울특별시 송파구 올림픽로 300¸ 5층,127.1040749597,37.5141653654,,A04,A0401,A04011000,2924554,38,쇼핑
스펙터 잠실,"서울특별시 송파구 올림픽로 240, 5층(잠실동, 롯데월드)",127.0976311526,37.5123821225,,A04,A0401,A04011000,2923931,38,쇼핑
스포라도 아디다스 롯데미아,"서울특별시 강북구 도봉로 62, 5층(미아동, 롯데백화점 미아점)",127.0305315802,37.6146468109,,A04,A0401,A04011000,2910074,38,쇼핑
슬로기,서울특별시 송파구 올림픽로 300¸ 1층,127.1040749597,37.5141653654,,A04,A0401,A04011000,3306956,38,쇼핑
슬로우베드,서울특별시 중구 장충단로13길 20 (을지로6가)2층,127.0076821872,37.5687878415,,A04,A0401,A04011000,3307477,38,쇼핑
슬로우스테디클럽 삼청,서울특별시 종로구 율곡로 84,126.9884698121,37.5771476366,,A04,A0401,A04011000,3306440,38,쇼핑
슬로우파마씨,서울특별시 성동구 아차산로11가길 26 (성수동2가),127.0630222462,37.5456665230,,A04,A0401,A04011200,3060917,38,쇼핑
슬립앤슬립,서울특별시 중구 장충단로13길 20 (을지로6가)2층,127.0076821872,37.5687878415,,A04,A0401,A04011000,3306585,38,쇼핑
승진완구,서울특별시 종로구 종로52길 30,127.0141843007,37.5713154428,02-747-1900,A04,A0401,A04010600,1304880,38,쇼핑
시리즈,"서울특별시 구로구 경인로 662 (신도림동, 디큐브시티)",126.8884169673,37.5089148857,,A04,A0401,A04011000,3306049,38,쇼핑
시리즈건대스타시티,서울특별시 광진구 능동로 92,127.0712300203,37.5390535504,,A04,A0401,A04011000,2924010,38,쇼핑
시리즈코너,서울특별시 용산구 이태원로244,127.0005170866,37.5365331277,,A04,A0401,A04011000,2928662,38,쇼핑
시스막스,서울특별시 관악구 봉천로 209 (봉천동),126.9249974851,37.4905482278,,A04,A0401,A04011000,3307196,38,쇼핑
시스템,서울특별시 중구 장충단로13길 20 (을지로6가),127.0076821872,37.5687878415,,A04,A0401,A04011000,3306434,38,쇼핑
시스템,서울특별시 영등포구 영중로 9 (영등포동4가),126.9055901684,37.5172308925,,A04,A0401,A04011000,3307138,38,쇼핑
시스템,서울특별시 용산구 한강대로 405 (동자동),126.9717469660,37.5548915897,,A04,A0401,A04011000,3307472,38,쇼핑
시스템옴므,"서울특별시 구로구 경인로 662 (신도림동, 디큐브시티)",126.8884169673,37.5089148857,,A04,A0401,A04011000,3307286,38,쇼핑
시슬리,서울특별시 중구 장충단로13길 20 (을지로6가),127.0076821872,37.5687878415,,A04,A0401,A04011000,3305411,38,쇼핑
시슬리,서울특별시 영등포구 영중로 9 (영등포동4가),126.9055901684,37.5172308925,,A04,A0401,A04011000,3305727,38,쇼핑
시슬리,서울특별시 금천구 디지털로10길 9 (가산동),126.8890705637,37.4776713039,,A04,A0401,A04011000,3305827,38,쇼핑
시슬리,서울특별시 관악구 봉천로 209 (봉천동),126.9249974851,37.4905482278,,A04,A0401,A04011000,3306837,38,쇼핑
시슬리 2001아울렛 중계,서울특별시 노원구 동일로204가길 46 (중계동),127.0679274101,37.6413416033,,A04,A0401,A04011000,3306140,38,쇼핑
시슬리 nc신구로,서울특별시 구로구 구로중앙로 152 (구로동),126.8827871414,37.5012129024,,A04,A0401,A04011000,3305500,38,쇼핑
시슬리 롯데아울렛 서울역점,서울특별시 중구 한강대로 405,126.9717664185,37.5545416306,,A04,A0401,A04011000,2916220,38,쇼핑
시슬리 롯데팩토리 가산,서울특별시 금천구 벚꽃로 278 (가산동),126.8846459143,37.4795432303,,A04,A0401,A04011000,3307658,38,쇼핑
시슬리 현대가든파이브,"서울특별시 송파구 충민로 66, 2층",127.1249768726,37.4776672007,,A04,A0401,A04011000,2910172,38,쇼핑
시슬리코스메틱,서울특별시 영등포구 영중로 9 (영등포동4가),126.9055901684,37.5172308925,,A04,A0401,A04011000,3306289,38,쇼핑
시우성형외과,서울특별시 강남구 봉은사로108 8층,127.0256073724,37.5045872884,,A04,A0401,A04011000,2916525,38,쇼핑
시코르,서울특별시 금천구 디지털로 185 (가산동),126.8872262708,37.4782600918,,A04,A0401,A04011000,3307655,38,쇼핑
시코르 nc신구로,서울특별시 구로구 구로중앙로 152 (구로동),126.8827871414,37.5012129024,,A04,A0401,A04011000,3307322,38,쇼핑
시코르 강남,서울특별시 서초구 강남대로 441(서초동),127.0252935910,37.5017876076,,A04,A0401,A04011000,2905875,38,쇼핑
시코르 용산아이파크,"서울특별시 용산구 한강대로23길 55, 3층(한강로3가, 아이파크몰 패션파크)",126.9647566449,37.5298249324,,A04,A0401,A04011000,3306348,38,쇼핑
시코르 타임스퀘어,"서울특별시 영등포구 영중로 15, 309호(영등포동4가, 주식회사 경방TIMES SQARE)",126.9053818370,37.5178335971,,A04,A0401,A04011000,2924102,38,쇼핑
신곡종합시장,서울특별시 양천구 남부순환로79길 37,126.8432208189,37.5184268634,,A04,A0401,A04010200,2760228,38,쇼핑
신논현비비약국,서울특별시 강남구 강남대로 476 (논현동),127.0248046573,37.5049622305,,A04,A0401,A04011000,3307612,38,쇼핑
신디 nc신구로,서울특별시 구로구 구로중앙로 152 (구로동),126.8827871414,37.5012129024,,A04,A0401,A04011000,3307114,38,쇼핑
신디키즈 nc신구로,서울특별시 구로구 구로중앙로 152 (구로동),126.8827871414,37.5012129024,,A04,A0401,A04011000,3306587,38,쇼핑
신라면세점 서울점,서울특별시 중구 동호로 249 (장충동2가),127.0061409418,37.5588667447,,A04,A0401,A04010400,132531,38,쇼핑
신라아이파크면세점,서울특별시 용산구 한강대로23길 55 (한강로3가),126.9647566449,37.5298249324,,A04,A0401,A04010400,2359162,38,쇼핑
신사상가,서울특별시 강남구 압구정로29길 72-1,127.0284174418,37.5323396711,,A04,A0401,A04010200,2752555,38,쇼핑
신사수약국,"서울특별시 강남구 압구정로28길 28(신사동,1층)",127.0275288475,37.5248266391,,A04,A0401,A04011000,2893688,38,쇼핑
신성종합시장,서울특별시 광진구 용마산로 50 (중곡동),127.0880668343,37.5581349705,,A04,A0401,A04010200,2774440,38,쇼핑
신세계백화점 강남,서울특별시 서초구 신반포로 176 (반포동),127.0035815712,37.5056062193,,A04,A0401,A04011000,2925799,38,쇼핑
신세계백화점 맥,서울특별시 영등포구 영중로9 신세계백화점 1층,126.9055901684,37.5172308925,,A04,A0401,A04011000,2926684,38,쇼핑
신세계백화점 본점,서울특별시 중구 소공로 63,126.9808542989,37.5609271625,1588-1234,A04,A0401,A04010300,132642,38,쇼핑
신세계백화점 본점,서울특별시 중구 소공로 63 (충무로1가),126.9810181709,37.5609966018,,A04,A0401,A04011000,2929374,38,쇼핑
신세계백화점 영등포,서울특별시 영등포구 영중로 9 (영등포동4가) 신세계백화점,126.9055901684,37.5172308925,,A04,A0401,A04011000,2905125,38,쇼핑
신세계팩토리 강남,서울특별시 서초구 신반포로 194,127.0055841495,37.5062061855,,A04,A0401,A04011000,2911417,38,쇼핑
신세계팩토리스토어,서울특별시 영등포구 영중로 9 (영등포동4가),126.9055901684,37.5172308925,,A04,A0401,A04011000,3307304,38,쇼핑
신영시장(서울),서울특별시 양천구 월정로 161-5,126.8360432845,37.5330778105,,A04,A0401,A04010200,2611323,38,쇼핑
신원시장,서울특별시 관악구 신림동,126.9271141837,37.4825519718,,A04,A0401,A04010200,2753920,38,쇼핑
신응암시장,서울특별시 은평구 응암동 427-1,126.9188673394,37.5942805076,,A04,A0401,A04010200,2745621,38,쇼핑
신창시장,서울특별시 도봉구 덕릉로57길 17 (창동),127.0374719063,37.6394884919,,A04,A0401,A04010200,2751420,38,쇼핑
신평화패션타운,서울특별시 중구 청계천로 298,127.0111124093,37.5695100419,,A04,A0401,A04010600,2762844,38,쇼핑
실리트,서울특별시 중구 장충단로13길 20 (을지로6가),127.0076821872,37.5687878415,,A04,A0401,A04011000,3305836,38,쇼핑
"심리편집샵, 서로",서울특별시 영등포구 양평로22길 4 (양평동4가),126.8943739341,37.5381810356,,A04,A0401,A04010600,3097631,38,쇼핑
쌤소나이트,서울특별시 관악구 봉천로 209 (봉천동),126.9249974851,37.4905482278,,A04,A0401,A04011000,3307592,38,쇼핑
쌤소나이트 롯데 서울역점,서울특별시 중구 한강대로 405 2층,126.9717664185,37.5545416306,,A04,A0401,A04011000,2915870,38,쇼핑
써스데이아일랜드,서울특별시 금천구 디지털로 185 (가산동),126.8872262708,37.4782600918,,A04,A0401,A04011000,3306062,38,쇼핑
써스데이아일랜드,서울특별시 영등포구 영중로 9 (영등포동4가),126.9055901684,37.5172308925,,A04,A0401,A04011000,3306790,38,쇼핑
쏠리드옴므 현대가든파이브,"서울특별시 송파구 충민로 66, 4층",127.1249768726,37.4776672007,,A04,A0401,A04011000,2903446,38,쇼핑
씨,서울특별시 관악구 봉천로 209 (봉천동),126.9249974851,37.4905482278,,A04,A0401,A04011000,3306350,38,쇼핑
씨샵 홍대 플래그쉽,서울특별시 마포구 어울마당로 50 (서교동),126.9210767364,37.5494968650,,A04,A0401,A04011000,3305433,38,쇼핑
씨샵플래그쉽 압구정,서울특별시 강남구 신사동 653-3,127.0377668070,37.5247157249,,A04,A0401,A04011000,2900887,38,쇼핑
씨케이글로벌네트,서울특별시 은평구 증산로 379,126.9129541042,37.5902530925,,A04,A0401,A04011000,3305419,38,쇼핑
씰리침대,서울특별시 중구 장충단로13길 20 (을지로6가),127.0076821872,37.5687878415,,A04,A0401,A04011000,3307474,38,쇼핑
아가방,서울특별시 구로구 구로중앙로 152 (구로동),126.8827871414,37.5012129024,,A04,A0401,A04011000,3307509,38,쇼핑
아가방플렉스,서울특별시 성북구 동소문로 315 (길음동),127.0287930253,37.6084530555,,A04,A0401,A04011000,3306511,38,쇼핑
아가방플렉스,"서울특별시 구로구 경인로 662 (신도림동, 디큐브시티)",126.8884169673,37.5089148857,,A04,A0401,A04011000,3307069,38,쇼핑
아그네스,서울특별시 관악구 봉천로 209 (봉천동),126.9249974851,37.4905482278,,A04,A0401,A04011000,3306176,38,쇼핑
아더 성수 스페이스,서울특별시 성동구 성수이로 82 (성수동2가),127.0565618190,37.5423140190,,A04,A0401,A04011200,3085312,38,쇼핑
아디다스,서울특별시 강남구 도곡로401,127.0534550587,37.4967859168,,A04,A0401,A04011000,2923641,38,쇼핑
아디다스,서울특별시 성북구 동소문로 315 (길음동),127.0287930253,37.6084530555,,A04,A0401,A04011000,3305919,38,쇼핑
아디다스,"서울특별시 구로구 경인로 662 (신도림동, 디큐브시티)",126.8884169673,37.5089148857,,A04,A0401,A04011000,3306910,38,쇼핑
아디다스 NC불광점,서울특별시 은평구 불광로20,126.9289354269,37.6097677758,,A04,A0401,A04011000,2930050,38,쇼핑
아디다스 강남브랜드센터,서울특별시 강남구 강남대로 470,127.0250713153,37.5044011894,,A04,A0401,A04011000,2895301,38,쇼핑
아디다스 건대스타시티,서울특별시 광진구 능동로 92,127.0712300203,37.5390535504,,A04,A0401,A04011000,2901662,38,쇼핑
아디다스 두타,서울특별시 중구 장충단로 275,127.0088293006,37.5689100708,,A04,A0401,A04011000,2903318,38,쇼핑
아디다스 롯데 청량리점,서울특별시 동대문구 왕산로 214 6층,127.0474754499,37.5805510796,,A04,A0401,A04011000,2922644,38,쇼핑
아디다스 롯데월드몰,서울특별시 송파구 올림픽로 300 3층,127.1040749597,37.5141653654,,A04,A0401,A04011000,2924659,38,쇼핑
아디다스 스타필드 코엑스몰점,서울특별시 강남구 영동대로 513,127.0592179950,37.5119175967,,A04,A0401,A04011000,2924788,38,쇼핑
아디다스 아이에프씨몰,서울특별시 영등포구 국제금융로 10 2층,126.9266241202,37.5258580443,,A04,A0401,A04011000,2915437,38,쇼핑
아디다스 현대가든파이브,서울특별시 송파구 충민로66 3층,127.1249768726,37.4776672007,,A04,A0401,A04011000,2924563,38,쇼핑
아디다스골프,서울특별시 영등포구 영중로 9 (영등포동4가),126.9055901684,37.5172308925,,A04,A0401,A04011000,3305614,38,쇼핑
아디다스골프,"서울특별시 구로구 경인로 662 (신도림동, 디큐브시티)",126.8884169673,37.5089148857,,A04,A0401,A04011000,3306239,38,쇼핑
아디다스골프,서울특별시 관악구 봉천로 209 (봉천동),126.9249974851,37.4905482278,,A04,A0401,A04011000,3306267,38,쇼핑
아디다스골프,서울특별시 성북구 길음동 20-1,127.0287930253,37.6084530555,,A04,A0401,A04011000,3307441,38,쇼핑
아디다스골프 nc신구로,서울특별시 구로구 구로중앙로 152 (구로동),126.8827871414,37.5012129024,,A04,A0401,A04011000,3305363,38,쇼핑
아디다스골프 마리오아울렛,서울특별시 금천구 디지털로 185 (가산동),126.8872262708,37.4782600918,,A04,A0401,A04011000,3305562,38,쇼핑
아디다스오리지널 롯데월드몰,서울특별시 송파구 올림픽로 300 3층,127.1040749597,37.5141653654,,A04,A0401,A04011000,2924653,38,쇼핑
아디다스오리지널 명동점,서울특별시 중구 명동8나길 20,126.9839234454,37.5615632550,,A04,A0401,A04011000,2909858,38,쇼핑
아디다스오리지널 스타필드 코엑스점,서울특별시 강남구 영동대로 513,127.0592179950,37.5119175967,,A04,A0401,A04011000,2924789,38,쇼핑
아디다스키즈 2001아울렛 중계,서울특별시 노원구 동일로204가길 46 (중계동),127.0679274101,37.6413416033,,A04,A0401,A04011000,3306717,38,쇼핑
아디다스현대무역점,서울특별시 강남구 테헤란로 517 6층,127.0597791462,37.5086679839,,A04,A0401,A04011000,2918002,38,쇼핑
아레나,서울특별시 영등포구 영중로 9 (영등포동4가),126.9055901684,37.5172308925,,A04,A0401,A04011000,3305634,38,쇼핑
아레나,"서울특별시 구로구 경인로 662 (신도림동, 디큐브시티)",126.8884169673,37.5089148857,,A04,A0401,A04011000,3306816,38,쇼핑
아레나 현대가든파이브,"서울특별시 송파구 충민로 66, 3층",127.1249768726,37.4776672007,,A04,A0401,A04011000,2915906,38,쇼핑
아로마티카 제로스테이션,서울특별시 강남구 도산대로1길 62,127.0194435862,37.5207880742,,A04,A0401,A04010600,2718221,38,쇼핑
아리따움 경희대,"서울특별시 동대문구 경희대로 22(회기동,1층)",127.0528856998,37.5934996719,,A04,A0401,A04011000,2902520,38,쇼핑
아리따움 구로디지털단지역,서울특별시 구로구 구로동 시흥대로 563(구로동 1층),126.9014387196,37.4834430772,,A04,A0401,A04011000,2906272,38,쇼핑
아리따움 구로연지곤지,서울특별시 구로구 구로동 313-3번지,126.8911422541,37.4898949215,,A04,A0401,A04011000,2931124,38,쇼핑
아리따움 영등포구청,서울특별시 영등포구 당산동3가 243,126.8969018267,37.5259075069,,A04,A0401,A04011000,2910328,38,쇼핑
아리따움 외대역,서울특별시 동대문구 휘경로 25 (이문동),127.0627541872,37.5955190595,,A04,A0401,A04011000,2903642,38,쇼핑
아리따움 이수,"서울특별시 동작구 동작대로29길 25 (사당동,홍일피아노학원) 1층",126.9805536083,37.4880356247,,A04,A0401,A04011000,2909448,38,쇼핑
아리랑331 두타,서울특별시 중구 장충단로 275,127.0088293006,37.5689100708,,A04,A0401,A04011000,2904651,38,쇼핑
아메리칸투어리스터,서울특별시 중구 장충단로13길 20 (을지로6가),127.0076821872,37.5687878415,,A04,A0401,A04011000,3305758,38,쇼핑
아메리칸투어리스트 현대아울렛 동대문점,서울특별시 중구 장충단로13길 20,127.0076821872,37.5687878415,,A04,A0401,A04011000,2929830,38,쇼핑
아베다,서울특별시 영등포구 영중로 9 (영등포동4가),126.9055901684,37.5172308925,,A04,A0401,A04011000,3305568,38,쇼핑
아베스포츠 답십리,서울특별시 동대문구 답십리로 209,127.0635853065,37.5730550183,,A04,A0401,A04011000,2926709,38,쇼핑
아베스포츠 삼성,서울특별시 강남구 삼성로 554,127.0547212023,37.5111814904,,A04,A0401,A04011000,2913191,38,쇼핑
아베크성형외과,서울특별시 서초구 강남대로 557 (잠원동),127.0206548473,37.5115947192,,A04,A0401,A04011000,3305918,38,쇼핑
아셈안경 코엑스,"서울특별시 강남구 테헤란로87길 22(삼성동,도심공항몰Q107)",127.0594569246,37.5096845267,,A04,A0401,A04011000,2930712,38,쇼핑
아식스 강남,서울특별시 서초구 강남대로 517(반포동),127.0223103495,37.5081618141,,A04,A0401,A04011000,2904475,38,쇼핑
아식스 두타,"서울특별시 중구 장충단로 275, B1층 23호",127.0088293006,37.5689100708,,A04,A0401,A04011000,2906506,38,쇼핑
아신,서울특별시 종로구 인사동길 50-1 1층,126.9843369268,37.5746200783,,A04,A0401,A04011000,2893955,38,쇼핑
아웃스탠딩 건대커먼그라운드,"서울특별시 광진구 아차산로 200, MH동 1층",127.0656360164,37.5414781682,,A04,A0401,A04011000,2923088,38,쇼핑
아이갤러리안경원 삼성,서울특별시 강남구 삼성로 626,127.0522879636,37.5156642598,,A04,A0401,A04011000,2912385,38,쇼핑
아이닥안경,서울특별시 중구 명동3길 6,126.9836150743,37.5638935340,,A04,A0401,A04010600,984588,38,쇼핑
아이더,서울특별시 구로구 구로중앙로 152 (구로동),126.8827871414,37.5012129024,,A04,A0401,A04011000,3305999,38,쇼핑
아이더,"서울특별시 구로구 경인로 662 (신도림동, 디큐브시티)",126.8884169673,37.5089148857,,A04,A0401,A04011000,3306036,38,쇼핑
아이더 NC불광점,서울특별시 은평구 불광로20,126.9289354269,37.6097677758,,A04,A0401,A04011000,2930086,38,쇼핑
아이더 롯데서울역,서울특별시 용산구 한강대로 405,126.9717469660,37.5548915897,,A04,A0401,A04011000,2924042,38,쇼핑
아이더 롯데팩토리가산,서울특별시 금천구 벚꽃로278,126.8846459143,37.4795432303,,A04,A0401,A04011000,2906525,38,쇼핑
아이더 현대가산,서울특별시 금천구 디지털로 10길 9,126.8890705637,37.4776713039,,A04,A0401,A04011000,2903048,38,쇼핑
아이더 현대동대문,서울특별시 중구 장충단로13길 20,127.0076821872,37.5687878415,,A04,A0401,A04011000,2912532,38,쇼핑
아이더건대스타시티,서울특별시 광진구 능동로 92,127.0712300203,37.5390535504,,A04,A0401,A04011000,2923994,38,쇼핑
아이더블유씨 롯데에비뉴엘점,서울특별시 중구 남대문로 73 2층,126.9816707967,37.5642573461,,A04,A0401,A04011000,2912197,38,쇼핑
아이더블유씨 롯데월드타워점,서울특별시 송파구 올림픽로 300,127.1040749597,37.5141653654,,A04,A0401,A04011000,2924460,38,쇼핑
아이더블유씨 현대 본점,서울특별시 강남구 압구정로 165 2층,127.0274843337,37.5274180039,,A04,A0401,A04011000,2916063,38,쇼핑
아이덴티티 안암,"서울특별시 성북구 고려대로 92-1, 1층",127.0296241368,37.5862445409,,A04,A0401,A04011000,2902783,38,쇼핑
아이돌룩 홍대,"서울특별시 마포구 홍익로6길 74, 4층",126.9253011390,37.5570071783,,A04,A0401,A04011000,2910007,38,쇼핑
아이디어 압구정,서울특별시 강남구 선릉로153길 16,127.0382639762,37.5249795923,,A04,A0401,A04011000,2915745,38,쇼핑
아이디어안경 이대,서울특별시 마포구 신촌로 174 101호(대흥동),126.9450021345,37.5565353637,,A04,A0401,A04011000,2909642,38,쇼핑
아이러브강남의원,서울특별시 강남구 논현로 606 (논현동),127.0340065138,37.5079176082,,A04,A0401,A04011000,3305805,38,쇼핑
아이러브제이,서울특별시 영등포구 영중로 9 (영등포동4가),126.9055901684,37.5172308925,,A04,A0401,A04011000,3305946,38,쇼핑
아이러브제이,"서울특별시 구로구 경인로 662 (신도림동, 디큐브시티)",126.8884169673,37.5089148857,,A04,A0401,A04011000,3307037,38,쇼핑
아이러브제이,서울특별시 성북구 동소문로 315 (길음동),127.0287930253,37.6084530555,,A04,A0401,A04011000,3307318,38,쇼핑
아이리스안경 건대,서울특별시 광진구 아차산로 220,127.0676719647,37.5406866300,,A04,A0401,A04011000,2913915,38,쇼핑
아이리치,서울특별시 강남구 논현로 841 제이비 미소 빌딩,127.0279232756,37.5241156178,,A04,A0401,A04011000,3307301,38,쇼핑
아이리치 압구정,서울특별시 강남구 논현로 841 (신사동),127.0279232756,37.5241156178,,A04,A0401,A04011000,2930717,38,쇼핑
아이스크림 안경원,"서울특별시 강남구 강남대로84길 23 1층(역삼동, 한라클래식)",127.0304015905,37.4971826790,,A04,A0401,A04011000,2899729,38,쇼핑
아이약국,서울특별시 중구 명동8가길 20 (충무로2가),126.9861815687,37.5617077233,,A04,A0401,A04011000,3307150,38,쇼핑
아이온안경 한양대,"서울특별시 성동구 마조로 30, 101호 (행당동, 미진빌딩)",127.0415015674,37.5603449867,,A04,A0401,A04011000,2915113,38,쇼핑
아이원성형외과,"서울특별시 강남구 논현로 823, 4층(신사동, B&S빌딩)",127.0279566664,37.5219686454,,A04,A0401,A04011000,2903727,38,쇼핑
아이잗바바,서울특별시 금천구 벚꽃로 278 (가산동),126.8846459143,37.4795432303,,A04,A0401,A04011000,3305649,38,쇼핑
아이잗바바 현대가든파이브,서울특별시 송파구 충민로66 2층,127.1249768726,37.4776672007,,A04,A0401,A04011000,2924588,38,쇼핑
아이잗바바 현대가산,서울특별시 금천구 디지털로10길 9,126.8890705637,37.4776713039,,A04,A0401,A04011000,2927361,38,쇼핑
아이잗바바 현대동대문,서울특별시 중구 장충단로13길 20 (을지로6가),127.0076821872,37.5687878415,,A04,A0401,A04011000,2911602,38,쇼핑
아이잗컬렉션 현대가든파이브,"서울특별시 송파구 충민로 66, 2층",127.1249768726,37.4776672007,,A04,A0401,A04011000,2931303,38,쇼핑
아이잗컬렉션 현대가산,"서울특별시 금천구 디지털로10길 9, 3층",126.8890705637,37.4776713039,,A04,A0401,A04011000,2925677,38,쇼핑
아이잗컬렉션 현대동대문,서울특별시 중구 장충단로13길 20 (을지로6가) 3층,127.0076821872,37.5687878415,,A04,A0401,A04011000,2906510,38,쇼핑
아이죤안경,서울특별시 강서구 양천로 461,126.8522326303,37.5631023861,,A04,A0401,A04011000,3307465,38,쇼핑
아이토리아안경원,서울특별시 양천구 목동로25길 5,126.8633103935,37.5277205856,,A04,A0401,A04011000,3306337,38,쇼핑
아이파크몰 고척점,"서울특별시 구로구 경인로43길 49 (고척동, 고척아이파크)",126.8606503517,37.4982767377,,A04,A0401,A04010600,3428365,38,쇼핑
아이파크몰 용산점,서울특별시 용산구 한강대로23길 55,126.9648510800,37.5298527082,,A04,A0401,A04010600,688998,38,쇼핑
아이파크몰의원,서울특별시 용산구 한강대로23길 55,126.9647566449,37.5298249324,,A04,A0401,A04011000,2903811,38,쇼핑
아이핏성형외과,서울특별시 강남구 강남대로 596 (논현동),127.0203686636,37.5150748651,,A04,A0401,A04011000,3305852,38,쇼핑
아쿠아 디 파르마,서울특별시 영등포구 영중로 9 (영등포동4가),126.9055901684,37.5172308925,,A04,A0401,A04011000,3306106,38,쇼핑
아크레도 월드타워점,서울특별시 송파구 올림픽로 300¸ 2층,127.1040749597,37.5141653654,,A04,A0401,A04011000,2925531,38,쇼핑
아크메드라비 청담,서울특별시 강남구 선릉로152길 34,127.0424108402,37.5242991901,,A04,A0401,A04011000,2925747,38,쇼핑
아트리아,서울특별시 구로구 구로중앙로 152 (구로동),126.8827871414,37.5012129024,,A04,A0401,A04011000,3305781,38,쇼핑
아트박스 가로수,서울특별시 강남구 도산대로 139,127.0237266020,37.5182273377,,A04,A0401,A04011000,2905448,38,쇼핑
아트박스 가산,서울특별시 금천구 디지털로 193(가산동),126.8881261914,37.4781684518,,A04,A0401,A04011000,2925782,38,쇼핑
아트박스 건대스타시티,서울특별시 광진구 아차산로 262,127.0717216591,37.5384619613,,A04,A0401,A04011000,2923105,38,쇼핑
아트박스 대치,서울특별시 강남구 도곡로 454(대치동),127.0601266304,37.4983053051,,A04,A0401,A04011000,2930772,38,쇼핑
아트박스 대학로,서울특별시 종로구 대명길 22,127.0003824335,37.5835498840,,A04,A0401,A04011000,2906040,38,쇼핑
아트박스 서교,"서울특별시 마포구 홍익로 19, 101호,103호(서교동)",126.9226542413,37.5540713611,,A04,A0401,A04011000,2929687,38,쇼핑
아트박스 신촌,"서울특별시 서대문구 명물길 23 (창천동,1층)",126.9378805133,37.5582405933,,A04,A0401,A04011000,2905450,38,쇼핑
아트박스 연신내,서울특별시 은평구 연서로 215,126.9192749673,37.6178972124,,A04,A0401,A04011000,2906085,38,쇼핑
아트박스 영등포,서울특별시 영등포구 영중로 15,126.9053818370,37.5178335971,,A04,A0401,A04011000,2918642,38,쇼핑
아트박스 위례,서울특별시 송파구 위례광장로 230 (장지동),127.1441500596,37.4801089299,,A04,A0401,A04011000,2913321,38,쇼핑
아트박스 이대,"서울특별시 서대문구 이화여대길 7 (대현동,월성빌딩)",126.9456548321,37.5572880659,,A04,A0401,A04011000,2911182,38,쇼핑
아트박스 잠실새내점,서울특별시 송파구 석촌호수로 88 (잠실동),127.0866794798,37.5085573698,,A04,A0401,A04011000,3306465,38,쇼핑
아트박스 종로3가,서울특별시 종로구 종로3가 124,126.9915502845,37.5701568376,,A04,A0401,A04011000,2916526,38,쇼핑
아트박스 홍대점,서울특별시 마포구 홍익로6길 15 (동교동),126.9227264192,37.5554100956,,A04,A0401,A04011000,3307608,38,쇼핑
아트박스이대점,서울특별시 서대문구 이화여대길7,126.9456548321,37.5572880659,,A04,A0401,A04011000,2928842,38,쇼핑
아트코리아,서울특별시 종로구 자하문로 231,126.9632160596,37.5947562474,010-7377-5375,A04,A0401,A04010600,2497414,38,쇼핑
아틀리에성형외과의원,서울특별시 서초구 동광로 89 (방배동),126.9920801768,37.4937018400,,A04,A0401,A04011000,3306438,38,쇼핑
아티지 강남,서울특별시 강남구 언주로168길 7,127.0342365188,37.5266237734,,A04,A0401,A04011000,2922988,38,쇼핑
아프리카안경 파르나스몰,"서울특별시 강남구 테헤란로 521 (삼성동,파르나스몰점 지하1층)",127.0608234799,37.5092457134,,A04,A0401,A04011000,2924553,38,쇼핑
아프리카안경원_합정교보문고점,서울특별시 마포구 월드컵로1길 14,126.9120747621,37.5501021892,,A04,A0401,A04011000,2917375,38,쇼핑
아현시장,서울특별시 마포구 굴레방로9길 11-1 (아현동),126.9549928834,37.5567994008,,A04,A0401,A04010200,2751432,38,쇼핑
안경 압구정,서울특별시 강남구 압구정로18길 8 (신사동),127.0242930447,37.5243294168,,A04,A0401,A04011000,3306256,38,쇼핑
안경공장공장장콘택트,서울특별시 마포구 독막로 83,126.9226238603,37.5479804014,,A04,A0401,A04011000,2930119,38,쇼핑
안경과사람들,서울특별시 영등포구 양평로 104-2,126.8959738180,37.5371089665,,A04,A0401,A04011000,3306207,38,쇼핑
안경매니져남대문점,서울특별시 중구 남대문시장4길 2-1,126.9772296528,37.5600994160,,A04,A0401,A04011000,3306165,38,쇼핑
안경박사(구로디지털점),서울특별시 구로구 시흥대로 557,126.9010582098,37.4830403392,,A04,A0401,A04011000,2910397,38,쇼핑
안경선생님 종로,"서울특별시 종로구 종로 393-1(숭인동, 1층)",127.0209641350,37.5749623631,,A04,A0401,A04011000,2926788,38,쇼핑
안경진정성 코엑스점,서울특별시 강남구 테헤란로87길 46 (삼성동),127.0582208886,37.5110343480,,A04,A0401,A04011000,3305995,38,쇼핑
안경진정성이마트신촌점,서울특별시 마포구 신촌로 94 (노고산동),126.9360168847,37.5550492645,,A04,A0401,A04011000,3305576,38,쇼핑
안경진정성홍대점,서울특별시 마포구 독막로15길 13-5 (상수동),126.9219266909,37.5483775651,,A04,A0401,A04011000,3306265,38,쇼핑
안경창고싸군,서울특별시 양천구 신목로 85,126.8742650964,37.5225186079,,A04,A0401,A04011000,3306232,38,쇼핑
안다르,서울특별시 영등포구 영중로 9 (영등포동4가),126.9055901684,37.5172308925,,A04,A0401,A04011000,3307144,38,쇼핑
안지크,서울특별시 강북구 도봉로 62 (미아동),127.0305315802,37.6146468109,,A04,A0401,A04011000,3306263,38,쇼핑
알로,서울특별시 강북구 도봉로 62 (미아동),127.0305315802,37.6146468109,,A04,A0401,A04011000,3305539,38,쇼핑
알로안경가로수길점,서울특별시 강남구 압구정로8길 14 (신사동),127.0216738857,37.5226656739,,A04,A0401,A04011000,3305529,38,쇼핑
알토,서울특별시 강동구 구천면로189,127.1258944317,37.5410626358,,A04,A0401,A04011000,2927106,38,쇼핑
알토 2001아울렛 중계,서울특별시 노원구 동일로204가길 46 (중계동),127.0679274101,37.6413416033,,A04,A0401,A04011000,3305679,38,쇼핑
알토 nc신구로,서울특별시 구로구 구로중앙로 152 (구로동),126.8827871414,37.5012129024,,A04,A0401,A04011000,3305463,38,쇼핑
알파문구 남대문본점,서울특별시 중구 남대문로 6-2,126.9765019308,37.5604465848,,A04,A0401,A04011000,2902381,38,쇼핑
암사종합시장,서울특별시 강동구 상암로11길 25 (암사동),127.1288355503,37.5509115448,,A04,A0401,A04010200,2741602,38,쇼핑
압구정영약국 압구정,"서울특별시 강남구 압구정로28길 25, 1층(신사동)",127.0278538160,37.5248766392,,A04,A0401,A04011000,2911347,38,쇼핑
압구정온누리약국,"서울특별시 강남구 압구정로 164, 105호동(신사동,아세아빌딩)",127.0276621188,37.5265819931,,A04,A0401,A04011000,2917288,38,쇼핑
압구정톡스앤필의원,"서울특별시 강남구 논현로168길 18 (신사동, 동산빌딩 5층)",127.0296897900,37.5238184616,,A04,A0401,A04011000,2908531,38,쇼핑
압소바,서울특별시 성북구 동소문로 315 (길음동),127.0287930253,37.6084530555,,A04,A0401,A04011000,3306005,38,쇼핑
압소바,서울특별시 관악구 봉천로 209 (봉천동),126.9249974851,37.4905482278,,A04,A0401,A04011000,3307438,38,쇼핑
압소바,서울특별시 구로구 구로중앙로 152 (구로동),126.8827871414,37.5012129024,,A04,A0401,A04011000,3307584,38,쇼핑
앙팡스 현대가든파이브,서울특별시 송파구 충민로 66,127.1249768726,37.4776672007,,A04,A0401,A04011000,2929294,38,쇼핑
애니바디,서울특별시 구로구 구로중앙로 152 (구로동),126.8827871414,37.5012129024,,A04,A0401,A04011000,3307070,38,쇼핑
애플 가로수길점,서울특별시 강남구 가로수길 43,127.0226238483,37.5209325589,,A04,A0401,A04011000,2930410,38,쇼핑
앤드지,"서울특별시 구로구 경인로 662 (신도림동, 디큐브시티)",126.8884169673,37.5089148857,,A04,A0401,A04011000,3306862,38,쇼핑
앤드지,서울특별시 용산구 한강대로 405 (동자동),126.9717469660,37.5548915897,,A04,A0401,A04011000,3307627,38,쇼핑
앤드지 2001아울렛 중계,서울특별시 노원구 동일로204가길 46 (중계동),127.0679274101,37.6413416033,,A04,A0401,A04011000,3306522,38,쇼핑
앤드지 nc신구로,서울특별시 구로구 구로중앙로 152 (구로동),126.8827871414,37.5012129024,,A04,A0401,A04011000,3305848,38,쇼핑
앤드지 롯데팩토리가산,서울특별시 금천구 벚꽃로278,126.8846459143,37.4795432303,,A04,A0401,A04011000,2912746,38,쇼핑
앤드지 현대가든파이브,"서울특별시 송파구 충민로 66, 4층",127.1249768726,37.4776672007,,A04,A0401,A04011000,2914295,38,쇼핑
앤드지건대스타시티,서울특별시 광진구 능동로 92,127.0712300203,37.5390535504,,A04,A0401,A04011000,2924062,38,쇼핑
앤써성형외과,서울특별시 강남구 테헤란로105 6층,127.0285433827,37.4987019129,,A04,A0401,A04011000,2918527,38,쇼핑
앤클라인,서울특별시 금천구 디지털로 185 (가산동),126.8872262708,37.4782600918,,A04,A0401,A04011000,3306377,38,쇼핑
앤클라인 nc신구로,서울특별시 구로구 구로중앙로 152 (구로동),126.8827871414,37.5012129024,,A04,A0401,A04011000,3305618,38,쇼핑
앤클라인건대스타시티,서울특별시 광진구 능동로92,127.0712300203,37.5390535504,,A04,A0401,A04011000,2924122,38,쇼핑
양재 양곡도매시장,서울특별시 서초구 양재대로12길 36,127.0367131994,37.4592177546,02-576-3690~1,A04,A0401,A04010200,132214,38,쇼핑
양재꽃시장,서울특별시 서초구 강남대로 27 (양재동),127.0407514903,37.4673918780,,A04,A0401,A04010200,2784052,38,쇼핑
양키캔들 코엑스,서울특별시 강남구 영동대로 513,127.0592179950,37.5119175967,,A04,A0401,A04011000,2922530,38,쇼핑
어뮤즈 한남 쇼룸,서울특별시 용산구 이태원로55가길 49,126.9992783141,37.5364108974,,A04,A0401,A04010600,2905301,38,쇼핑
언더스타서울 서교,서울특별시 마포구 어울마당로 90 (서교동),126.9219682220,37.5530409131,,A04,A0401,A04011000,2925791,38,쇼핑
언더스탠드에비뉴,서울특별시 성동구 왕십리로 63,127.0435962960,37.5436136344,,A04,A0401,A04010600,2436503,38,쇼핑
언더아머,서울특별시 금천구 디지털로 185 (가산동),126.8872262708,37.4782600918,,A04,A0401,A04011000,3305454,38,쇼핑
언더아머 스타필드 코엑스점,서울특별시 강남구 영동대로 513,127.0592179950,37.5119175967,,A04,A0401,A04011000,2895068,38,쇼핑
얼스오브제,서울특별시 용산구 만리재로 186 (서계동),126.9668279844,37.5543748948,,A04,A0401,A04010700,2989004,38,쇼핑
엄브로,서울특별시 중구 장충단로 275 (을지로6가),127.0088293006,37.5689100708,,A04,A0401,A04011000,3306892,38,쇼핑
엄브로건대스타시티,서울특별시 광진구 능동로 92,127.0712300203,37.5390535504,,A04,A0401,A04011000,2923992,38,쇼핑
에고이스트,서울특별시 금천구 디지털로 185 (가산동),126.8872262708,37.4782600918,,A04,A0401,A04011000,3306930,38,쇼핑
에고이스트,서울특별시 관악구 봉천로 209 (봉천동),126.9249974851,37.4905482278,,A04,A0401,A04011000,3307607,38,쇼핑
에덴도자기,서울특별시 용산구 이태원로 159-1 (이태원동),126.9916873920,37.5345387568,02-793-0828,A04,A0401,A04010700,985071,38,쇼핑
에디션,"서울특별시 구로구 경인로 662 (신도림동, 디큐브시티)",126.8884169673,37.5089148857,,A04,A0401,A04011000,3306004,38,쇼핑
에디션,서울특별시 관악구 봉천로 209 (봉천동),126.9249974851,37.4905482278,,A04,A0401,A04011000,3306482,38,쇼핑
에디션 nc신구로,서울특별시 구로구 구로중앙로 152 (구로동),126.8827871414,37.5012129024,,A04,A0401,A04011000,3305310,38,쇼핑
에디션건대스타시티,서울특별시 광진구 능동로 92,127.0712300203,37.5390535504,,A04,A0401,A04011000,2924099,38,쇼핑
에뛰드하우스 세종대,서울특별시 광진구 광나루로 390,127.0729574035,37.5474026113,,A04,A0401,A04011000,2903689,38,쇼핑
에뛰드하우스 영등포,서울특별시 영등포구 영중로 지하 20,126.9058567905,37.5179585902,,A04,A0401,A04011000,2916389,38,쇼핑
에뜨와,서울특별시 영등포구 영중로 9 (영등포동4가),126.9055901684,37.5172308925,,A04,A0401,A04011000,3307176,38,쇼핑
에르노,서울특별시 송파구 올림픽로 300¸ 2층,127.1040749597,37.5141653654,,A04,A0401,A04011000,2924135,38,쇼핑
에르메스 신라호텔,서울특별시 중구 동호로 249,127.0061409418,37.5588667447,,A04,A0401,A04011000,2907471,38,쇼핑
에르메스 신세계강남,서울특별시 서초구 신반포로 176,127.0035815712,37.5056062193,,A04,A0401,A04011000,2930964,38,쇼핑
에르메스 신세계본점,서울특별시 중구 소공로 63,126.9810181709,37.5609966018,,A04,A0401,A04011000,2917181,38,쇼핑
에르메스 현대무역,서울특별시 강남구 테헤란로 517 (삼성동),127.0597791462,37.5086679839,,A04,A0401,A04011000,2901566,38,쇼핑
에르메질도제냐 현대 코엑스점,서울특별시 강남구 테헤란로 517,127.0597791462,37.5086679839,,A04,A0401,A04011000,2907794,38,쇼핑
에메랄드약국 신사,"서울특별시 강남구 도산대로 122, 1층",127.0221601158,37.5168969083,,A04,A0401,A04011000,2924063,38,쇼핑
에메필,서울특별시 강남구 강남대로 지하396,127.0283239716,37.4982186324,,A04,A0401,A04011000,3307443,38,쇼핑
에메필 강남2호점,서울특별시 강남구 강남대로 396 강남역,127.0283239716,37.4982186324,,A04,A0401,A04011000,3307644,38,쇼핑
에메필_가로수점,"서울특별시 강남구 도산대로113, 1층(신사동)",127.0208657845,37.5170635319,,A04,A0401,A04011000,2893660,38,쇼핑
에메필_홍대점,"서울특별시 마포구 양화로 156(동교동,LG팰리스빌딩 108호)",126.9234624418,37.5561655766,,A04,A0401,A04011000,2893657,38,쇼핑
에비수 두타,서울특별시 중구 장충단로 275,127.0088293006,37.5689100708,,A04,A0401,A04011000,2930395,38,쇼핑
에스제이에스제이현대무역점,서울특별시 강남구 테헤란로517,127.0597791462,37.5086679839,,A04,A0401,A04011000,2917578,38,쇼핑
에스제이케이씨엔씨,서울특별시 용산구 청파로74,126.9596403612,37.5327661657,,A04,A0401,A04011000,2929345,38,쇼핑
에스콰이아,서울특별시 중구 장충단로13길 20 (을지로6가),127.0076821872,37.5687878415,,A04,A0401,A04011000,3305476,38,쇼핑
에스콰이아,서울특별시 관악구 봉천로 209 (봉천동),126.9249974851,37.4905482278,,A04,A0401,A04011000,3306593,38,쇼핑
에스콰이아,"서울특별시 구로구 경인로 662 (신도림동, 디큐브시티)",126.8884169673,37.5089148857,,A04,A0401,A04011000,3306707,38,쇼핑
에스티로더,서울특별시 영등포구 영중로 9 (영등포동4가),126.9055901684,37.5172308925,,A04,A0401,A04011000,3305733,38,쇼핑
에스티로더,서울특별시 관악구 봉천로 209 (봉천동),126.9249974851,37.4905482278,,A04,A0401,A04011000,3305764,38,쇼핑
에스티로더,서울특별시 강북구 도봉로 62 (미아동),127.0305315802,37.6146468109,,A04,A0401,A04011000,3306428,38,쇼핑
에스티로더,"서울특별시 구로구 경인로 662 (신도림동, 디큐브시티)",126.8884169673,37.5089148857,,A04,A0401,A04011000,3307014,38,쇼핑
에스티로더 월드타워점,서울특별시 송파구 올림픽로300,127.1040305171,37.5142459111,,A04,A0401,A04011000,2925473,38,쇼핑
에이랜드 명동본점,서울특별시 중구 명동8길 40 (충무로1가),126.9847539152,37.5619187838,,A04,A0401,A04011000,3306413,38,쇼핑
에이랜드 타임스퀘어점,서울 영등포구 영중로 15 (영등포동4가),126.9053818370,37.5178335971,,A04,A0401,A04011000,3305283,38,쇼핑
에이랜드_가로수길점,서울특별시 강남구 논현로175길 78,127.0227043168,37.5237572323,,A04,A0401,A04011000,2893944,38,쇼핑
에이랜드_명동눈스퀘어점,서울특별시 중구 명동길 14 (눈스퀘어)5층,126.9829151500,37.5634685712,,A04,A0401,A04011000,2893867,38,쇼핑
에이랜드_홍대점,"서울특별시 마포구 양화로16길 29(서교동, 지상1층~5층)",126.9211766210,37.5532686502,,A04,A0401,A04011000,2893937,38,쇼핑
에이비성형외과의원,서울특별시 서초구 서초대로77길 17 (서초동),127.0257686102,37.4996073141,,A04,A0401,A04011000,3306043,38,쇼핑
에이비에프지,서울특별시 관악구 봉천로 209 (봉천동),126.9249974851,37.4905482278,,A04,A0401,A04011000,3306942,38,쇼핑
에이징엘성형외과의원,서울특별시 강남구 선릉로 720 (청담동),127.0408777930,37.5191219856,,A04,A0401,A04011000,3307019,38,쇼핑
에이치비컴즈,서울특별시 용산구 청파로74,126.9596403612,37.5327661657,,A04,A0401,A04011000,2929337,38,쇼핑
에이치엔엠 롯데몰 김포공항점,서울특별시 강서구 하늘길 38 김포공항 롯데몰,126.8029675746,37.5668621822,,A04,A0401,A04011000,2912286,38,쇼핑
에이치엔엠 롯데월드몰,서울특별시 송파구 올림픽로 300,127.1040749597,37.5141653654,,A04,A0401,A04011000,2924586,38,쇼핑
에이치엔엠 타임스퀘어점,서울특별시 영등포구 영중로 15,126.9053818370,37.5178335971,,A04,A0401,A04011000,2926462,38,쇼핑
에이케이골프 롯데본점,서울특별시 중구 남대문로 81,126.9817485525,37.5647822864,,A04,A0401,A04011000,2930859,38,쇼핑
에이케이골프 롯데팩토리가산,"서울특별시 금천구 벚꽃로 278 (가산동,SJ테크노빌) 3층",126.8846459143,37.4795432303,,A04,A0401,A04011000,2922549,38,쇼핑
에잇세컨즈,서울특별시 마포구 양화로 45,126.9136829551,37.5498911308,,A04,A0401,A04011000,2926890,38,쇼핑
에잇세컨즈,서울특별시 금천구 디지털로 185 (가산동),126.8872262708,37.4782600918,,A04,A0401,A04011000,3306839,38,쇼핑
에잇세컨즈 가로수길점,서울특별시 강남구 강남대로156길 49,127.0228988653,37.5194438475,,A04,A0401,A04011000,2917694,38,쇼핑
에잇세컨즈 롯데몰 은평점,서울특별시 은평구 통일로 1050,126.9179162000,37.6375893423,,A04,A0401,A04011000,2929280,38,쇼핑
에잇세컨즈 롯데월드몰점,서울특별시 송파구 올림픽로 300,127.1040749597,37.5141653654,,A04,A0401,A04011000,2924660,38,쇼핑
에잇세컨즈 명동점,서울특별시 중구 명동길 32,126.9841872523,37.5636102438,,A04,A0401,A04011000,2918423,38,쇼핑
에잇세컨즈 스타필드 코엑스점,서울특별시 강남구 영동대로 513,127.0592179950,37.5119175967,,A04,A0401,A04011000,2922835,38,쇼핑
에잇세컨즈 현대 목동점,서울특별시 양천구 목동동로257,126.8747288364,37.5263292843,,A04,A0401,A04011000,2929901,38,쇼핑
에잇세컨즈 현대 천호점,서울특별시 강동구 천호대로 1005,127.1244557316,37.5390267349,,A04,A0401,A04011000,2900321,38,쇼핑
에잇세컨즈 현대시티몰 가든파이브점,서울특별시 송파구 충민로 66,127.1249768726,37.4776672007,,A04,A0401,A04011000,2930366,38,쇼핑
에잇컨셉 nc신구로,서울특별시 구로구 구로중앙로 152 (구로동),126.8827871414,37.5012129024,,A04,A0401,A04011000,3305312,38,쇼핑
에코현대무역점,서울특별시 강남구 테헤란로 517,127.0597791462,37.5086679839,,A04,A0401,A04011000,2917554,38,쇼핑
에크루 압구정로데오,서울특별시 강남구 도산대로51길 31 (신사동),127.0378251211,37.5251990031,,A04,A0401,A04011000,2925701,38,쇼핑
에톤성형외과의원,서울특별시 서초구 강남대로 563 (잠원동),127.0204465215,37.5120002237,,A04,A0401,A04011000,3305759,38,쇼핑
에트레부티크(etre boutigue),서울특별시 강남구 논현로 175길 6 1층106호(신사동),127.0279370976,37.5264264607,,A04,A0401,A04011000,2894146,38,쇼핑
에프마켓남부낚시,서울특별시 금천구 시흥대로 443,126.8978921041,37.4733414088,,A04,A0401,A04010600,2775554,38,쇼핑
에피그램코엑스점,서울특별시 강남구 영동대로513,127.0592179950,37.5119175967,,A04,A0401,A04011000,2915211,38,쇼핑
엔비성형외과,서울특별시 강남구 도산대로 107 6층(신사동),127.0201241919,37.5168329904,,A04,A0401,A04011000,2905338,38,쇼핑
엔비플러스 nc신구로,서울특별시 구로구 구로중앙로 152 (구로동),126.8827871414,37.5012129024,,A04,A0401,A04011000,3305984,38,쇼핑
엔소유 두타,서울특별시 중구 장충단로 275,127.0088293006,37.5689100708,,A04,A0401,A04011000,2906511,38,쇼핑
엔컴21지점 신촌(신),"서울특별시 서대문구 연세로 3, 1층, 2층 (창천동)",126.9367001259,37.5560991546,,A04,A0401,A04011000,2929372,38,쇼핑
엔터식스 왕십리역점,서울특별시 성동구 왕십리광장로 17 (행당동),127.0384101499,37.5614947974,,A04,A0401,A04010600,679686,38,쇼핑
엘레강스,"서울특별시 구로구 경인로 662 (신도림동, 디큐브시티)",126.8884169673,37.5089148857,,A04,A0401,A04011000,3306834,38,쇼핑
엘레강스 NC불광점,서울특별시 은평구 은평구 불광로 20,126.9289354269,37.6097677758,,A04,A0401,A04011000,2930044,38,쇼핑
엘르,"서울특별시 구로구 경인로 662 (신도림동, 디큐브시티)",126.8884169673,37.5089148857,,A04,A0401,A04011000,3307513,38,쇼핑
엘르 골프,서울특별시 구로구 구로중앙로 152 (구로동),126.8827871414,37.5012129024,,A04,A0401,A04011000,3306268,38,쇼핑
엘르 롯데팩토리 가산,서울 금천구 벚꽃로 278 (가산동),126.8846459143,37.4795432303,,A04,A0401,A04011000,3305288,38,쇼핑
엘르이너웨어,서울특별시 강북구 도봉로 62 (미아동),127.0305315802,37.6146468109,,A04,A0401,A04011000,3307471,38,쇼핑
엘리든 롯데 에비뉴엘 월드타워점,서울특별시 송파구 올림픽로 300¸ 3층,127.1040749597,37.5141653654,,A04,A0401,A04011000,2924141,38,쇼핑
엘씨디씨 서울(LCDC SEOUL),서울특별시 성동구 연무장17길 10 (성수동2가),127.0613391822,37.5416002985,,A04,A0401,A04011200,3060919,38,쇼핑
엘지베스트샵 강동 본점,서울특별시 강동구 양재대로 1449,127.1388295253,37.5354524094,,A04,A0401,A04011000,2923481,38,쇼핑
엘지베스트샵 강서점,서울특별시 강서구 공항대로 431,126.8552270198,37.5553477858,,A04,A0401,A04011000,2917165,38,쇼핑
엘지베스트샵 관악점,서울특별시 관악구 봉천로 210,126.9247919736,37.4896316638,,A04,A0401,A04011000,2923096,38,쇼핑
엘지베스트샵 동교점,서울특별시 마포구 신촌로 6,126.9268953999,37.5583764924,,A04,A0401,A04011000,2917168,38,쇼핑
엘지베스트샵 문래점,서울특별시 영등포구 당산로 37,126.8944800402,37.5182972369,,A04,A0401,A04011000,2923084,38,쇼핑
엘지베스트샵 반포점,서울특별시 서초구 신반포로 165,127.0021705834,37.5057811737,,A04,A0401,A04011000,2923439,38,쇼핑
엘지베스트샵 불광 본점,서울특별시 은평구 불광로 41,126.9302713651,37.6115842555,,A04,A0401,A04011000,2926460,38,쇼핑
엘지베스트샵 송파점,서울특별시 송파구 송파대로 476,127.1045750659,37.5088159954,,A04,A0401,A04011000,2923054,38,쇼핑
엘지베스트샵 은평점,서울특별시 은평구 은평로 153,126.9246110620,37.6012686866,,A04,A0401,A04011000,2923087,38,쇼핑
엘칸토,서울특별시 강북구 도봉로 62 (미아동),127.0305315802,37.6146468109,,A04,A0401,A04011000,3307572,38,쇼핑
엘칸토 2001아울렛 중계,서울특별시 노원구 동일로204가길 46 (중계동),127.0679274101,37.6413416033,,A04,A0401,A04011000,3306560,38,쇼핑
엠씨,서울특별시 관악구 봉천로 209 (봉천동),126.9249974851,37.4905482278,,A04,A0401,A04011000,3306772,38,쇼핑
엠씨,서울특별시 강북구 도봉로 62 (미아동),127.0305315802,37.6146468109,,A04,A0401,A04011000,3307657,38,쇼핑
엠씨건대스타시티,서울특별시 광진구 능동로92,127.0712300203,37.5390535504,,A04,A0401,A04011000,2924114,38,쇼핑
엠아이 두타,서울특별시 중구 장충단로 275,127.0088293006,37.5689100708,,A04,A0401,A04011000,2906513,38,쇼핑
엠엘비,서울특별시 영등포구 영중로 9 (영등포동4가),126.9055901684,37.5172308925,,A04,A0401,A04011000,3305601,38,쇼핑
엠엘비,서울특별시 구로구 구로중앙로 152 (구로동),126.8827871414,37.5012129024,,A04,A0401,A04011000,3306300,38,쇼핑
엠엘비 nc신구로,서울특별시 구로구 구로중앙로 152 (구로동),126.8827871414,37.5012129024,,A04,A0401,A04011000,3307236,38,쇼핑
엠엘비키즈,서울특별시 성북구 동소문로 315 (길음동),127.0287930253,37.6084530555,,A04,A0401,A04011000,3305997,38,쇼핑
엠엘비키즈,서울특별시 영등포구 영중로 9 (영등포동4가),126.9055901684,37.5172308925,,A04,A0401,A04011000,3307662,38,쇼핑
엠주 가로수,서울특별시 강남구 도산대로15길 32-10,127.0235432074,37.5209853470,,A04,A0401,A04011000,2915840,38,쇼핑
엠플레이그라운드 홍대본점 (Tax Refund Shop),서울특별시 마포구 어울마당로 94 (서교동),126.9221154207,37.5533880976,,A04,A0401,A04010600,3353969,38,쇼핑
엠피스몰,서울특별시 중구 장충단로 275 (을지로6가),127.0088293006,37.5689100708,,A04,A0401,A04011000,3306643,38,쇼핑
엠핀 구로,서울특별시 구로구 시흥대로 569 일진빌딩 1층,126.9017692332,37.4838597014,,A04,A0401,A04011000,2911243,38,쇼핑
엠핀 을지로입구,서울특별시 중구 명동7길 23,126.9842149918,37.5648739861,,A04,A0401,A04011000,2930747,38,쇼핑
연남약국,서울특별시 마포구 양화로 21길 31 1층 103호(동교동),126.9245122501,37.5595540906,,A04,A0401,A04011000,2894573,38,쇼핑
연서시장,서울특별시 은평구 통일로 850 (불광동),126.9213914038,37.6192137643,,A04,A0401,A04010200,2745622,38,쇼핑
연세유라인치과병원,서울특별시 강남구 강남대로 390 (역삼동),127.0285934010,37.4978936744,,A04,A0401,A04011000,3305331,38,쇼핑
영등포전통시장,서울특별시 영등포구 영등포동2가,126.9081148650,37.5198528553,,A04,A0401,A04010200,2764364,38,쇼핑
영등포청과시장,"서울특별시 영등포구 영신로41길 5-1 (당산동1가, 에이원하우징)",126.9006016040,37.5218580438,,A04,A0401,A04010200,2764375,38,쇼핑
영일시장,서울특별시 영등포구 문래로30길 27,126.9007600806,37.5162531419,,A04,A0401,A04010200,2763905,38,쇼핑
영지생각,서울특별시 강서구 양천로 354 (가양동),126.8417473389,37.5679488580,,A04,A0401,A04011000,3307210,38,쇼핑
영풍문고 김포점,서울특별시 강서구 하늘길 38,126.8029675746,37.5668621822,,A04,A0401,A04011000,2922779,38,쇼핑
영풍문고 아이에프씨몰,서울특별시 영등포구 국제금융로 10,126.9266241202,37.5258580443,,A04,A0401,A04011000,2915469,38,쇼핑
영풍문고 종로점,서울특별시 종로구 청계천로 41,126.9821594881,37.5696567271,1522-2776,A04,A0401,A04010600,1304864,38,쇼핑
영풍문고 종로점,서울특별시 종로구 청계천로 41,126.9821983715,37.5697233868,,A04,A0401,A04011000,2911471,38,쇼핑
예거르쿨트르 월드타워점,서울특별시 송파구 올림픽로 300,127.1040749597,37.5141653654,,A04,A0401,A04011000,2924462,38,쇼핑
예거르쿨트르 현대 본점,서울특별시 강남구 압구정로 165,127.0274843337,37.5274180039,,A04,A0401,A04011000,2916090,38,쇼핑
예거르쿨트르 현대 코엑스점,서울특별시 강남구 테헤란로 517 2층,127.0597791462,37.5086679839,,A04,A0401,A04011000,2916106,38,쇼핑
예작,서울특별시 금천구 디지털로 185 (가산동),126.8872262708,37.4782600918,,A04,A0401,A04011000,3305526,38,쇼핑
예작,"서울특별시 구로구 경인로 662 (신도림동, 디큐브시티)",126.8884169673,37.5089148857,,A04,A0401,A04011000,3307308,38,쇼핑
예진 신세계 본점,서울특별시 중구 소공로 63,126.9810181709,37.5609966018,,A04,A0401,A04011000,2909136,38,쇼핑
오가닉맘,서울특별시 중구 장충단로13길 20 (을지로6가)8층,127.0076821872,37.5687878415,,A04,A0401,A04011000,3305455,38,쇼핑
오가닉맘,"서울특별시 구로구 경인로 662 (신도림동, 디큐브시티)",126.8884169673,37.5089148857,,A04,A0401,A04011000,3306691,38,쇼핑
오가닉맘 nc신구로,서울특별시 구로구 구로중앙로 152 (구로동),126.8827871414,37.5012129024,,A04,A0401,A04011000,3306745,38,쇼핑
오가닉맘 현대가산,"서울특별시 금천구 디지털로10길 9, 3층",126.8890705637,37.4776713039,,A04,A0401,A04011000,2922783,38,쇼핑
오니츠카타이거 가로수,"서울특별시 강남구 압구정로10길 32(신사동, 지상1층)",127.0219016731,37.5215908028,,A04,A0401,A04011000,2929502,38,쇼핑
오니츠카타이거 두타,서울특별시 중구 장충단로 275,127.0088293006,37.5689100708,,A04,A0401,A04011000,2930414,38,쇼핑
오디오파크 용산전자랜드,서울특별시 용산구 청파로 74,126.9596403612,37.5327661657,,A04,A0401,A04011000,2922906,38,쇼핑
오렌즈,서울특별시 서초구 신반포로 지하 188,127.0044565170,37.5047007846,,A04,A0401,A04011000,2928837,38,쇼핑
오렌즈 강남시티,"서울특별시 강남구 강남대로 428, 301호(역삼동,만이빌딩)",127.0268406981,37.5008766304,,A04,A0401,A04011000,2902792,38,쇼핑
오렌즈 강남역,"서울특별시 서초구 서초대로77길 3 (서초동, 아라타워 1층)",127.0265213615,37.4981130564,,A04,A0401,A04011000,2925658,38,쇼핑
오렌즈 건대,서울특별시 광진구 아차산로 224,127.0680969278,37.5406227563,,A04,A0401,A04011000,2901188,38,쇼핑
오렌즈 경희대,서울특별시 동대문구 회기로 150 (회기동),127.0529385346,37.5913110385,,A04,A0401,A04011000,2902548,38,쇼핑
오렌즈 광화문,"서울특별시 종로구 삼봉로 82, 1층(청진동)",126.9817094598,37.5721036569,,A04,A0401,A04011000,2923617,38,쇼핑
오렌즈 동대문,"서울특별시 중구 장충단로 251, 1층(을지로6가)",127.0080710842,37.5672269191,,A04,A0401,A04011000,2905797,38,쇼핑
오렌즈 명동대사관점,서울특별시 중구 명동2길 50,126.9831429698,37.5612521658,,A04,A0401,A04011000,2925825,38,쇼핑
오렌즈 상수,"서울특별시 마포구 와우산로 61-1, 1층(서교동)",126.9229348826,37.5501301576,,A04,A0401,A04011000,2905466,38,쇼핑
오렌즈 상암 DMC,서울특별시 마포구 월드컵북로 396,126.8903675790,37.5794706086,,A04,A0401,A04011000,2913586,38,쇼핑
오렌즈 스타필드 코엑스점,서울특별시 강남구 영동대로 513,127.0592179950,37.5119175967,,A04,A0401,A04011000,2899166,38,쇼핑
오렌즈 신촌명물,"서울특별시 서대문구 명물길 18, 1층(창천동)",126.9378666401,37.5577406514,,A04,A0401,A04011000,2911405,38,쇼핑
오렌즈 압구정로데오,"서울특별시 강남구 압구정로50길 11 , 1층 (신사동, 남송빌딩)",127.0382111318,37.5275154077,,A04,A0401,A04011000,2910364,38,쇼핑
오렌즈 약수,"서울특별시 중구 다산로 117, 103호(신당동)",127.0102517980,37.5546561968,,A04,A0401,A04011000,2930917,38,쇼핑
오렌즈 영등포점,서울특별시 영등포구 영중로 16 1층,126.9062067612,37.5178697180,,A04,A0401,A04011000,2922842,38,쇼핑
오렌즈 영등포지하상가,서울특별시 영등포구 영중로 지하 20,126.9058567905,37.5179585902,,A04,A0401,A04011000,2907519,38,쇼핑
오렌즈 영등포지하상가점,서울특별시 영등포구 영중로 20 영등포로터리지하도상가 84호,126.9058567905,37.5179585902,,A04,A0401,A04011000,3306730,38,쇼핑
오렌즈 왕십리역,"서울특별시 성동구 왕십리광장로 17(행당동, 지상2층 맞이방 2-가호)",127.0384101499,37.5614947974,,A04,A0401,A04011000,2925596,38,쇼핑
오렌즈 외대,"서울특별시 동대문구 휘경로 16, 1층(이문동)",127.0616653926,37.5957106839,,A04,A0401,A04011000,2908109,38,쇼핑
오렌즈 중앙대,"서울특별시 동작구 흑석로 87-1, 1층(흑석동)",126.9594355414,37.5073829998,,A04,A0401,A04011000,2923184,38,쇼핑
오렌즈 한양대,"서울특별시 성동구 사근동길 4 (행당동, 1층서쪽3호)",127.0415932363,37.5599894739,,A04,A0401,A04011000,2922508,38,쇼핑
오렌즈 합정,서울특별시 마포구 독막로 9,126.9146273399,37.5489468126,,A04,A0401,A04011000,2931704,38,쇼핑
오렌즈 현대동대문,서울특별시 중구 장충단로13길 20,127.0076821872,37.5687878415,,A04,A0401,A04011000,2930847,38,쇼핑
오렌지멀티 MLB 두타,서울특별시 중구 장충단로 275,127.0088293006,37.5689100708,,A04,A0401,A04011000,2924078,38,쇼핑
오류시장,서울특별시 구로구 경인로19가길 14-1,126.8438241504,37.4967599467,,A04,A0401,A04010200,2777893,38,쇼핑
오메가 롯데 월드타워점,서울특별시 송파구 올림픽로 300,127.1040749597,37.5141653654,,A04,A0401,A04011000,2903243,38,쇼핑
오메가 신세계 강남점,서울특별시 서초구 신반포로 176 3층,127.0035815712,37.5056062193,,A04,A0401,A04011000,2908860,38,쇼핑
오메가 신세계 본점,서울특별시 중구 소공로 63,126.9810181709,37.5609966018,,A04,A0401,A04011000,2929874,38,쇼핑
오메가 현대 목동점,서울특별시 양천구 목동동로257,126.8747288364,37.5263292843,,A04,A0401,A04011000,2909077,38,쇼핑
오메가 현대 코엑스점,서울특별시 강남구 테헤란로 517 2층,127.0597791462,37.5086679839,,A04,A0401,A04011000,2910463,38,쇼핑
오브제,서울특별시 중구 장충단로13길 20 (을지로6가)1층,127.0076821872,37.5687878415,,A04,A0401,A04011000,3307029,38,쇼핑
오설록 현대미술관,서울특별시 종로구 삼청로 30,126.9799038846,37.5785945367,,A04,A0401,A04011000,2918056,38,쇼핑
오스본 2001아울렛 중계,서울특별시 노원구 동일로204가길 46 (중계동),127.0679274101,37.6413416033,,A04,A0401,A04011000,3306184,38,쇼핑
오야니 현대가든파이브,"서울특별시 송파구 충민로 66, 1층",127.1249768726,37.4776672007,,A04,A0401,A04011000,2923654,38,쇼핑
오조크,서울특별시 강북구 도봉로 62 (미아동),127.0305315802,37.6146468109,,A04,A0401,A04011000,3306419,38,쇼핑
오즈세컨,서울특별시 중구 장충단로13길 20 (을지로6가)4층,127.0076821872,37.5687878415,,A04,A0401,A04011000,3306931,38,쇼핑
오즈세컨,서울특별시 관악구 봉천로 209 (봉천동),126.9249974851,37.4905482278,,A04,A0401,A04011000,3307466,38,쇼핑
오즈세컨현대무역점,서울특별시 강남구 테헤란로 517,127.0597791462,37.5086679839,,A04,A0401,A04011000,2917607,38,쇼핑
오페라성형외과의원,서울특별시 서초구 강남대로 527 (반포동),127.0218659178,37.5091394705,,A04,A0401,A04011000,3306231,38,쇼핑
오프라벨 현대가든파이브,서울특별시 송파구 충민로 66,127.1249768726,37.4776672007,,A04,A0401,A04011000,2907692,38,쇼핑
오프웍스,서울특별시 중구 장충단로13길 20 (을지로6가),127.0076821872,37.5687878415,,A04,A0401,A04011000,3306685,38,쇼핑
오픈클로젯,"서울특별시 구로구 경인로 662 (신도림동, 디큐브시티)",126.8884169673,37.5089148857,,A04,A0401,A04011000,3306975,38,쇼핑
오후 nc신구로,서울특별시 구로구 구로중앙로 152 (구로동),126.8827871414,37.5012129024,,A04,A0401,A04011000,3306886,38,쇼핑
오휘,"서울특별시 구로구 경인로 662 (신도림동, 디큐브시티)",126.8884169673,37.5089148857,,A04,A0401,A04011000,3306129,38,쇼핑
오휘,서울특별시 강북구 도봉로 62 (미아동),127.0305315802,37.6146468109,,A04,A0401,A04011000,3306581,38,쇼핑
오휘,서울특별시 관악구 봉천로 209 (봉천동),126.9249974851,37.4905482278,,A04,A0401,A04011000,3307640,38,쇼핑
온누리약국 종로,"서울특별시 종로구 종로 293, 1층(창신동)",127.0105123957,37.5719180845,,A04,A0401,A04011000,2924145,38,쇼핑
온더스팟,서울특별시 강남구 신사동 535-1,127.0224294367,37.5203909516,,A04,A0401,A04011000,2927266,38,쇼핑
온더스팟,서울특별시 용산구 이태원로238-1,127.0000338108,37.5360581737,,A04,A0401,A04011000,2928676,38,쇼핑
온더스팟 명동점,서울특별시 중구 명동8길 37-4,126.9851760970,37.5619910058,,A04,A0401,A04011000,2924801,38,쇼핑
온앤온,서울특별시 중구 장충단로13길 20 (을지로6가)4층,127.0076821872,37.5687878415,,A04,A0401,A04011000,3306024,38,쇼핑
온앤온,서울특별시 강북구 도봉로 62 (미아동),127.0305315802,37.6146468109,,A04,A0401,A04011000,3307146,38,쇼핑
온앤온,서울특별시 영등포구 영중로 9 (영등포동4가),126.9055901684,37.5172308925,,A04,A0401,A04011000,3307191,38,쇼핑
온앤온,서울특별시 관악구 봉천로 209 (봉천동),126.9249974851,37.4905482278,,A04,A0401,A04011000,3307710,38,쇼핑
온앤온 nc신구로,서울특별시 구로구 구로중앙로 152 (구로동),126.8827871414,37.5012129024,,A04,A0401,A04011000,3307044,38,쇼핑
온앤온 현대가산,서울특별시 금천구 디지털로10길 9 현대시티아울렛 1층,126.8890705637,37.4776713039,,A04,A0401,A04011000,2912381,38,쇼핑
온앤온 현대동대문,서울특별시 중구 장충단로13길 20(을지로6가),127.0076821872,37.5687878415,,A04,A0401,A04011000,3306171,38,쇼핑
올드앤뉴,서울특별시 용산구 청파로74,126.9596403612,37.5327661657,,A04,A0401,A04011000,2929373,38,쇼핑
올리브데올리브 2001아울렛 중계,서울특별시 노원구 동일로204가길 46 (중계동),127.0679274101,37.6413416033,,A04,A0401,A04011000,3306833,38,쇼핑
올리브데올리브 현대가산,서울특별시 금천구 디지털로10길 9 현대시티아울렛 1층,126.8890705637,37.4776713039,,A04,A0401,A04011000,2906145,38,쇼핑
올리브데올리브 현대동대문,서울특별시 중구 장충단로13길 20,127.0076821872,37.5687878415,,A04,A0401,A04011000,2905808,38,쇼핑
올리브마트,서울특별시 중구 장충단로 229-3(광희동1가),127.0071434449,37.5653215681,,A04,A0401,A04011000,2893987,38,쇼핑
올리브영,서울특별시 중구 장충단로13길 20 (을지로6가),127.0076821872,37.5687878415,,A04,A0401,A04011000,3305901,38,쇼핑
올리브영 가산디지털단지역,서울특별시 금천구 벚꽃로 286,126.8841431566,37.4804542263,,A04,A0401,A04011000,2924339,38,쇼핑
올리브영 가양역,서울특별시 강서구 양천로 476,126.8532853528,37.5616525737,,A04,A0401,A04011000,2923925,38,쇼핑
올리브영 강남 타운,서울특별시 서초구 강남대로 429,127.0257880178,37.5008460593,,A04,A0401,A04011000,3307143,38,쇼핑
올리브영 강남본점,서울특별시 서초구 강남대로 429,127.0257880178,37.5008460593,,A04,A0401,A04011000,2917287,38,쇼핑
올리브영 강남엔터식스,서울특별시 서초구 신반포로 지하 188,127.0044565170,37.5047007846,,A04,A0401,A04011000,2924146,38,쇼핑
올리브영 강남중앙,서울특별시 강남구 강남대로 372,127.0290850741,37.4960883373,,A04,A0401,A04011000,2924470,38,쇼핑
올리브영 강남파이낸스,서울특별시 강남구 테헤란로 152 (역삼동),127.0365231734,37.5000768968,,A04,A0401,A04011000,2917154,38,쇼핑
올리브영 강동구청,서울특별시 강동구 성내로 19,127.1227839129,37.5302027290,,A04,A0401,A04011000,2903798,38,쇼핑
올리브영 강변역,서울특별시 광진구 강변역로4길 10,127.0934197711,37.5354015962,,A04,A0401,A04011000,2907554,38,쇼핑
올리브영 건대,서울특별시 광진구 능동로 133,127.0716854251,37.5428975563,,A04,A0401,A04011000,2912304,38,쇼핑
올리브영 건대 타운,서울특별시 광진구 아차산로 244,127.0701967577,37.5398812136,,A04,A0401,A04011000,3307462,38,쇼핑
올리브영 건대입구,서울특별시 광진구 동일로22길 115,127.0704772612,37.5408172207,,A04,A0401,A04011000,2930800,38,쇼핑
올리브영 건대커먼그라운드점,서울특별시 광진구 아차산로 200,127.0656360164,37.5414781682,,A04,A0401,A04011000,3305561,38,쇼핑
올리브영 경희대,서울특별시 동대문구 경희대로 2 (회기동),127.0525774407,37.5918693005,,A04,A0401,A04011000,2931352,38,쇼핑
올리브영 고덕,서울특별시 강동구 동남로75길 13-15 1층,127.1555219317,37.5536755949,,A04,A0401,A04011000,2907530,38,쇼핑
올리브영 공덕역,"서울특별시 마포구 신공덕동 167, 메트로디오빌 1층",126.9529156690,37.5435703453,,A04,A0401,A04011000,2905576,38,쇼핑
올리브영 공덕파크팰리스,서울특별시 마포구 마포대로 143 1층,126.9531044291,37.5475198896,,A04,A0401,A04011000,2904008,38,쇼핑
올리브영 공릉역,서울특별시 노원구 동일로192길 74,127.0771103113,37.6271295326,,A04,A0401,A04011000,2903147,38,쇼핑
올리브영 관악 타운,서울특별시 관악구 관악로 173,126.9522647221,37.4807609625,,A04,A0401,A04011000,3306264,38,쇼핑
올리브영 광나루역,서울특별시 광진구 아차산로 607 1층,127.1060627223,37.5474309830,,A04,A0401,A04011000,2930826,38,쇼핑
올리브영 광흥창역점,서울특별시 마포구 서강로 75-16 PEER 1층,126.9313341293,37.5496942476,,A04,A0401,A04011000,3305677,38,쇼핑
올리브영 구로디지털,서울특별시 구로구 디지털로34길 43 코오롱싸이언스밸리 1차 1층,126.8988250191,37.4852039361,,A04,A0401,A04011000,2924638,38,쇼핑
올리브영 구로디지털단지역점,서울특별시 관악구 시흥대로 576,126.9030913276,37.4841180273,,A04,A0401,A04011000,3307273,38,쇼핑
올리브영 구로호텔,서울특별시 구로구 디지털로32길 72 1층,126.8988722923,37.4832374993,,A04,A0401,A04011000,2930657,38,쇼핑
올리브영 구일역,서울특별시 구로구 구일로10길 49,126.8744602744,37.4957967164,,A04,A0401,A04011000,2923783,38,쇼핑
올리브영 국회의사당역점,서울특별시 영등포구 국회대로 지하 758,126.9178942961,37.5281242915,,A04,A0401,A04011000,3307297,38,쇼핑
올리브영 군자역,서울특별시 광진구 군자동 478-5,127.0789510309,37.5569710527,,A04,A0401,A04011000,2930912,38,쇼핑
올리브영 금호,서울특별시 성동구 독서당로 302,127.0225841927,37.5481349544,,A04,A0401,A04011000,2928868,38,쇼핑
올리브영 김포공항,서울특별시 강서구 하늘길 38 (방화동),126.8029148466,37.5652540347,,A04,A0401,A04011000,2916183,38,쇼핑
올리브영 김포공항국내선청사점,서울특별시 강서구 하늘길 112,126.8084867976,37.5568078938,,A04,A0401,A04011000,3307508,38,쇼핑
올리브영 남부터미널,서울특별시 서초구 효령로 283,127.0150366641,37.4850699205,,A04,A0401,A04011000,2924839,38,쇼핑
올리브영 내방역,서울특별시 서초구 방배로 184,126.9924885759,37.4900661583,,A04,A0401,A04011000,2912351,38,쇼핑
올리브영 노원,"서울특별시 노원구 상계로 65 (상계동, 105호, 106호)",127.0622608296,37.6564230805,,A04,A0401,A04011000,2907334,38,쇼핑
올리브영 노원역사거리,"서울특별시 노원구 상계동 727-1, 조광빌딩 1층",127.0614526325,37.6542344316,,A04,A0401,A04011000,2912619,38,쇼핑
올리브영 답십리역점,서울특별시 동대문구 고미술로 81 1층 103호,127.0557278986,37.5656640685,,A04,A0401,A04011000,3305992,38,쇼핑
올리브영 대치점,서울특별시 강남구 도곡로 448 동서빌딩,127.0595627971,37.4981636442,,A04,A0401,A04011000,3305772,38,쇼핑
올리브영 대학로점,서울특별시 종로구 창경궁로 237,126.9985242817,37.5831193453,,A04,A0401,A04011000,3306045,38,쇼핑
올리브영 대흥역,서울특별시 마포구 백범로 91,126.9418193250,37.5482696005,,A04,A0401,A04011000,2907033,38,쇼핑
올리브영 독립문,서울특별시 종로구 송월길 99,126.9647443706,37.5710007030,,A04,A0401,A04011000,2929187,38,쇼핑
올리브영 돈암중앙점,서울특별시 성북구 동소문로 118 1층,127.0181805324,37.5933796167,,A04,A0401,A04011000,3305738,38,쇼핑
올리브영 동교동,서울특별시 마포구 동교로 207,126.9232318372,37.5586486173,,A04,A0401,A04011000,2930988,38,쇼핑
올리브영 동대문역사문화공원역,서울특별시 중구 을지로6가 18-134,127.0080710842,37.5672269191,,A04,A0401,A04011000,2931716,38,쇼핑
올리브영 동묘앞역,서울특별시 종로구 지봉로 37-1,127.0153535818,37.5733124541,,A04,A0401,A04011000,2912327,38,쇼핑
올리브영 동부이촌,서울특별시 용산구 이촌로75길 16,126.9744143572,37.5206511712,,A04,A0401,A04011000,2913749,38,쇼핑
올리브영 두타,서울특별시 중구 장충단로 275,127.0088293006,37.5689100708,,A04,A0401,A04011000,2901411,38,쇼핑
올리브영 등촌,서울특별시 양천구 목동중앙북로7길 20,126.8675955208,37.5488043226,,A04,A0401,A04011000,2931025,38,쇼핑
올리브영 디큐브시티,서울특별시 구로구 경인로 662 (신도림동),126.8884169673,37.5089148857,,A04,A0401,A04011000,2904283,38,쇼핑
올리브영 뚝섬유원지역,서울특별시 광진구 능동로 7,127.0667861695,37.5323931332,,A04,A0401,A04011000,2928862,38,쇼핑
올리브영 롯데몰김포공항점,서울특별시 강서구 하늘길 38,126.8029675746,37.5668621822,,A04,A0401,A04011000,3306021,38,쇼핑
올리브영 롯데백화점잠실점,서울특별시 송파구 올림픽로 240,127.0976311526,37.5123821225,,A04,A0401,A04011000,3305716,38,쇼핑
올리브영 롯데월드몰점,서울특별시 송파구 올림픽로 300 롯데월드몰 5층,127.1040749597,37.5141653654,,A04,A0401,A04011000,3306551,38,쇼핑
올리브영 마포구청역,서울특별시 마포구 월드컵로 196,126.9027668613,37.5648475300,,A04,A0401,A04011000,2918543,38,쇼핑
올리브영 마포도화,서울특별시 마포구 삼개로 20,126.9472274399,37.5385652696,,A04,A0401,A04011000,2924559,38,쇼핑
올리브영 마포역,"서울특별시 마포구 마포대로 53, 1층 115호(도화동, 마포트라팰리스)",126.9470718157,37.5414843719,,A04,A0401,A04011000,2924526,38,쇼핑
올리브영 메세나점,서울특별시 마포구 서교동 490,126.9136829551,37.5498911308,,A04,A0401,A04011000,2926902,38,쇼핑
올리브영 명동 타운,서울특별시 중구 명동길 53,126.9851899237,37.5641435337,,A04,A0401,A04011000,3305676,38,쇼핑
올리브영 명동대로,서울특별시 중구 남산동1가 1-2 1층,126.9850955873,37.5606328285,,A04,A0401,A04011000,2930204,38,쇼핑
올리브영 명동본점,서울특별시 중구 명동길 53 (명동1가),126.9851899237,37.5641435337,,A04,A0401,A04011000,2916182,38,쇼핑
올리브영 명동역,서울특별시 중구 퇴계로 127 (충무로2가),126.9858621676,37.5612077753,,A04,A0401,A04011000,2929480,38,쇼핑
올리브영 명동점,서울특별시 중구 명동8길 14,126.9845289023,37.5631047532,,A04,A0401,A04011000,3305662,38,쇼핑
올리브영 명동타임워크점,"서울특별시 중구 남대문로 78 타임워크명동 108호, 109호",126.9830206742,37.5642379283,,A04,A0401,A04011000,3306354,38,쇼핑
올리브영 목동역,서울특별시 양천구 목동로 203,126.8638075978,37.5267568178,,A04,A0401,A04011000,2929188,38,쇼핑
올리브영 무교동점,서울특별시 중구 무교로 24 1층,126.9794958849,37.5681540761,,A04,A0401,A04011000,3305650,38,쇼핑
올리브영 문래,서울특별시 영등포구 선유로 63 (문래동6가),126.8890582725,37.5196997550,,A04,A0401,A04011000,3307525,38,쇼핑
올리브영 문정역,"서울특별시 송파구 송파대로 167(문정역테리타워 G동 127, 128호)",127.1223102349,37.4851718374,,A04,A0401,A04011000,2912528,38,쇼핑
올리브영 미아역,서울특별시 강북구 도봉로 188(미아동),127.0268121597,37.6256899045,,A04,A0401,A04011000,2927066,38,쇼핑
올리브영 발산,서울특별시 강서구 강서로 360,126.8384062644,37.5577472069,,A04,A0401,A04011000,2923921,38,쇼핑
올리브영 발산역,서울특별시 강서구 강서로 385 우성에스비타워,126.8383173162,37.5601469262,,A04,A0401,A04011000,2912492,38,쇼핑
올리브영 방배이수,서울특별시 서초구 동작대로 118 (방배동),126.9827589905,37.4870579999,,A04,A0401,A04011000,2904115,38,쇼핑
올리브영 배명사거리,서울특별시 송파구 백제고분로 276,127.0972898070,37.5021638590,,A04,A0401,A04011000,2922501,38,쇼핑
올리브영 보라매,서울특별시 동작구 보라매로5가길 16,126.9241086550,37.4913286766,,A04,A0401,A04011000,2922550,38,쇼핑
올리브영 봉은사역,"서울특별시 강남구 영동대로 602 (삼성동, 삼성동 미켈란 107)",127.0605955673,37.5147367390,,A04,A0401,A04011000,2912376,38,쇼핑
올리브영 북가좌동,서울특별시 서대문구 거북골로 191,126.9094186621,37.5779544593,,A04,A0401,A04011000,2902136,38,쇼핑
올리브영 사가정역,서울특별시 중랑구 면목로 310,127.0879912279,37.5796880208,,A04,A0401,A04011000,2906638,38,쇼핑
올리브영 사당역,서울특별시 관악구 과천대로 941,126.9814900082,37.4747649600,,A04,A0401,A04011000,2918269,38,쇼핑
올리브영 삼성중앙역점,서울특별시 강남구 봉은사로 465,127.0504104454,37.5125312558,,A04,A0401,A04011000,3307728,38,쇼핑
올리브영 상도역,서울특별시 동작구 양녕로 257,126.9472895416,37.5032277093,,A04,A0401,A04011000,2901430,38,쇼핑
올리브영 상봉듀오트리스,서울특별시 중랑구 상봉로 131,127.0921931170,37.5974610317,,A04,A0401,A04011000,2931805,38,쇼핑
올리브영 상수역,서울특별시 마포구 와우산로 49,126.9227682614,37.5490552799,,A04,A0401,A04011000,2930619,38,쇼핑
올리브영 상암MBC,서울특별시 마포구 상암동 1603,126.8910035842,37.5811759771,,A04,A0401,A04011000,2910904,38,쇼핑
올리브영 상암푸르지오시티,서울특별시 마포구 월드컵북로54길 25,126.8897259005,37.5819869716,,A04,A0401,A04011000,2918626,38,쇼핑
올리브영 상왕십리역,서울특별시 성동구 왕십리로 382 (하왕십리동),127.0280359907,37.5651636287,,A04,A0401,A04011000,2930633,38,쇼핑
올리브영 서래마을,서울특별시 서초구 서래로 39 (반포동),126.9982294785,37.4986013816,,A04,A0401,A04011000,2913470,38,쇼핑
올리브영 서울숲역점,서울특별시 성동구 왕십리로 50 (성수동1가 656-335 1층),127.0449267782,37.5419388532,,A04,A0401,A04011000,3305770,38,쇼핑
올리브영 서울시립대,서울특별시 동대문구 전농로 222,127.0536331237,37.5839980121,,A04,A0401,A04011000,2902422,38,쇼핑
올리브영 서초대로,서울특별시 서초구 서초대로 314 정보통신공제조합빌딩,127.0159502117,37.4942105422,,A04,A0401,A04011000,2912379,38,쇼핑
올리브영 서초역,서울특별시 서초구 반포대로 110,127.0088898616,37.4900275678,,A04,A0401,A04011000,2904010,38,쇼핑
올리브영 서초타운,"서울특별시 서초구 서초대로78길 32, 1층동(서초동)",127.0280157567,37.4950523274,,A04,A0401,A04011000,2902037,38,쇼핑
올리브영 석계역,서울특별시 노원구 석계로1길 14,127.0639285081,37.6156084116,,A04,A0401,A04011000,2908905,38,쇼핑
올리브영 석촌역,서울특별시 송파구 백제고분로 387,127.1085331038,37.5065552180,,A04,A0401,A04011000,2924958,38,쇼핑
올리브영 선릉로,서울특별시 강남구 테헤란로64길 20 (대치동),127.0512745064,37.5036739667,,A04,A0401,A04011000,2925795,38,쇼핑
올리브영 선릉역,서울특별시 강남구 선릉로 513 (역삼동),127.0483191731,37.5053320544,,A04,A0401,A04011000,2906647,38,쇼핑
올리브영 선릉타운,서울특별시 강남구 테헤란로 411 성담빌딩 1층,127.0508828223,37.5055515194,,A04,A0401,A04011000,2902462,38,쇼핑
올리브영 선정릉역,서울특별시 강남구 선릉로 602(삼성동),127.0440305230,37.5106980211,,A04,A0401,A04011000,2930910,38,쇼핑
올리브영 성동성수,"서울특별시 성동구 성수일로6길 47 101호,102호",127.0552591018,37.5443526477,,A04,A0401,A04011000,2912440,38,쇼핑
올리브영 성수역,서울특별시 성동구 아차산로 91 1층,127.0544980314,37.5453636270,,A04,A0401,A04011000,2924769,38,쇼핑
올리브영 세종로,서울특별시 종로구 세종대로 161 (세종로),126.9763960916,37.5708314872,,A04,A0401,A04011000,2930567,38,쇼핑
올리브영 숙대,서울특별시 용산구 청파로45길 19,126.9693947017,37.5443205537,,A04,A0401,A04011000,2902784,38,쇼핑
올리브영 숙대입구역,서울특별시 용산구 한강대로 285 1층(현 금강제화),126.9719417072,37.5437817729,,A04,A0401,A04011000,2907646,38,쇼핑
올리브영 순천향입구,서울특별시 용산구 대사관로 71,127.0060000077,37.5334502506,,A04,A0401,A04011000,2929180,38,쇼핑
올리브영 숭실대입구역,서울특별시 동작구 상도로 358,126.9529253240,37.4966896807,,A04,A0401,A04011000,2904981,38,쇼핑
올리브영 스타시티,서울특별시 광진구 아차산로 262 (자양동. 더샵스타시티),127.0717216591,37.5384619613,,A04,A0401,A04011000,2906275,38,쇼핑
올리브영 시청역,서울특별시 중구 세종대로16길 1 (태평로2가),126.9771295629,37.5635934531,,A04,A0401,A04011000,2931340,38,쇼핑
올리브영 시흥사거리,서울특별시 금천구 시흥동 883-7,126.9012312243,37.4542770154,,A04,A0401,A04011000,2922858,38,쇼핑
올리브영 신강남점,서울특별시 강남구 봉은사로2길 31,127.0265906711,37.5026569747,,A04,A0401,A04011000,3305975,38,쇼핑
올리브영 신길,서울특별시 영등포구 영등포로 358,126.9179835621,37.5144508819,,A04,A0401,A04011000,2930999,38,쇼핑
올리브영 신논현,서울특별시 서초구 강남대로 507 (반포동 736-6),127.0227047845,37.5072285963,,A04,A0401,A04011000,2918637,38,쇼핑
올리브영 신논현역점,서울특별시 강남구 봉은사로 지하 102,127.0250463094,37.5046872667,,A04,A0401,A04011000,3305302,38,쇼핑
올리브영 신당역,서울특별시 중구 다산로 258,127.0163814717,37.5660577601,,A04,A0401,A04011000,2931361,38,쇼핑
올리브영 신대방삼거리역,서울특별시 동작구 보라매로 113 (대방동),126.9279025233,37.4995166827,,A04,A0401,A04011000,2912343,38,쇼핑
올리브영 신대방역,서울특별시 관악구 난곡로 357 1층,126.9134625538,37.4859652206,,A04,A0401,A04011000,2904533,38,쇼핑
올리브영 신도림,서울특별시 구로구 경인로 661 신도림1차 푸르지오 109호,126.8877864508,37.5095814636,,A04,A0401,A04011000,2918360,38,쇼핑
올리브영 신도림테크노마트,서울특별시 구로구 새말로 97,126.8902418521,37.5070956849,,A04,A0401,A04011000,2902626,38,쇼핑
올리브영 신림남부순환로,서울특별시 관악구 남부순환로 1377,126.9038552566,37.4802129396,,A04,A0401,A04011000,2929014,38,쇼핑
올리브영 신림점,서울특별시 관악구 신림로 353,126.9292027906,37.4858182970,,A04,A0401,A04011000,3307629,38,쇼핑
올리브영 신방화역,"서울특별시 강서구 방화대로 294 마곡더블유타워 121호, 122호",126.8170662830,37.5670485222,,A04,A0401,A04011000,2904604,38,쇼핑
올리브영 신사,서울특별시 강남구 도산대로 116,127.0215324019,37.5166580357,,A04,A0401,A04011000,2911307,38,쇼핑
올리브영 신사서초점,서울특별시 서초구 강남대로 589,127.0194021015,37.5144943596,,A04,A0401,A04011000,3305765,38,쇼핑
올리브영 신설동역,서울특별시 동대문구 왕산로 4,127.0240943861,37.5756456735,,A04,A0401,A04011000,2904332,38,쇼핑
올리브영 신용산역,"서울특별시 용산구 한강대로 95 래미안용산상가 101호, 102호",126.9671203397,37.5290750616,,A04,A0401,A04011000,2911353,38,쇼핑
올리브영 신정,서울특별시 양천구 신월로 349(신정동),126.8598636412,37.5221850563,,A04,A0401,A04011000,2915164,38,쇼핑
올리브영 신천중앙점,"서울특별시 송파구 올림픽로 114 1층, 2층",127.0832019363,37.5114430831,,A04,A0401,A04011000,3306414,38,쇼핑
올리브영 신촌대로,서울특별시 서대문구 신촌로 121 (창천동),126.9393248825,37.5562547390,,A04,A0401,A04011000,2924402,38,쇼핑
올리브영 신촌로터리,서울특별시 마포구 서강로 133 1층,126.9352808571,37.5544632083,,A04,A0401,A04011000,2905627,38,쇼핑
올리브영 신촌명물거리,서울특별시 서대문구 명물길 54 (창천동),126.9393442514,37.5588599924,,A04,A0401,A04011000,2911574,38,쇼핑
올리브영 신촌역,서울특별시 서대문구 창천동 72-2,126.9352058191,37.5560574662,,A04,A0401,A04011000,2929556,38,쇼핑
올리브영 신촌연세,서울특별시 서대문구 연세로 37 (창천동),126.9366944909,37.5589238263,,A04,A0401,A04011000,2925779,38,쇼핑
올리브영 씨제이남산더센터,서울특별시 중구 소월로2길 12,126.9759965851,37.5546611370,,A04,A0401,A04011000,2902844,38,쇼핑
올리브영 아차산역,서울특별시 광진구 천호대로 671 1층 (104호+110호+111호),127.0905473559,37.5513913539,,A04,A0401,A04011000,2931702,38,쇼핑
올리브영 아현역,서울특별시 서대문구 신촌로35길 10,126.9555039152,37.5579603865,,A04,A0401,A04011000,2930620,38,쇼핑
올리브영 압구정,서울특별시 강남구 논현로175길 6 (신사동),127.0279370976,37.5264264607,,A04,A0401,A04011000,2906411,38,쇼핑
올리브영 압구정로데오,서울특별시 강남구 압구정로50길 9 (신사동),127.0382750094,37.5277042759,,A04,A0401,A04011000,2930259,38,쇼핑
올리브영 압구정역,서울특별시 강남구 논현로 878 (신사동),127.0290175348,37.5271263989,,A04,A0401,A04011000,2904425,38,쇼핑
올리브영 압구정타운,서울특별시 강남구 논현로 842 (신사동),127.0287620889,37.5240934132,,A04,A0401,A04011000,2930672,38,쇼핑
올리브영 애오개역,"서울특별시 마포구 마포대로 201 마포트라펠리스 2차 상가 107호, 108호",126.9555151865,37.5522471613,,A04,A0401,A04011000,2906478,38,쇼핑
올리브영 약수역,서울특별시 중구 동호로 189,127.0102379046,37.5548700606,,A04,A0401,A04011000,2901935,38,쇼핑
올리브영 양재스타클래스,서울특별시 강남구 도곡동 957-11,127.0358930949,37.4852341646,,A04,A0401,A04011000,2912601,38,쇼핑
올리브영 양재역점,서울특별시 서초구 남부순환로 지하 2585,127.0344904816,37.4839287352,,A04,A0401,A04011000,3305821,38,쇼핑
올리브영 양천향교역,서울특별시 강서구 양천로 344 (마곡동),126.8403724537,37.5683182344,,A04,A0401,A04011000,2913813,38,쇼핑
올리브영 어린이대공원역점,서울특별시 광진구 광나루로 388,127.0727907499,37.5474942648,,A04,A0401,A04011000,3305889,38,쇼핑
올리브영 언주역,서울특별시 강남구 봉은사로 209,127.0350286410,37.5079842855,,A04,A0401,A04011000,2930621,38,쇼핑
올리브영 여의도역,서울특별시 영등포구 여의나루로 61 (여의도동),126.9260298028,37.5232777777,,A04,A0401,A04011000,2930954,38,쇼핑
올리브영 역삼역,서울특별시 강남구 테헤란로 138 (역삼동),127.0343178293,37.4996935691,,A04,A0401,A04011000,2911908,38,쇼핑
올리브영 연신내로데오,"서울특별시 은평구 연서로 221(갈현동,1층)",126.9198193454,37.6184777102,,A04,A0401,A04011000,2913601,38,쇼핑
올리브영 연신내범서,서울특별시 은평구 통일로 842,126.9220774654,37.6187443871,,A04,A0401,A04011000,2930606,38,쇼핑
올리브영 연신내점,서울특별시 은평구 통일로 857 1층,126.9203942604,37.6196414745,,A04,A0401,A04011000,3306595,38,쇼핑
올리브영 연희,서울특별시 서대문구 연희로 79,126.9295949520,37.5655340417,,A04,A0401,A04011000,2918306,38,쇼핑
올리브영 염창역,"서울특별시 강서구 공항대로 637 102호, 103호",126.8758225814,37.5476212742,,A04,A0401,A04011000,2930705,38,쇼핑
올리브영 오류동역점,서울특별시 구로구 경인로 204,126.8438686193,37.4957433990,,A04,A0401,A04011000,3305509,38,쇼핑
올리브영 오목교역,서울특별시 양천구 오목로 344,126.8755149330,37.5242795368,,A04,A0401,A04011000,2930995,38,쇼핑
올리브영 왕십리엔터식스,서울특별시 성동구 왕십리광장로 17 (행당동),127.0384101499,37.5614947974,,A04,A0401,A04011000,2906613,38,쇼핑
올리브영 용산리첸시아,서울특별시 용산구 백범로 341,126.9671867438,37.5381490089,,A04,A0401,A04011000,2931808,38,쇼핑
올리브영 용산아이파크몰점,서울특별시 용산구 한강대로23길 55,126.9647566449,37.5298249324,,A04,A0401,A04011000,3306656,38,쇼핑
올리브영 은행나무사거리,서울특별시 금천구 금하로 705 (시흥동),126.9083667608,37.4515885657,,A04,A0401,A04011000,2922900,38,쇼핑
올리브영 응암역,서울특별시 은평구 증산로 475(신사동),126.9153536461,37.5986993752,,A04,A0401,A04011000,2912577,38,쇼핑
올리브영 이대중앙,서울특별시 서대문구 이화여대길 43,126.9454964679,37.5588934317,,A04,A0401,A04011000,2925694,38,쇼핑
올리브영 이태원입구,서울특별시 용산구 이태원로 145 동호프라자 1층,126.9899264383,37.5346442677,,A04,A0401,A04011000,2924173,38,쇼핑
올리브영 일원역,서울특별시 강남구 일원로 115,127.0844748187,37.4840740612,,A04,A0401,A04011000,2931521,38,쇼핑
올리브영 장승배기역,서울특별시 동작구 장승배기로11가길 11 상도파크자이 단지내상가 106호,126.9388846684,37.5061966586,,A04,A0401,A04011000,2930761,38,쇼핑
올리브영 장지역,서울특별시 송파구 충민로 66,127.1249768726,37.4776672007,,A04,A0401,A04011000,2924746,38,쇼핑
올리브영 장한평역,서울특별시 동대문구 장한로 3,127.0645855241,37.5621785221,,A04,A0401,A04011000,2907221,38,쇼핑
올리브영 정동,서울특별시 중구 새문안로 26,126.9687885437,37.5675678409,,A04,A0401,A04011000,2906574,38,쇼핑
올리브영 제일제당센터,서울특별시 중구 동호로 330 (쌍림동) 씨제이제일제당센터,127.0033077215,37.5639994311,,A04,A0401,A04011000,2924824,38,쇼핑
올리브영 종각,서울특별시 종로구 종로 61 (종로2가),126.9842926034,37.5704900019,,A04,A0401,A04011000,2917290,38,쇼핑
올리브영 종로1가,서울특별시 종로구 종로 19 (종로1가) 르메이에르종로타운,126.9799374337,37.5708982096,,A04,A0401,A04011000,2901917,38,쇼핑
올리브영 종로YBM,서울특별시 종로구 종로 104 (종로2가),126.9891088427,37.5700845799,,A04,A0401,A04011000,2930277,38,쇼핑
올리브영 종암,서울특별시 성북구 종암로 123,127.0331817244,37.6010678819,,A04,A0401,A04011000,2907137,38,쇼핑
올리브영 중계역,서울특별시 노원구 동일로 1335(상계동),127.0622888443,37.6480518323,,A04,A0401,A04011000,2903047,38,쇼핑
올리브영 중랑점,서울특별시 중랑구 망우로32길 6,127.0763307826,37.5936139699,,A04,A0401,A04011000,3305317,38,쇼핑
올리브영 증미역,서울특별시 강서구 염창동 240-21,126.8643622469,37.5571699591,,A04,A0401,A04011000,2907219,38,쇼핑
올리브영 창천,서울특별시 서대문구 신촌로 17,126.9290257643,37.5582515449,,A04,A0401,A04011000,2931628,38,쇼핑
올리브영 천호중앙,서울특별시 강동구 천호대로 1027 (천호동),127.1263500296,37.5381102089,,A04,A0401,A04011000,2930752,38,쇼핑
올리브영 청구역,서울특별시 중구 다산로 168 성원빌딩,127.0130375462,37.5584946901,,A04,A0401,A04011000,2930244,38,쇼핑
올리브영 청담사거리,서울특별시 강남구 도산대로89길 8,127.0506156241,37.5251714583,,A04,A0401,A04011000,2917250,38,쇼핑
올리브영 청담역,"서울특별시 강남구 삼성로 716, 1층(청담동)",127.0500602669,37.5199609425,,A04,A0401,A04011000,2922764,38,쇼핑
올리브영 충무로역,서울특별시 중구 퇴계로 222 (필동2가),126.9964223057,37.5615912540,,A04,A0401,A04011000,2924383,38,쇼핑
올리브영 타워팰리스,서울특별시 강남구 언주로30길 39,127.0532303054,37.4887979512,,A04,A0401,A04011000,2923688,38,쇼핑
올리브영 타임스퀘어아트리움,서울특별시 영등포구 영중로 15 (영등포동4가) 타임스퀘어 3층,126.9053818370,37.5178335971,,A04,A0401,A04011000,2931682,38,쇼핑
올리브영 테헤란로점,서울특별시 강남구 테헤란로 514 1층,127.0597708477,37.5074792333,,A04,A0401,A04011000,3305953,38,쇼핑
올리브영 트윈시티,서울특별시 용산구 한강대로 366,126.9724497903,37.5509920550,,A04,A0401,A04011000,2930559,38,쇼핑
올리브영 파르나스몰점,서울특별시 강남구 테헤란로 521,127.0608234799,37.5092457134,,A04,A0401,A04011000,3305478,38,쇼핑
올리브영 플러스점,서울특별시 용산구 한강대로 372,126.9733746936,37.5514281320,,A04,A0401,A04011000,3306523,38,쇼핑
올리브영 하왕십리점,서울특별시 성동구 왕십리로 331,127.0328189586,37.5626890023,,A04,A0401,A04011000,3307167,38,쇼핑
올리브영 학동역,서울특별시 강남구 학동로 177 (논현동),127.0303011171,37.5142306968,,A04,A0401,A04011000,2906639,38,쇼핑
올리브영 학동중앙,서울특별시 강남구 도산대로 326,127.0377418749,37.5223965492,,A04,A0401,A04011000,2931718,38,쇼핑
올리브영 한남오거리,"서울특별시 용산구 독서당로 65-1, 1층",127.0077665012,37.5338918977,,A04,A0401,A04011000,2931478,38,쇼핑
올리브영 한양대,서울특별시 성동구 행당동 19-98,127.0406739034,37.5589951285,,A04,A0401,A04011000,2906612,38,쇼핑
올리브영 합정교보,서울특별시 마포구 월드컵로1길 14,126.9120747621,37.5501021892,,A04,A0401,A04011000,2918304,38,쇼핑
올리브영 합정메세나폴리스,서울특별시 마포구 서교동 490,126.9136829551,37.5498911308,,A04,A0401,A04011000,2931610,38,쇼핑
올리브영 합정카페거리,서울특별시 마포구 독막로 13,126.9150884111,37.5488718305,,A04,A0401,A04011000,2904573,38,쇼핑
올리브영 현대아울렛가산,서울특별시 금천구 디지털로10길 9,126.8890705637,37.4776713039,,A04,A0401,A04011000,2930828,38,쇼핑
올리브영 혜화역점,서울특별시 종로구 대학로 122,127.0022573000,37.5822334036,,A04,A0401,A04011000,3306639,38,쇼핑
올리브영 홈플러스강서,서울특별시 강서구 화곡로 398 1층,126.8548325220,37.5585224095,,A04,A0401,A04011000,2902111,38,쇼핑
올리브영 홈플러스금천,"서울특별시 금천구 독산1동 291-7, 홈플러스 금천점 1층",126.8969006577,37.4687169285,,A04,A0401,A04011000,2922809,38,쇼핑
올리브영 홈플러스시흥,서울특별시 금천구 시흥대로 201 홈플러스 1층,126.9008091054,37.4519578330,,A04,A0401,A04011000,2923091,38,쇼핑
올리브영 홈플러스영등포,서울특별시 영등포구 문래동3가 55-3,126.8959410180,37.5182861529,,A04,A0401,A04011000,2924765,38,쇼핑
올리브영 홈플러스월곡,서울특별시 성북구 화랑로 76,127.0404782582,37.6018818076,,A04,A0401,A04011000,2907867,38,쇼핑
올리브영 홈플러스월드컵,서울특별시 마포구 월드컵로 240,126.8972867075,37.5683414708,,A04,A0401,A04011000,2907197,38,쇼핑
올리브영 홈플러스잠실,서울특별시 송파구 올림픽로35가길 16,127.1030222173,37.5163039873,,A04,A0401,A04011000,2902807,38,쇼핑
올리브영 홍대공항철도역점,서울특별시 마포구 양화로 183,126.9251816658,37.5584097909,,A04,A0401,A04011000,3306577,38,쇼핑
올리브영 홍대대학로,서울특별시 종로구 대학로 57 (연건동),127.0014686424,37.5766118212,,A04,A0401,A04011000,2924397,38,쇼핑
올리브영 홍대사거리점,서울특별시 마포구 양화로 140,126.9221598111,37.5551573371,,A04,A0401,A04011000,3305537,38,쇼핑
올리브영 홍대입구역,서울특별시 마포구 양화로 156 (동교동),126.9234624418,37.5561655766,,A04,A0401,A04011000,2911133,38,쇼핑
올리브영 홍대정문점,서울특별시 마포구 홍익로 4 1층,126.9241430193,37.5531992669,,A04,A0401,A04011000,3305768,38,쇼핑
올리브영 홍대중앙,서울특별시 마포구 어울마당로 68,126.9215044287,37.5511522355,,A04,A0401,A04011000,2901793,38,쇼핑
올리브영 홍제역점,"서울특별시 서대문구 통일로 446 1층, 2층",126.9445679287,37.5888066047,,A04,A0401,A04011000,2906619,38,쇼핑
올리브영 황학사거리,"서울특별시 성동구 왕십리로 410(하왕십리동, 센트라스)",127.0247973922,37.5653302184,,A04,A0401,A04011000,2912463,38,쇼핑
올리브영 휘경동,서울특별시 동대문구 망우로 78,127.0620655216,37.5898835910,,A04,A0401,A04011000,2924757,38,쇼핑
올리브영목동하이페리온점,서울특별시 양천구 오목로 300,126.8706570243,37.5249460392,,A04,A0401,A04011000,2923241,38,쇼핑
올리비아로렌 nc신구로,서울특별시 구로구 구로중앙로 152 (구로동),126.8827871414,37.5012129024,,A04,A0401,A04011000,3307458,38,쇼핑
올세인츠 갤러리아 WEST 여성복,서울특별시 강남구 압구정로 343,127.0400692668,37.5285292127,,A04,A0401,A04011000,2929847,38,쇼핑
올세인츠 파르나스몰,서울특별시 강남구 테헤란로 521,127.0608234799,37.5092457134,,A04,A0401,A04011000,2926487,38,쇼핑
올젠,서울특별시 강동구 천호대로 1005,127.1244557316,37.5390267349,,A04,A0401,A04011000,2917677,38,쇼핑
올젠,서울특별시 서대문구 신촌로83,126.9358252045,37.5561435782,,A04,A0401,A04011000,2927075,38,쇼핑
올젠,"서울특별시 구로구 경인로 662 (신도림동, 디큐브시티)",126.8884169673,37.5089148857,,A04,A0401,A04011000,3305735,38,쇼핑
올젠,서울특별시 관악구 봉천로 209 (봉천동),126.9249974851,37.4905482278,,A04,A0401,A04011000,3306312,38,쇼핑
올젠,서울특별시 금천구 디지털로 185 (가산동),126.8872262708,37.4782600918,,A04,A0401,A04011000,3306630,38,쇼핑
올젠 롯데서울역,"서울특별시 중구 한강대로 405 (봉래동2가,롯데백화점아울렛서울역점3층올젠)",126.9717664185,37.5545416306,,A04,A0401,A04011000,2911409,38,쇼핑
올젠 롯데팩토리가산,서울특별시 금천구 벚꽃로278,126.8846459143,37.4795432303,,A04,A0401,A04011000,2908712,38,쇼핑
올젠 현대가든파이브,"서울특별시 송파구 충민로 66, 4층",127.1249768726,37.4776672007,,A04,A0401,A04011000,2931630,38,쇼핑
올젠 현대동대문,"서울특별시 중구 장충단로13길 20, 6층(을지로6가, 현대시티아울렛)",127.0076821872,37.5687878415,,A04,A0401,A04011000,2924598,38,쇼핑
올젠건대스타시티,서울특별시 광진구 능동로 92,127.0712300203,37.5390535504,,A04,A0401,A04011000,2924013,38,쇼핑
올젠현대목동점,서울특별시 양천구 목동동로257,126.8747288364,37.5263292843,,A04,A0401,A04011000,2923100,38,쇼핑
와릿이즌,서울특별시 강북구 도봉로 62 (미아동),127.0305315802,37.6146468109,,A04,A0401,A04011000,3305603,38,쇼핑
와우성형외과,서울특별시 강남구 테헤란로101 9층,127.0280573169,37.4986630200,,A04,A0401,A04011000,2918695,38,쇼핑
와이드앵글,"서울특별시 구로구 경인로 662 (신도림동, 디큐브시티)",126.8884169673,37.5089148857,,A04,A0401,A04011000,3306050,38,쇼핑
와이드앵글 nc신구로,서울특별시 구로구 구로중앙로 152 (구로동),126.8827871414,37.5012129024,,A04,A0401,A04011000,3306849,38,쇼핑
와이드앵글 롯데팩토리가산,서울특별시 금천구 벚꽃로278,126.8846459143,37.4795432303,,A04,A0401,A04011000,2925163,38,쇼핑
와이드앵글 현대가든파이브,"서울특별시 송파구 충민로 66, 3층",127.1249768726,37.4776672007,,A04,A0401,A04011000,2928951,38,쇼핑
와이드앵글 현대동대문,서울특별시 중구 장충단로13길 20,127.0076821872,37.5687878415,,A04,A0401,A04011000,2906671,38,쇼핑
와이와이케이,서울특별시 용산구 이태원로54가길 13 (한남동),127.0017780641,37.5371941846,,A04,A0401,A04011000,3306762,38,쇼핑
와이즈유의원코스메틱 명동,"서울특별시 중구 명동8가길 52, 3층(충무로2가)",126.9879786250,37.5617938560,,A04,A0401,A04011000,2907318,38,쇼핑
와이컨셉,"서울특별시 구로구 경인로 662 (신도림동, 디큐브시티)",126.8884169673,37.5089148857,,A04,A0401,A04011000,3306241,38,쇼핑
와이퀀 산부인과의원,서울특별시 강남구 선릉로 820 (청담동),127.0402249082,37.5250129567,,A04,A0401,A04011000,3307285,38,쇼핑
왕솔약국,서울특별시 중구 남대문로 36(회현동1가),126.9798182800,37.5610076903,,A04,A0401,A04011000,2894546,38,쇼핑
요하넥스,서울특별시 관악구 봉천로 209 (봉천동),126.9249974851,37.4905482278,,A04,A0401,A04011000,3305449,38,쇼핑
요하넥스,서울특별시 강북구 도봉로 62 (미아동),127.0305315802,37.6146468109,,A04,A0401,A04011000,3306638,38,쇼핑
요하넥스 2001아울렛 중계,서울특별시 노원구 동일로204가길 46 (중계동),127.0679274101,37.6413416033,,A04,A0401,A04011000,3307315,38,쇼핑
요하넥스 현대가산,"서울특별시 금천구 디지털로10길 9, 3층",126.8890705637,37.4776713039,,A04,A0401,A04011000,2931873,38,쇼핑
용산전자랜드,서울특별시 용산구 청파로 74,126.9595403701,37.5327661639,"02-707-4700, 4694",A04,A0401,A04010600,132229,38,쇼핑
우노와치 롤렉스 현대본점,서울특별시 강남구 압구정로 165 (압구정동) 현대백화점본점,127.0274843337,37.5274180039,,A04,A0401,A04011000,2927748,38,쇼핑
우림시장,서울특별시 관악구 난곡로26길 4,126.9204651289,37.4704838102,,A04,A0401,A04010200,2753928,38,쇼핑
우림시장,서울특별시 중랑구 망우로62길 52-4,127.0983231292,37.5969167604,,A04,A0401,A04010200,2759990,38,쇼핑
우석공예사,서울특별시 종로구 창경궁로 88,126.9996801010,37.5701042119,"02-2279-0041, 2265-7983",A04,A0401,A04010700,132522,38,쇼핑
우아인 성형외과,서울특별시 강남구 봉은사로 111 (논현동)4층,127.0257156770,37.5052483247,,A04,A0401,A04011000,3306152,38,쇼핑
우이시장,서울특별시 강북구 노해로23길 68,127.0200427521,37.6460929656,,A04,A0401,A04010200,2741590,38,쇼핑
우트 nc신구로,서울특별시 구로구 구로중앙로 152 (구로동),126.8827871414,37.5012129024,,A04,A0401,A04011000,3306054,38,쇼핑
웍스아웃 라이즈홍대,서울특별시 마포구 양화로 130,126.9212210297,37.5543879654,,A04,A0401,A04011000,2901635,38,쇼핑
웍스아웃 압구정,서울특별시 강남구 선릉로157길 20-4 (신사동),127.0385028003,37.5265044194,,A04,A0401,A04011000,2924323,38,쇼핑
원더플레이스,서울특별시 서대문구 신촌로83,126.9358252045,37.5561435782,,A04,A0401,A04011000,3306578,38,쇼핑
원더플레이스 롯데월드몰,"서울특별시 송파구 신천동 29(롯데월드몰5,6층)",127.1040749597,37.5141653654,,A04,A0401,A04011000,2922775,38,쇼핑
원더플레이스 수유,서울특별시 강북구 도봉로 308,127.0238510333,37.6357164631,,A04,A0401,A04011000,2907913,38,쇼핑
원더플레이스 타임스퀘어,서울특별시 영등포구 영중로 15,126.9053818370,37.5178335971,,A04,A0401,A04011000,2902505,38,쇼핑
월드탑약국_롯데본점,서울특별시 중구 남대문로 81 9층(소공동),126.9817485525,37.5647822864,,A04,A0401,A04011000,2904675,38,쇼핑
웨스트우드,서울특별시 금천구 디지털로 185 (가산동),126.8872262708,37.4782600918,,A04,A0401,A04011000,3305452,38,쇼핑
웨스트우드,"서울특별시 구로구 경인로 662 (신도림동, 디큐브시티)",126.8884169673,37.5089148857,,A04,A0401,A04011000,3305602,38,쇼핑
웰니스약국 명동,서울특별시 중구 명동10길 51,126.9860371395,37.5616466164,,A04,A0401,A04011000,2931509,38,쇼핑
웰리스약국,서울특별시 중구 명동10길51,126.9860371395,37.5616466164,,A04,A0401,A04011000,2928735,38,쇼핑
웰메이드,서울특별시 금천구 디지털로 185 (가산동),126.8872262708,37.4782600918,,A04,A0401,A04011000,3305935,38,쇼핑
웰메이드 nc신구로,서울특별시 구로구 구로중앙로 152 (구로동),126.8827871414,37.5012129024,,A04,A0401,A04011000,3306411,38,쇼핑
웰빙할인마트,서울특별시 마포구 독막로 57,126.9199074366,37.5481553328,,A04,A0401,A04011000,2929290,38,쇼핑
위즈앤미의원,서울특별시 중구 명동7길 21,126.9838705814,37.5647851014,,A04,A0401,A04011000,2910202,38,쇼핑
위클 여의도,서울특별시 영등포구 국제금융로8길 16,126.9288990396,37.5213502751,,A04,A0401,A04011000,2915864,38,쇼핑
윌비성형외과의원,서울특별시 강남구 강남대로 590 (논현동),127.0204158953,37.5145888113,,A04,A0401,A04011000,3307470,38,쇼핑
윌성형외과,서울특별시 서초구 강남대로 437 8층,127.0255269137,37.5014154327,,A04,A0401,A04011000,2908799,38,쇼핑
유니클로 건대,서울특별시 광진구 능동로 92,127.0712300203,37.5390535504,,A04,A0401,A04011000,2904455,38,쇼핑
유니클로 광화문D타워,서울특별시 종로구 종로3길 17(청진동),126.9789291877,37.5710481741,,A04,A0401,A04011000,2916231,38,쇼핑
유니클로 디큐브시티,서울특별시 구로구 경인로 662,126.8884169673,37.5089148857,,A04,A0401,A04011000,2917425,38,쇼핑
유니클로 롯데강남,서울특별시 강남구 도곡로 401,127.0534550587,37.4967859168,,A04,A0401,A04011000,2918408,38,쇼핑
유니클로 롯데노원,서울특별시 노원구 동일로 1414 8층,127.0614081608,37.6553315254,,A04,A0401,A04011000,2906227,38,쇼핑
유니클로 롯데몰김포,서울특별시 강서구 하늘길 38,126.8029148466,37.5652540347,,A04,A0401,A04011000,2930434,38,쇼핑
유니클로 롯데미아,서울특별시 강북구 도봉로 62 7층,127.0305315802,37.6146468109,,A04,A0401,A04011000,2924437,38,쇼핑
유니클로 롯데영플라자,서울특별시 중구 남대문로 67 롯데영플라자 6층,126.9815347180,37.5635490929,,A04,A0401,A04011000,2901101,38,쇼핑
유니클로 롯데월드몰,서울특별시 송파구 올림픽로300,127.1040305171,37.5142459111,,A04,A0401,A04011000,2910809,38,쇼핑
유니클로 롯데은평,서울특별시 은평구 통일로 1050,126.9179162000,37.6375893423,,A04,A0401,A04011000,2909454,38,쇼핑
유니클로 롯데잠실,서울특별시 송파구 올림픽로 240,127.0976311526,37.5123821225,,A04,A0401,A04011000,2911533,38,쇼핑
유니클로 롯데청량리,서울특별시 동대문구 왕산로 214,127.0474754499,37.5805510796,,A04,A0401,A04011000,2924337,38,쇼핑
유니클로 마리오아울렛,서울특별시 금천구 디지털로 185,126.8872262708,37.4782600918,,A04,A0401,A04011000,2901147,38,쇼핑
유니클로 목동,서울특별시 양천구 목동동로 257,126.8747288364,37.5263292843,,A04,A0401,A04011000,2918727,38,쇼핑
유니클로 사당,서울특별시 서초구 방배천로 11,126.9822509662,37.4777396285,,A04,A0401,A04011000,2930615,38,쇼핑
유니클로 신사,서울특별시 강남구 도산대로 145,127.0243931985,37.5185773086,,A04,A0401,A04011000,2900731,38,쇼핑
유니클로 은평,서울특별시 은평구 서오릉로 32,126.9252831380,37.6042905697,,A04,A0401,A04011000,2930601,38,쇼핑
유니클로 코엑스,서울특별시 강남구 영동대로 513,127.0592179950,37.5119175967,,A04,A0401,A04011000,2917160,38,쇼핑
유니클로 합정,서울특별시 마포구 양화로 45,126.9136829551,37.5498911308,,A04,A0401,A04011000,2930443,38,쇼핑
유니클로 현대가든파이브,서울특별시 송파구 충민로 66 가든파이브,127.1249768726,37.4776672007,,A04,A0401,A04011000,2901472,38,쇼핑
유니페어 압구정,서울특별시 강남구 언주로164길 37-1 (신사동) 1층,127.0367502063,37.5256544863,,A04,A0401,A04011000,2925656,38,쇼핑
유솔 2001아울렛 중계,서울특별시 노원구 동일로204가길 46 (중계동),127.0679274101,37.6413416033,,A04,A0401,A04011000,3307653,38,쇼핑
유스트,"서울특별시 구로구 경인로 662 (신도림동, 디큐브시티)",126.8884169673,37.5089148857,,A04,A0401,A04011000,3307276,38,쇼핑
유앤정피부과의원,서울특별시 강남구 도산대로 456,127.0465910289,37.5238104330,,A04,A0401,A04011000,3305417,38,쇼핑
으뜸50안경,서울특별시 서초구 신반포로 205 반포쇼핑타운 6동 1층,127.0064646002,37.5070783223,,A04,A0401,A04011000,3306476,38,쇼핑
은나무,서울특별시 종로구 율곡로3길 72,126.9821925595,37.5787973318,,A04,A0401,A04010700,970106,38,쇼핑
을지로 철제가구거리,서울특별시 중구 창경궁로 34-1 (예관동),126.9984164588,37.5654602842,,A04,A0401,A04010600,132238,38,쇼핑
이기대안경 홍대점,서울특별시 마포구 독막로 56,126.9195491511,37.5476081674,,A04,A0401,A04011000,3307585,38,쇼핑
이노아이 스타필드 코엑스몰점,서울특별시 강남구 영동대로 513,127.0592179950,37.5119175967,,A04,A0401,A04011000,2924155,38,쇼핑
이니스프리 강남고속터미널,"서울특별시 서초구 신반포로 194 (반포동,강남고속버스터미널)",127.0055841495,37.5062061855,,A04,A0401,A04011000,2924100,38,쇼핑
이니스프리 건대그린,서울특별시 광진구 능동로 127 (화양동) 1층,127.0714354639,37.5423365063,,A04,A0401,A04011000,2922657,38,쇼핑
이니스프리 노량진,서울특별시 동작구 노량진동 114-5,126.9439728888,37.5134653492,,A04,A0401,A04011000,2913254,38,쇼핑
이니스프리 대학로,서울특별시 종로구 대학로11길 51,126.9990131364,37.5827527301,,A04,A0401,A04011000,2924632,38,쇼핑
이니스프리 도심공항,"서울특별시 강남구 테헤란로87길 22 (삼성동,한국도심공항터미널)",127.0594569246,37.5096845267,,A04,A0401,A04011000,2906528,38,쇼핑
이니스프리 명동역,"서울특별시 중구 명동8길 43, 2층 (충무로2가)",126.9850233361,37.5618854595,,A04,A0401,A04011000,2931074,38,쇼핑
이니스프리 명동충무,서울특별시 중구 명동8나길 28-1,126.9834179384,37.5614743674,,A04,A0401,A04011000,2905729,38,쇼핑
이니스프리 미아삼거리,서울특별시 성북구 길음동 31-1,127.0300372532,37.6120776563,,A04,A0401,A04011000,2915162,38,쇼핑
이니스프리 신설동역,서울특별시 동대문구 왕산로 20 (신설동) 1층,127.0258136574,37.5762123050,,A04,A0401,A04011000,2906701,38,쇼핑
이니스프리 왕십리역,서울특별시 성동구 왕십리광장로 17 (행당동),127.0384101499,37.5614947974,,A04,A0401,A04011000,2900970,38,쇼핑
이니스프리 이대역1번출구,서울특별시 서대문구 신촌로 175 1층(대현동),126.9454270823,37.5570353132,,A04,A0401,A04011000,2924468,38,쇼핑
이니스프리 이태원,서울특별시 용산구 이태원로 160-1,126.9917901692,37.5342165739,,A04,A0401,A04011000,2924472,38,쇼핑
이니스프리 한성대,서울특별시 성북구 동소문로7길 (동소문동1가),127.0090647912,37.5900492844,,A04,A0401,A04011000,2931503,38,쇼핑
이니스프리 홍대3호,"서울특별시 마포구 양화로18길 12, 1층",126.9246401023,37.5565349991,,A04,A0401,A04011000,2911666,38,쇼핑
이니스프리_명동2가점,서울특별시 중구 명동10길 27,126.9856093715,37.5626687122,,A04,A0401,A04011000,2902930,38,쇼핑
이니스프리코엑스점,서울특별시 강남구 영동대로513,127.0592179950,37.5119175967,,A04,A0401,A04011000,2915163,38,쇼핑
이니스프리행복한백화점점,서울특별시 양천구 목동동로309,126.8760230822,37.5291956414,,A04,A0401,A04011000,2923461,38,쇼핑
이데아성형외과,서울특별시 강남구 도산대로 176,127.0280011881,37.5190967572,,A04,A0401,A04011000,2907412,38,쇼핑
이동수스포츠,서울특별시 금천구 디지털로 185 (가산동),126.8872262708,37.4782600918,,A04,A0401,A04011000,3306269,38,쇼핑
이동수우먼,서울특별시 관악구 봉천로 209 (봉천동),126.9249974851,37.4905482278,,A04,A0401,A04011000,3307716,38,쇼핑
이따리아나,서울특별시 중구 장충단로13길 20 (을지로6가),127.0076821872,37.5687878415,,A04,A0401,A04011000,3306030,38,쇼핑
이마트 가든파이브,서울특별시 송파구 충민로 10,127.1191218206,37.4786697568,,A04,A0401,A04011000,2917156,38,쇼핑
이마트 구로,서울특별시 구로구 디지털로32길 43,126.8979001246,37.4844512295,,A04,A0401,A04011000,2901137,38,쇼핑
이마트 마포공덕,서울특별시 마포구 백범로 212,126.9533795464,37.5424815912,,A04,A0401,A04011000,2901519,38,쇼핑
이마트 명일,서울특별시 강동구 고덕로 276,127.1561551708,37.5549643456,,A04,A0401,A04011000,2922491,38,쇼핑
이마트 목동,서울특별시 양천구 오목로 299,126.8711097475,37.5254098823,,A04,A0401,A04011000,2912384,38,쇼핑
이마트 미아,서울특별시 성북구 도봉로 17,127.0300372866,37.6109027930,,A04,A0401,A04011000,2924806,38,쇼핑
이마트 수색,서울특별시 은평구 수색로 217,126.8987390323,37.5796762905,,A04,A0401,A04011000,2906617,38,쇼핑
이마트 수서,서울특별시 강남구 광평로 280,127.1031369169,37.4873656817,,A04,A0401,A04011000,2926695,38,쇼핑
이마트 신도림,서울특별시 구로구 새말로 97,126.8902418521,37.5070956849,,A04,A0401,A04011000,2911324,38,쇼핑
이마트 신월,서울특별시 양천구 화곡로 59,126.8285382245,37.5398130047,,A04,A0401,A04011000,2930947,38,쇼핑
이마트 양재,서울특별시 서초구 매헌로 16,127.0362353579,37.4630200827,,A04,A0401,A04011000,2902361,38,쇼핑
이마트 여의도,서울특별시 영등포구 여의동로3길 10,126.9253244459,37.5185005421,,A04,A0401,A04011000,2931712,38,쇼핑
이마트 왕십리,서울특별시 성동구 왕십리광장로 17,127.0384101499,37.5614947974,,A04,A0401,A04011000,2930900,38,쇼핑
이마트 월계,서울특별시 노원구 마들로3길 15,127.0619950391,37.6265626595,,A04,A0401,A04011000,2930715,38,쇼핑
이마트 은평,서울특별시 은평구 은평로 111,126.9205281124,37.6008797705,,A04,A0401,A04011000,2930315,38,쇼핑
이마트 자양,서울특별시 광진구 아차산로 272,127.0729937617,37.5385953021,,A04,A0401,A04011000,2906353,38,쇼핑
이마트 천호,서울특별시 강동구 천호대로 1017,127.1253695529,37.5384851477,,A04,A0401,A04011000,2929804,38,쇼핑
이마트 청계천,서울특별시 중구 청계천로 400,127.0217863780,37.5715822151,,A04,A0401,A04011000,2925681,38,쇼핑
이마트 하월곡,서울특별시 성북구 종암로 167,127.0310068078,37.6051118172,,A04,A0401,A04011000,2931701,38,쇼핑
이마트24 한국은행,서울특별시 중구 남대문로5길 9 (북창동),126.9788794541,37.5617964708,,A04,A0401,A04011000,2930974,38,쇼핑
이마트SSG 도곡,"서울특별시 강남구 언주로30길 57 (도곡동, 타워팰리스)",127.0549051352,37.4894145762,,A04,A0401,A04011000,2907207,38,쇼핑
이마트트레이더스 월계,서울특별시 노원구 마들로3길 15(월계동),127.0619950391,37.6265626595,,A04,A0401,A04011000,2912627,38,쇼핑
이문원헤어랩,서울특별시 강남구 선릉로132길 33,127.0439136400,37.5186915348,,A04,A0401,A04011000,2900749,38,쇼핑
이미지업 성형외과의원,서울특별시 서초구 나루터로 76 이미지업빌딩,127.0181077462,37.5155081079,,A04,A0401,A04011000,3307119,38,쇼핑
이새,서울특별시 종로구 인사동길 30-1 (관훈동),126.9859507010,37.5734702409,,A04,A0401,A04010600,985264,38,쇼핑
이새 인사2호,"서울특별시 종로구 인사동길 30-1(관훙동,인사유리)",126.9859507010,37.5734702409,,A04,A0401,A04011000,2930679,38,쇼핑
이세이미야케 신라호텔,서울특별시 중구 동호로 249,127.0061409418,37.5588667447,,A04,A0401,A04011000,2918425,38,쇼핑
이솝 IFC몰,서울특별시 영등포구 국제금융로 10,126.9266241202,37.5258580443,,A04,A0401,A04011000,2907186,38,쇼핑
이솝 가로수,서울특별시 강남구 가로수길 54,127.0229682413,37.5216380387,,A04,A0401,A04011000,2923998,38,쇼핑
이솝 삼청,서울특별시 종로구 삼청로 58-3,126.9804954301,37.5809776041,,A04,A0401,A04011000,2916225,38,쇼핑
이솝 파르나스몰,서울특별시 강남구 테헤란로 521,127.0608234799,37.5092457134,,A04,A0401,A04011000,2909789,38,쇼핑
이자녹스 NC불광점,서울특별시 은평구 불광로20,126.9289354269,37.6097677758,,A04,A0401,A04011000,2930098,38,쇼핑
이지오 현대동대문,"서울특별시 중구 장충단로13길 20, 6층",127.0076821872,37.5687878415,,A04,A0401,A04011000,2913070,38,쇼핑
이태원시장,서울특별시 용산구 이태원로14길 6,126.9900264524,37.5338110330,02-794-5682,A04,A0401,A04010200,1253279,38,쇼핑
이팝나무 인사,서울특별시 종로구 인사동5길 4 (인사동),126.9858840524,37.5730480664,,A04,A0401,A04011000,2923707,38,쇼핑
이프네,서울특별시 관악구 봉천로 209 (봉천동),126.9249974851,37.4905482278,,A04,A0401,A04011000,3306223,38,쇼핑
이프네,서울특별시 강북구 도봉로 62 (미아동),127.0305315802,37.6146468109,,A04,A0401,A04011000,3307533,38,쇼핑
인도예술,서울특별시 중구 남대문시장4길 9 대도종합상가 D동 1층 61호,126.9776907326,37.5597216902,,A04,A0401,A04011000,3305853,38,쇼핑
인디고뱅크 2001아울렛 중계,서울특별시 노원구 동일로204가길 46 (중계동),127.0679274101,37.6413416033,,A04,A0401,A04011000,3305384,38,쇼핑
인디고뱅크 nc신구로,서울특별시 구로구 구로중앙로 152 (구로동),126.8827871414,37.5012129024,,A04,A0401,A04011000,3307580,38,쇼핑
인디고뱅크 키즈 nc신구로,서울특별시 구로구 구로중앙로 152 (구로동),126.8827871414,37.5012129024,,A04,A0401,A04011000,3307677,38,쇼핑
인사동 고미술거리,서울특별시 종로구 인사동길 29,126.9857423926,37.5732591505,02-732-2240,A04,A0401,A04010600,132219,38,쇼핑
인사칠기 인사,서울특별시 종로구 인사동길 12 대일빌딩,126.9872367386,37.5719398862,,A04,A0401,A04011000,2910792,38,쇼핑
인스타성형외과의원,서울특별시 강남구 강남대로 406 (역삼동),127.0276379017,37.4989935303,,A04,A0401,A04011000,3305313,38,쇼핑
인터넷안경,서울특별시 중구 남대문로 72,126.9821013308,37.5636296484,,A04,A0401,A04011000,3307112,38,쇼핑
인헌시장,서울특별시 관악구 봉천동,126.9656136731,37.4748535543,,A04,A0401,A04010200,2741608,38,쇼핑
인현시장,서울특별시 중구 인현동2가 192-1,126.9953417794,37.5640409493,,A04,A0401,A04010200,2522037,38,쇼핑
일로딜로 nc신구로,서울특별시 구로구 구로중앙로 152 (구로동),126.8827871414,37.5012129024,,A04,A0401,A04011000,3307345,38,쇼핑
일리 에스프레소,서울특별시 영등포구 영중로 9 (영등포동4가),126.9055901684,37.5172308925,,A04,A0401,A04011000,3307680,38,쇼핑
일비종떼 월드타워점,서울특별시 송파구 올림픽로 300¸ 5층,127.1040749597,37.5141653654,,A04,A0401,A04011000,2924560,38,쇼핑
입생로랑 롯데 잠실점,서울특별시 송파구 올림픽로 240 1층,127.0976311526,37.5123821225,,A04,A0401,A04011000,2925623,38,쇼핑
입생로랑 신세계 강남점,서울특별시 서초구 신반포로 176,127.0035815712,37.5056062193,,A04,A0401,A04011000,2915551,38,쇼핑
입생로랑 월드타워점,서울특별시 송파구 올림픽로300,127.1040749597,37.5141653654,,A04,A0401,A04011000,2925476,38,쇼핑
입생로랑 코스메틱,서울특별시 영등포구 영중로 9 (영등포동4가),126.9055901684,37.5172308925,,A04,A0401,A04011000,3306298,38,쇼핑
입생로랑 현대 본점,서울특별시 강남구 압구정로 165,127.0274843337,37.5274180039,,A04,A0401,A04011000,2915547,38,쇼핑
잇미샤,서울특별시 용산구 한강대로23길55,126.9647566449,37.5298249324,,A04,A0401,A04011000,2927356,38,쇼핑
잇미샤,서울특별시 금천구 디지털로10길 9 (가산동),126.8890705637,37.4776713039,,A04,A0401,A04011000,3305665,38,쇼핑
잇미샤 롯데서울역,서울특별시 중구 한강대로 405,126.9717664185,37.5545416306,,A04,A0401,A04011000,2931876,38,쇼핑
잇미샤 현대가든파이브,"서울특별시 송파구 충민로 66, 2층",127.1249768726,37.4776672007,,A04,A0401,A04011000,2911932,38,쇼핑
잇미샤 현대동대문,서울특별시 중구 장충단로13길 20,127.0076821872,37.5687878415,,A04,A0401,A04011000,2930961,38,쇼핑
자라,서울특별시 구로구 경인로 662,126.8884169673,37.5089148857,,A04,A0401,A04011000,2911621,38,쇼핑
자라,서울특별시 용산구 한강대로 405 (동자동),126.9717469660,37.5548915897,,A04,A0401,A04011000,3307727,38,쇼핑
자라 롯데 노원점,서울특별시 노원구 동일로 1414,127.0614081608,37.6553315254,,A04,A0401,A04011000,2910786,38,쇼핑
자라 롯데 서울역점,서울특별시 용산구 청파로 378,126.9692583497,37.5532806211,,A04,A0401,A04011000,2911521,38,쇼핑
자라 롯데 잠실점,서울특별시 송파구 올림픽로 240 1층,127.0976311526,37.5123821225,,A04,A0401,A04011000,2911649,38,쇼핑
자라 아이에프씨몰,서울특별시 영등포구 국제금융로 10,126.9266241202,37.5258580443,,A04,A0401,A04011000,2915429,38,쇼핑
자라 아이파크몰,서울특별시 용산구 한강대로23길 55,126.9647566449,37.5298249324,,A04,A0401,A04011000,2910618,38,쇼핑
자라 타임스퀘어점,서울특별시 영등포구 영중로 15,126.9053818370,37.5178335971,,A04,A0401,A04011000,2910674,38,쇼핑
자라홈 롯데월드몰,서울특별시 송파구 올림픽로 300,127.1040749597,37.5141653654,,A04,A0401,A04011000,2901675,38,쇼핑
자라홈 스타필드 코엑스몰,서울특별시 강남구 영동대로 513,127.0592179950,37.5119175967,,A04,A0401,A04011000,2924785,38,쇼핑
자라홈 아이에프씨몰,서울특별시 영등포구 국제금융로 10,126.9266241202,37.5258580443,,A04,A0401,A04011000,2899176,38,쇼핑
자주,서울특별시 서대문구 대현동45 -10,126.9460297985,37.5572519654,,A04,A0401,A04011000,2927218,38,쇼핑
자주코엑스점,서울특별시 강남구 영동대로513,127.0592179950,37.5119175967,,A04,A0401,A04011000,2915477,38,쇼핑
장안 악세사리상가,서울특별시 중구 남대문시장4길 42-2,126.9767436373,37.5582885065,02-753-5600,A04,A0401,A04010600,1013388,38,쇼핑
잭니클라우스,서울특별시 관악구 봉천로 209 (봉천동),126.9249974851,37.4905482278,,A04,A0401,A04011000,3306188,38,쇼핑
잭니클라우스,서울특별시 성북구 동소문로 315 (길음동),127.0287930253,37.6084530555,,A04,A0401,A04011000,3306784,38,쇼핑
잭니클라우스,"서울특별시 구로구 경인로 662 (신도림동, 디큐브시티)",126.8884169673,37.5089148857,,A04,A0401,A04011000,3307456,38,쇼핑
전곡시장,서울특별시 동대문구 한천로 190,127.0685791590,37.5778601056,,A04,A0401,A04010200,2756105,38,쇼핑
전자랜드 현대동대문,"서울특별시 중구 장충단로13길 20, 2층(을지로 6가 ,현대시티타워)",127.0076821872,37.5687878415,,A04,A0401,A04011000,2931434,38,쇼핑
정관장,서울특별시 서대문구 연희로93,126.9303476327,37.5665311616,,A04,A0401,A04011000,2928746,38,쇼핑
정관장,"서울특별시 구로구 경인로 662 (신도림동, 디큐브시티)",126.8884169673,37.5089148857,,A04,A0401,A04011000,3305963,38,쇼핑
정관장 GS타워,"서울특별시 강남구 논현로 508, 1층",127.0373063786,37.5020822339,,A04,A0401,A04011000,2911393,38,쇼핑
정관장 광화문,서울특별시 종로구 사직로8길 20,126.9707603902,37.5744948491,,A04,A0401,A04011000,2905504,38,쇼핑
정관장 논현,서울특별시 강남구 강남대로 506 (논현동) 광명빌딩 1층 105호,127.0235130349,37.5075369082,,A04,A0401,A04011000,2912418,38,쇼핑
정관장 대치타워,"서울특별시 강남구 테헤란로98길 8 (대치동, 1층)",127.0620373008,37.5077347999,,A04,A0401,A04011000,2927640,38,쇼핑
정관장 독산사거리,서울특별시 금천구 시흥대로 409 (독산동) 1층,126.8976338813,37.4702389867,,A04,A0401,A04011000,2931399,38,쇼핑
정관장 동부이촌,"서울특별시 용산구 이촌로 245, 1층(이촌동, 로얄상가)",126.9744421514,37.5200012472,,A04,A0401,A04011000,2914231,38,쇼핑
정관장 서여의도,"서울특별시 영등포구 국회대로 780 (여의도동, 엘지여의도에클라트 112-1호)",126.9192802315,37.5298768897,,A04,A0401,A04011000,2924416,38,쇼핑
정관장 서울대,서울특별시 관악구 남부순환로 1798,126.9499371397,37.4813441871,,A04,A0401,A04011000,2924317,38,쇼핑
정관장 성행당,"서울특별시 동대문구 고산자로 465, 1층(제기동)",127.0382484914,37.5812924936,,A04,A0401,A04011000,2924500,38,쇼핑
정관장 신도림역점,서울특별시 구로구 새말로 83,126.8890864530,37.5052764311,,A04,A0401,A04011000,3307250,38,쇼핑
정관장 신사,서울특별시 은평구 증산로 405,126.9136984145,37.5925611709,,A04,A0401,A04011000,2915225,38,쇼핑
정관장 신설동점,서울특별시 동대문구 왕산로 9 (신설동),127.0245082170,37.5763400447,,A04,A0401,A04011000,3306932,38,쇼핑
정관장 신촌역,서울특별시 마포구 신촌로 78,126.9345086688,37.5557574883,,A04,A0401,A04011000,2918629,38,쇼핑
정관장 압구정,서울특별시 강남구 압구정로 306 (신사동) 103호,127.0347697389,37.5289068504,,A04,A0401,A04011000,2923685,38,쇼핑
정관장 오류,서울특별시 구로구 경인로 228,126.8462211511,37.4968794200,,A04,A0401,A04011000,2902836,38,쇼핑
정관장 을지로,"서울특별시 중구 을지로 103 (을지로2가,1층)",126.9893616995,37.5664794481,,A04,A0401,A04011000,2922553,38,쇼핑
정관장 응암,서울특별시 은평구 은평로 142,126.9234972956,37.6005465289,,A04,A0401,A04011000,2925380,38,쇼핑
정관장 이대역,"서울특별시 서대문구 신촌로 173 (대현동, 1층)",126.9452354328,37.5570242000,,A04,A0401,A04011000,2917294,38,쇼핑
정관장 잠실본동,서울특별시 송파구 백제고분로 188,127.0873406534,37.5042245514,,A04,A0401,A04011000,2915447,38,쇼핑
정관장 장안,서울특별시 동대문구 장한로 120 (장한동 367-2),127.0712818830,37.5710998286,,A04,A0401,A04011000,2909519,38,쇼핑
정관장 종각역,"서울특별시 종로구 삼봉로 95 (견지동, 종로1가) 대성 스카이렉스 102호",126.9825427134,37.5722397671,,A04,A0401,A04011000,2930720,38,쇼핑
정관장 종로4가,서울특별시 종로구 종로 195,126.9993356575,37.5711735259,,A04,A0401,A04011000,2925785,38,쇼핑
정관장 증산역,서울특별시 서대문구 증가로 259 (북가좌동) 102호,126.9111822281,37.5837121546,,A04,A0401,A04011000,2900963,38,쇼핑
정관장 청담사거리,서울특별시 강남구 도산대로 511 101호,127.0491935417,37.5248075863,,A04,A0401,A04011000,2915834,38,쇼핑
정관장 코스모,"서울특별시 강남구 영동대로 416 (대치동, 코스모타워 지하1층)",127.0653425868,37.5066377643,,A04,A0401,A04011000,2912287,38,쇼핑
정관장 테헤란,"서울특별시 강남구 테헤란로 437 (삼성동, 삼영빌딩 1층)",127.0550240764,37.5068097810,,A04,A0401,A04011000,2910868,38,쇼핑
정관장 한강로,서울특별시 용산구 한강대로 159-1,126.9716336925,37.5334940735,,A04,A0401,A04011000,2907220,38,쇼핑
정관장 한남,서울특별시 용산구 한남대로 60 리첸시아 118호,127.0079497995,37.5345362705,,A04,A0401,A04011000,2908961,38,쇼핑
정관장 한티역,서울특별시 강남구 선릉로 320 (대치동) 101호,127.0522023513,37.4983246048,,A04,A0401,A04011000,2910480,38,쇼핑
정관장 홍대입구역점,서울특별시 마포구 양화로 120 (서교동),126.9204127817,37.5539768876,,A04,A0401,A04011000,3305622,38,쇼핑
정관장 홍제,"서울특별시 서대문구 통일로 405, 1층(홍제동)",126.9470983363,37.5858486602,,A04,A0401,A04011000,2909593,38,쇼핑
정릉시장,서울특별시 성북구 보국문로11길 23 (정릉동),127.0087865115,37.6086165655,,A04,A0401,A04010200,2758180,38,쇼핑
정릉아리랑시장,서울특별시 성북구 아리랑로19길 10 (정릉동),127.0128390879,37.6027034367,,A04,A0401,A04010200,2758176,38,쇼핑
정호진,서울특별시 강북구 도봉로 62 (미아동),127.0305315802,37.6146468109,,A04,A0401,A04011000,3306641,38,쇼핑
정호진,서울특별시 관악구 봉천로 209 (봉천동),126.9249974851,37.4905482278,,A04,A0401,A04011000,3307179,38,쇼핑
제로그램,서울특별시 용산구 한강대로 405 (동자동),126.9717469660,37.5548915897,,A04,A0401,A04011000,3306057,38,쇼핑
제시뉴욕,서울특별시 금천구 디지털로 185 (가산동),126.8872262708,37.4782600918,,A04,A0401,A04011000,3305934,38,쇼핑
제시뉴욕 nc신구로,서울특별시 구로구 구로중앙로 152 (구로동),126.8827871414,37.5012129024,,A04,A0401,A04011000,3307241,38,쇼핑
제시카 두타,"서울특별시 중구 장충단로 275, 3층 8호",127.0088293006,37.5689100708,,A04,A0401,A04011000,2905138,38,쇼핑
제우스안경 명동,"서울특별시 중구 퇴계로 105, 2층",126.9834707270,37.5609244324,,A04,A0401,A04011000,2904023,38,쇼핑
제이디엑스행복한백화점점,서울특별시 양천구 목동동로309,126.8760230822,37.5291956414,,A04,A0401,A04011000,2923421,38,쇼핑
제이에스티나,서울특별시 중구 장충단로13길 20 (을지로6가)1층,127.0076821872,37.5687878415,,A04,A0401,A04011000,3305706,38,쇼핑
제이에스티나 롯데 본점,서울특별시 중구 남대문로 81,126.9817485525,37.5647822864,,A04,A0401,A04011000,2917203,38,쇼핑
제이에스티나 롯데 스타시티점,서울특별시 광진구 능동로 92 1층,127.0712300203,37.5390535504,,A04,A0401,A04011000,2924456,38,쇼핑
제이에스티나 롯데 청량리점,서울특별시 동대문구 왕산로 214,127.0474754499,37.5805510796,,A04,A0401,A04011000,2922436,38,쇼핑
제이에스티나 롯데백화점 노원점,서울특별시 노원구 동일로 1414,127.0614081608,37.6553315254,,A04,A0401,A04011000,2930416,38,쇼핑
제이에스티나 롯데백화점 잠실점,서울특별시 송파구 올림픽로 240,127.0976311526,37.5123821225,,A04,A0401,A04011000,2930525,38,쇼핑
제이에스티나현대무역점,서울특별시 강남구 테헤란로 517 2층,127.0597791462,37.5086679839,,A04,A0401,A04011000,2918460,38,쇼핑
제이제이지고트,서울특별시 강북구 도봉로 62 (미아동),127.0305315802,37.6146468109,,A04,A0401,A04011000,3306726,38,쇼핑
제이제이지고트,서울특별시 관악구 봉천로 209 (봉천동),126.9249974851,37.4905482278,,A04,A0401,A04011000,3306842,38,쇼핑
제이준성형외과,"서울특별시 강남구 논현로 530, 1층 (역삼동,행산빌딩지하 1층~지상5층)",127.0358786796,37.5038792218,,A04,A0401,A04011000,2893683,38,쇼핑
제일평화시장,서울특별시 중구 마장로 13,127.0113985190,37.5686268164,,A04,A0401,A04010200,2761427,38,쇼핑
젝시미스 롯데아울렛 서울역,서울특별시 중구 한강대로 405 (봉래동2가),126.9717664185,37.5545416306,,A04,A0401,A04011000,3305833,38,쇼핑
젝시믹스,서울특별시 중구 한강대로 405,126.9717664185,37.5545416306,,A04,A0401,A04011000,2930290,38,쇼핑
젝시믹스 nc신구로,서울특별시 구로구 구로중앙로 152 (구로동),126.8827871414,37.5012129024,,A04,A0401,A04011000,3306546,38,쇼핑
젠사이,"서울특별시 구로구 경인로 662 (신도림동, 디큐브시티)",126.8884169673,37.5089148857,,A04,A0401,A04011000,3306645,38,쇼핑
젠틀몬스터 갤러리아명품관,서울특별시 강남구 압구정로 343,127.0400692668,37.5285292127,,A04,A0401,A04011000,2901200,38,쇼핑
젠틀몬스터 롯데잠실,서울특별시 송파구 올림픽로 240,127.0976311526,37.5123821225,,A04,A0401,A04011000,2911349,38,쇼핑
젠틀몬스터 제우스안경 명동(위탁),서울특별시 중구 퇴계로 105 2층(충무로1가),126.9834707270,37.5609244324,,A04,A0401,A04011000,2917596,38,쇼핑
젠틀몬스터 현대목동,서울특별시 양천구 목동동로 257,126.8747288364,37.5263292843,,A04,A0401,A04011000,2924749,38,쇼핑
젠틀몬스터 현대무역,"서울특별시 강남구 테헤란로 517, 1층 (현대백화점 무역센터점)",127.0597791462,37.5086679839,,A04,A0401,A04011000,2911605,38,쇼핑
젠틀몬스터 현대본점,"서울특별시 강남구 압구정로 165, 현대백화점 1층",127.0274843337,37.5274180039,,A04,A0401,A04011000,2906284,38,쇼핑
젠틀몬스터 홍대,서울특별시 마포구 독막로7길 54,126.9201379160,37.5501106655,,A04,A0401,A04011000,2901422,38,쇼핑
젤리크루 이대점,서울특별시 서대문구 이화여대길 26 (대현동),126.9460353315,37.5580379853,,A04,A0401,A04011000,3307030,38,쇼핑
젬크레인 롯데 관악점,서울특별시 관악구 봉천로 209,126.9249974851,37.4905482278,,A04,A0401,A04011000,2911455,38,쇼핑
조르지오아르마니 월드타워점,서울특별시 송파구 올림픽로300,127.1040749597,37.5141653654,,A04,A0401,A04011000,2925478,38,쇼핑
조말론런던 롯데월드몰,서울특별시 송파구 올림픽로300,127.1040749597,37.5141653654,,A04,A0401,A04011000,2925506,38,쇼핑
조은안경,서울특별시 중구 남대문시장4길 42,126.9771352646,37.5584162767,,A04,A0401,A04011000,3306180,38,쇼핑
조은안경 회현,서울특별시 중구 남대문시장4길 42,126.9771352646,37.5584162767,,A04,A0401,A04011000,2907486,38,쇼핑
조이,서울특별시 관악구 봉천로 209 (봉천동),126.9249974851,37.4905482278,,A04,A0401,A04011000,3305790,38,쇼핑
조이그라이슨,"서울특별시 구로구 경인로 662 (신도림동, 디큐브시티)",126.8884169673,37.5089148857,,A04,A0401,A04011000,3307491,38,쇼핑
종로3가 귀금속 전문상가,서울특별시 종로구 종로3가,126.9917474779,37.5705317976,02-2148-1114,A04,A0401,A04010600,132421,38,쇼핑
종로6가 대학천 책방거리,서울특별시 종로구 종로 258,127.0064683558,37.5706514924,02-2265-0972,A04,A0401,A04010600,132202,38,쇼핑
종로꽃시장,서울특별시 종로구 종로41길 25 (종로6가),127.0063072098,37.5724012861,,A04,A0401,A04010200,2739481,38,쇼핑
종로약국 대치,서울특별시 강남구 도곡로 419 1층(대치동 삼정빌딩),127.0563297710,37.4977108606,,A04,A0401,A04011000,2930860,38,쇼핑
종이잡지클럽,서울특별시 마포구 양화로8길 32-15,126.9157661119,37.5494134455,,A04,A0401,A04011200,2940925,38,쇼핑
죠이라이프,서울특별시 금천구 벚꽃로 232(가산동),126.8858042553,37.4755020533,,A04,A0401,A04011000,2903792,38,쇼핑
주식회사 로드시스템,"서울특별시 송파구 오금로 87, 1123호(방이동,잠실리시온)",127.1074357510,37.5146653677,,A04,A0401,A04011000,2894645,38,쇼핑
주식회사 먼데이에디션,서울특별시 용산구 대사관로 11길 57,127.0012392608,37.5359082136,,A04,A0401,A04011000,2894065,38,쇼핑
주식회사 신만 [한국관광 품질인증/Korea Quality],서울특별시 마포구 방울내로 83 (망원동),126.9042279413,37.5612313103,,A04,A0401,A04010600,2638045,38,쇼핑
주식회사 아트코리아,서울특별시 종로구 자하문로 231(부암동) 서울미술관 1층,126.9632160596,37.5947562474,,A04,A0401,A04011000,2916191,38,쇼핑
주식회사 영원무역,서울특별시 중구 만리재로 159,126.9640504888,37.5533582965,,A04,A0401,A04011000,2909829,38,쇼핑
주식회사 올리브마트,서울특별시 중구 장충단로 229-3 1층(광희동1가),127.0071434449,37.5653215681,,A04,A0401,A04011000,2905357,38,쇼핑
주식회사 투바앤,서울특별시 종로구 경희궁1길 1,126.9718742850,37.5707036431,,A04,A0401,A04011000,2905465,38,쇼핑
주크 2001아울렛 중계,서울특별시 노원구 동일로204가길 46 (중계동),127.0679274101,37.6413416033,,A04,A0401,A04011000,3306583,38,쇼핑
준지 플래그십스토어 도산점,서울특별시 강남구 언주로164길 23,127.0354753206,37.5257183452,,A04,A0401,A04011000,2903131,38,쇼핑
중곡동 가구거리,서울특별시 광진구 능동,127.0809147499,37.5566516806,010-5508-0089,A04,A0401,A04010600,132502,38,쇼핑
중곡제일골목시장,서울특별시 광진구 능동로47길 30 (중곡동),127.0811367531,37.5636397621,,A04,A0401,A04010200,2751414,38,쇼핑
중앙청과,서울특별시 송파구 양재대로 932 (가락동),127.1107693087,37.4960786971,,A04,A0401,A04010600,2774568,38,쇼핑
쥬시쥬디,서울특별시 관악구 봉천로 209 (봉천동),126.9249974851,37.4905482278,,A04,A0401,A04011000,3305643,38,쇼핑
쥬시쥬디,서울특별시 강북구 도봉로 62 (미아동),127.0305315802,37.6146468109,,A04,A0401,A04011000,3306553,38,쇼핑
쥬크,서울특별시 영등포구 영중로 9 (영등포동4가),126.9055901684,37.5172308925,,A04,A0401,A04011000,3305888,38,쇼핑
쥬크,서울특별시 금천구 디지털로 185 (가산동),126.8872262708,37.4782600918,,A04,A0401,A04011000,3306697,38,쇼핑
지고트,서울특별시 강북구 도봉로 62 (미아동),127.0305315802,37.6146468109,,A04,A0401,A04011000,3307093,38,쇼핑
지고트,서울특별시 금천구 디지털로 185 (가산동),126.8872262708,37.4782600918,,A04,A0401,A04011000,3307109,38,쇼핑
지고트 2001아울렛 중계,서울특별시 노원구 동일로204가길 46 (중계동),127.0679274101,37.6413416033,,A04,A0401,A04011000,3307017,38,쇼핑
지고트 롯데서울역,서울특별시 중구 한강대로 405,126.9717664185,37.5545416306,,A04,A0401,A04011000,2930949,38,쇼핑
지고트 현대가든파이브,"서울특별시 송파구 충민로 66, 2층",127.1249768726,37.4776672007,,A04,A0401,A04011000,2910309,38,쇼핑
지고트 현대가산,"서울특별시 금천구 디지털로10길 9, 3층",126.8890705637,37.4776713039,,A04,A0401,A04011000,2922931,38,쇼핑
지고트 현대동대문,서울특별시 중구 장충단로13길 20 (을지로6가),127.0076821872,37.5687878415,,A04,A0401,A04011000,2930776,38,쇼핑
지누스,서울특별시 중구 장충단로13길 20 (을지로6가)2층,127.0076821872,37.5687878415,,A04,A0401,A04011000,3305850,38,쇼핑
지미추 롯데 에비뉴엘 월드타워점,서울특별시 송파구 올림픽로 300¸ 3층,127.1040749597,37.5141653654,,A04,A0401,A04011000,2924143,38,쇼핑
지방시 갤러리아명품관,"서울특별시 강남구 압구정로 407, 3층(압구정동)",127.0418357887,37.5279681978,,A04,A0401,A04011000,2915538,38,쇼핑
지방시 롯데잠실,"서울특별시 송파구 송파대로 521, 1층 (잠실동, 롯데백화점 잠실)",127.1008364354,37.5117072596,,A04,A0401,A04011000,2914935,38,쇼핑
지오다노,서울특별시 구로구 구로중앙로 152 (구로동),126.8827871414,37.5012129024,,A04,A0401,A04011000,3306017,38,쇼핑
지오다노,서울특별시 강북구 도봉로 62 (미아동),127.0305315802,37.6146468109,,A04,A0401,A04011000,3306995,38,쇼핑
지오다노,"서울특별시 구로구 경인로 662 (신도림동, 디큐브시티)",126.8884169673,37.5089148857,,A04,A0401,A04011000,3307237,38,쇼핑
지오다노,서울특별시 중구 장충단로13길 20 (을지로6가),127.0076821872,37.5687878415,,A04,A0401,A04011000,3307551,38,쇼핑
지오다노,서울특별시 금천구 디지털로 185 (가산동),126.8872262708,37.4782600918,,A04,A0401,A04011000,3307731,38,쇼핑
지오다노 2001아울렛 중계,서울특별시 노원구 동일로204가길 46 (중계동),127.0679274101,37.6413416033,,A04,A0401,A04011000,3305902,38,쇼핑
지오다노 nc신구로,서울특별시 구로구 구로중앙로 152 (구로동),126.8827871414,37.5012129024,,A04,A0401,A04011000,3305594,38,쇼핑
지오다노 강남,"서울특별시 서초구 강남대로65길 1 (서초동, 효봉빌딩)",127.0259157918,37.5005572060,,A04,A0401,A04011000,2931795,38,쇼핑
지오다노 롯데몰 은평점,서울특별시 은평구 통일로 1050,126.9179162000,37.6375893423,,A04,A0401,A04011000,2929803,38,쇼핑
지오다노 아이에프씨몰,서울특별시 영등포구 국제금융로 10,126.9266241202,37.5258580443,,A04,A0401,A04011000,2915472,38,쇼핑
지오다노 타임스퀘어,"서울특별시 영등포구 영중로 15 (영등포동 4가, 타임스퀘어 3층)",126.9053818370,37.5178335971,,A04,A0401,A04011000,2924771,38,쇼핑
지오다노 현대가든파이브,서울특별시 송파구 충민로 66,127.1249768726,37.4776672007,,A04,A0401,A04011000,2923797,38,쇼핑
지오송지오,서울특별시 금천구 디지털로 185 (가산동),126.8872262708,37.4782600918,,A04,A0401,A04011000,3307261,38,쇼핑
지오송지오 롯데서울역,서울특별시 중구 한강대로 405,126.9717664185,37.5545416306,,A04,A0401,A04011000,2900816,38,쇼핑
지오송지오 현대가산,"서울특별시 금천구 디지털로10길 9, 4층",126.8890705637,37.4776713039,,A04,A0401,A04011000,2931603,38,쇼핑
지오송지오 현대동대문,"서울특별시 중구 장충단로13길 20, 6층",127.0076821872,37.5687878415,,A04,A0401,A04011000,2924670,38,쇼핑
지오지아,서울특별시 금천구 디지털로 185 (가산동),126.8872262708,37.4782600918,,A04,A0401,A04011000,3306602,38,쇼핑
지오지아,서울특별시 서대문구 신촌로83,126.9358252045,37.5561435782,,A04,A0401,A04011000,3306800,38,쇼핑
지오지아,서울특별시 금천구 벚꽃로 278 (가산동),126.8846459143,37.4795432303,,A04,A0401,A04011000,3306977,38,쇼핑
지오지아 nc신구로,서울특별시 구로구 구로중앙로 152 (구로동),126.8827871414,37.5012129024,,A04,A0401,A04011000,3305865,38,쇼핑
지오지아 메세나폴리스,서울특별시 마포구 양화로 45 (서교동. 메세나폴리스) 메세나폴리스 1층,126.9136829551,37.5498911308,,A04,A0401,A04011000,2905790,38,쇼핑
지오지아 명동점,서울특별시 중구 명동8나길 6,126.9845928251,37.5616938077,,A04,A0401,A04011000,2928704,38,쇼핑
지오지아 코엑스,"서울특별시 강남구 영동대로 513(삼성동,코엑스몰M107호)",127.0592179950,37.5119175967,,A04,A0401,A04011000,2906366,38,쇼핑
지오지아 타임스퀘어,서울특별시 영등포구 영중로 15 (영등포4가 타임스퀘어3층),126.9053818370,37.5178335971,,A04,A0401,A04011000,2922555,38,쇼핑
지오지아 현대가든파이브,"서울특별시 송파구 충민로 66, 4층",127.1249768726,37.4776672007,,A04,A0401,A04011000,2914575,38,쇼핑
지오지아 현대동대문,서울특별시 중구 장충단로13길 20,127.0076821872,37.5687878415,,A04,A0401,A04011000,2924600,38,쇼핑
지우의원,서울특별시 강남구 테헤란로 107 (역삼동),127.0287683616,37.4987352472,,A04,A0401,A04011000,3306783,38,쇼핑
지이크,"서울특별시 구로구 경인로 662 (신도림동, 디큐브시티)",126.8884169673,37.5089148857,,A04,A0401,A04011000,3305801,38,쇼핑
지이크,서울특별시 금천구 디지털로 185 (가산동),126.8872262708,37.4782600918,,A04,A0401,A04011000,3307159,38,쇼핑
지이크 롯데서울역,서울특별시 중구 한강대로 405 (봉래동2가),126.9717664185,37.5545416306,,A04,A0401,A04011000,2918550,38,쇼핑
지이크 롯데팩토리가산,서울특별시 금천구 벚꽃로278,126.8846459143,37.4795432303,,A04,A0401,A04011000,2929090,38,쇼핑
지이크 현대가든파이브,"서울특별시 송파구 충민로 66, 4층",127.1249768726,37.4776672007,,A04,A0401,A04011000,2905644,38,쇼핑
지이크파렌하이트 타임스퀘어,"서울특별시 영등포구 영중로 15, 타임스퀘어 3층",126.9053818370,37.5178335971,,A04,A0401,A04011000,2931801,38,쇼핑
지이크파렌하이트 현대동대문,서울특별시 중구 장충단로13길 20,127.0076821872,37.5687878415,,A04,A0401,A04011000,2912761,38,쇼핑
지컷,서울특별시 영등포구 영중로 9 (영등포동4가),126.9055901684,37.5172308925,,A04,A0401,A04011000,3305925,38,쇼핑
지컷 nc신구로,서울특별시 구로구 구로중앙로 152 (구로동),126.8827871414,37.5012129024,,A04,A0401,A04011000,3307061,38,쇼핑
지코스모 이태원,서울특별시 용산구 이태원로 195 (이태원동),126.9956731303,37.5348693450,,A04,A0401,A04011000,2930313,38,쇼핑
지프 2001아울렛 중계,서울특별시 노원구 동일로204가길 46 (중계동),127.0679274101,37.6413416033,,A04,A0401,A04011000,3306994,38,쇼핑
지프 nc신구로,서울특별시 구로구 구로중앙로 152 (구로동),126.8827871414,37.5012129024,,A04,A0401,A04011000,3305528,38,쇼핑
지프키즈,서울특별시 관악구 봉천로 209 (봉천동),126.9249974851,37.4905482278,,A04,A0401,A04011000,3307195,38,쇼핑
지프키즈 2001아울렛 중계,서울특별시 노원구 동일로204가길 46 (중계동),127.0679274101,37.6413416033,,A04,A0401,A04011000,3307303,38,쇼핑
진광스포츠,서울특별시 중구 청계천로 298,127.0110679692,37.5694989313,,A04,A0401,A04011000,3307234,38,쇼핑
진도모피,서울특별시 관악구 봉천로 209 (봉천동),126.9249974851,37.4905482278,,A04,A0401,A04011000,3307726,38,쇼핑
질스튜어트 뉴욕맨 현대가든파이브,서울특별시 송파구 충민로66 4층,127.1249768726,37.4776672007,,A04,A0401,A04011000,2925356,38,쇼핑
차민성형외과의원,서울특별시 서초구 강남대로 503 (반포동),127.0228270043,37.5069064137,,A04,A0401,A04011000,3306125,38,쇼핑
찰스앤키스 IFC몰,서울특별시 영등포구 국제금융로 10,126.9266241202,37.5258580443,,A04,A0401,A04011000,2930738,38,쇼핑
찰스앤키스 눈스퀘어,서울특별시 중구 명동길 14,126.9829151500,37.5634685712,,A04,A0401,A04011000,2901436,38,쇼핑
찰스앤키스 롯데몰김포,서울특별시 강서구 하늘길 38,126.8029148466,37.5652540347,,A04,A0401,A04011000,2903271,38,쇼핑
찰스앤키스 스타필드 코엑스점,서울특별시 강남구 영동대로 513 A103호,127.0592179950,37.5119175967,,A04,A0401,A04011000,2922820,38,쇼핑
찰스앤키스 타임스퀘어,서울특별시 영등포구 영중로 15,126.9053818370,37.5178335971,,A04,A0401,A04011000,2909529,38,쇼핑
참좋은약국,서울특별시 강남구 테헤란로87길 17,127.0583626060,37.5087707246,,A04,A0401,A04011000,2893686,38,쇼핑
채그로,서울특별시 마포구 마포대로4다길 31 (마포동),126.9442833439,37.5357044387,,A04,A0401,A04010600,2741499,38,쇼핑
챔피온인터내셔널(주) MOK & COO,서울특별시 강남구 도산대로 11길 16 보배빌딩(신사동),127.0226766905,37.5184911763,,A04,A0401,A04011000,2894318,38,쇼핑
챔피온코엑스점,서울특별시 강남구 영동대로 513,127.0592179950,37.5119175967,,A04,A0401,A04011000,2915189,38,쇼핑
청계 조명기구상가,서울특별시 종로구 청계천로 155,126.9954361275,37.5671405907,,A04,A0401,A04010600,132244,38,쇼핑
청계약국 청계천,서울특별시 중구 청계천로 14(무교동),126.9788209270,37.5688373177,,A04,A0401,A04011000,2912349,38,쇼핑
청담 클린업 피부과의원,서울특별시 강남구 선릉로 832 (청담동)2층,127.0404331862,37.5262961450,,A04,A0401,A04011000,3307712,38,쇼핑
청담고운세상닥터지피부과의원,"서울특별시 강남구 도산대로 326 5층 (논현동, 대도타워)",127.0377418749,37.5223965492,,A04,A0401,A04011000,2908763,38,쇼핑
청담오라클피부과성형외과의원,서울특별시 강남구 선릉로 612,127.0437638549,37.5115756921,,A04,A0401,A04011000,2925755,38,쇼핑
청량리수산시장,서울특별시 동대문구 고산자로34길 52-11,127.0417816072,37.5776290944,,A04,A0401,A04010200,2759634,38,쇼핑
청량리청과물시장,서울특별시 동대문구 왕산로33길 4 (제기동),127.0424148233,37.5797121970,,A04,A0401,A04010200,2759652,38,쇼핑
청량종합도매시장,서울특별시 동대문구 경동시장로9가길 20,127.0403371651,37.5821729849,,A04,A0401,A04010200,2759661,38,쇼핑
청오가방도매상가,서울특별시 종로구 청계천로 229,127.0029909094,37.5701348234,,A04,A0401,A04010600,132207,38,쇼핑
청자 수입상가,서울특별시 중구 남대문시장4길 29,126.9773491223,37.5588356763,,A04,A0401,A04010600,1013394,38,쇼핑
청평화패션몰,서울특별시 중구 청계천로 334,127.0149537252,37.5695406629,,A04,A0401,A04010600,2761460,38,쇼핑
청하고려인삼(주),서울특별시 종로구 자하문로 280,126.9616966416,37.5987029838,,A04,A0401,A04011000,2909934,38,쇼핑
청하고려인삼[한국관광 품질인증/Korea Quality],서울특별시 종로구 자하문로 280 청하빌딩,126.9616966416,37.5987029838,02-395-1688,A04,A0401,A04010600,2498434,38,쇼핑
초이성형외과,서울특별시 서초구 강남대로 543 (반포동),127.0212659363,37.5104170892,,A04,A0401,A04011000,3306003,38,쇼핑
초이컴 용산전자랜드,서울특별시 용산구 청파로 74,126.9596403612,37.5327661657,,A04,A0401,A04011000,2925162,38,쇼핑
충신시장,서울특별시 종로구 충신동 31-1,127.0055461095,37.5744676988,,A04,A0401,A04010200,2759976,38,쇼핑
치유성형외과의원,서울특별시 강남구 도산대로 110 (논현동),127.0210352344,37.5163330650,,A04,A0401,A04011000,3307514,38,쇼핑
치크 nc신구로,서울특별시 구로구 구로중앙로 152 (구로동),126.8827871414,37.5012129024,,A04,A0401,A04011000,3305976,38,쇼핑
카스텔바작 NC불광,서울특별시 은평구 불광로 20,126.9289354269,37.6097677758,,A04,A0401,A04011000,2930075,38,쇼핑
카시나,서울특별시 용산구 이태원로266,127.0018252520,37.5382579507,,A04,A0401,A04011000,2928619,38,쇼핑
카운테스마라,서울특별시 금천구 디지털로 185 (가산동),126.8872262708,37.4782600918,,A04,A0401,A04011000,3307101,38,쇼핑
카이성형외과의원,"서울특별시 강남구 선릉로 830, 3층(청담동)",127.0404554125,37.5260628391,,A04,A0401,A04011000,2894178,38,쇼핑
카이스트안경,서울특별시 중구 명동2길 49,126.9833346187,37.5612632793,,A04,A0401,A04011000,2905440,38,쇼핑
카카오프렌즈 롯데월드몰,"서울특별시 송파구 올림픽로 300 (신천동) 5층(신청동, 롯데월드몰)",127.1040749597,37.5141653654,,A04,A0401,A04011000,2901998,38,쇼핑
카카오프렌즈 영플라자명동,"서울특별시 중구 남대문로 67 (남대문로2가,롯데영플라자)",126.9815347180,37.5635490929,,A04,A0401,A04011000,2917284,38,쇼핑
카카오프렌즈 플래그십 강남,"서울특별시 서초구 강남대로 429 (서초동,동일빌딩)",127.0257880178,37.5008460593,,A04,A0401,A04011000,2931479,38,쇼핑
카카오프렌즈 플래그십 홍대,서울특별시 마포구 양화로 162,126.9238846167,37.5564822141,,A04,A0401,A04011000,2900922,38,쇼핑
카카오프렌즈 홍대 플래그십 스토어,서울특별시 마포구 양화로 162,126.9238651767,37.5563933350,,A04,A0401,A04010600,2578284,38,쇼핑
카포 풋볼 스토어[한국관광 품질인증/Korea Quality],서울특별시 중구 을지로 282,127.0092126990,37.5653938197,010-8922-7981,A04,A0401,A04010600,2497554,38,쇼핑
칼하트WIP 압구정,"서울특별시 강남구 압구정로54길 21(신사동, 신우빌딩 1층)",127.0394193851,37.5264405540,,A04,A0401,A04011000,2930998,38,쇼핑
칼하트WIP 코엑스몰,서울특별시 강남구 영동대로 513,127.0592179950,37.5119175967,,A04,A0401,A04011000,2924803,38,쇼핑
칼하트WIP 타임스퀘어,서울특별시 영등포구 영중로 15,126.9053818370,37.5178335971,,A04,A0401,A04011000,2913977,38,쇼핑
캉골,서울특별시 영등포구 영중로 9 (영등포동4가),126.9055901684,37.5172308925,,A04,A0401,A04011000,3306597,38,쇼핑
캉골,서울특별시 용산구 한강대로 405 (동자동),126.9717469660,37.5548915897,,A04,A0401,A04011000,3307439,38,쇼핑
캉골 롯데아울렛서울역,서울특별시 중구 한강대로 405 (봉래동2가),126.9717664185,37.5545416306,,A04,A0401,A04011000,3307260,38,쇼핑
캉골 현대동대문,서울특별시 중구 장충단로13길 20,127.0076821872,37.5687878415,,A04,A0401,A04011000,2931373,38,쇼핑
캉골 홍대,서울특별시 마포구 독막로7길 28(서교동),126.9194074553,37.5490968809,,A04,A0401,A04011000,2904580,38,쇼핑
캐논플렉스,서울특별시 강남구 봉은사로 217,127.0357452353,37.5082342692,,A04,A0401,A04010600,2988926,38,쇼핑
캐리마켓 스타필드 코엑스점,서울특별시 강남구 영동대로 513,127.0592179950,37.5119175967,,A04,A0401,A04011000,2930016,38,쇼핑
캐리스노트,서울특별시 금천구 디지털로 185 (가산동),126.8872262708,37.4782600918,,A04,A0401,A04011000,3307229,38,쇼핑
캐리스노트 현대동대문,"서울특별시 중구 장충단로13길 20, 3층",127.0076821872,37.5687878415,,A04,A0401,A04011000,2911399,38,쇼핑
캘러웨이,"서울특별시 구로구 경인로 662 (신도림동, 디큐브시티)",126.8884169673,37.5089148857,,A04,A0401,A04011000,3307018,38,쇼핑
캘러웨이 골프,서울특별시 영등포구 영중로 9 (영등포동4가),126.9055901684,37.5172308925,,A04,A0401,A04011000,3306034,38,쇼핑
캘러웨이 현대아울렛 가산점,서울특별시 금천구 디지털로10길 9,126.8890705637,37.4776713039,,A04,A0401,A04011000,2895130,38,쇼핑
캘빈클라인,서울특별시 중구 장충단로 275 (을지로6가),127.0088293006,37.5689100708,,A04,A0401,A04011000,3306562,38,쇼핑
캘빈클라인 진,서울특별시 영등포구 영중로 9 (영등포동4가),126.9055901684,37.5172308925,,A04,A0401,A04011000,3305597,38,쇼핑
캠브리지,"서울특별시 구로구 경인로 662 (신도림동, 디큐브시티)",126.8884169673,37.5089148857,,A04,A0401,A04011000,3306217,38,쇼핑
캠브리지건대스타시티,서울특별시 광진구 능동로 92,127.0712300203,37.5390535504,,A04,A0401,A04011000,2924101,38,쇼핑
캠브리지멤버스,서울특별시 금천구 디지털로 185 (가산동),126.8872262708,37.4782600918,,A04,A0401,A04011000,3307532,38,쇼핑
캠퍼현대무역점,서울특별시 강남구 테헤란로 517 6층,127.0597791462,37.5086679839,,A04,A0401,A04011000,2918111,38,쇼핑
캡슐1.618 월드타워점,서울특별시 송파구 올림픽로 300¸ 5층,127.1040749597,37.5141653654,,A04,A0401,A04011000,2925598,38,쇼핑
커먼그라운드,서울특별시 광진구 아차산로 200,127.0650860666,37.5414726033,,A04,A0401,A04010600,2027870,38,쇼핑
커버낫,서울특별시 강북구 도봉로 62 (미아동),127.0305315802,37.6146468109,,A04,A0401,A04011000,3305873,38,쇼핑
커버낫,서울특별시 중구 장충단로13길 20 (을지로6가),127.0076821872,37.5687878415,,A04,A0401,A04011000,3306447,38,쇼핑
커버낫 롯데 서울역점,서울특별시 중구 한강대로 405,126.9717664185,37.5545416306,,A04,A0401,A04011000,2930451,38,쇼핑
컨버스,서울특별시 용산구 이태원로142,126.9895764861,37.5340776614,,A04,A0401,A04011000,2929099,38,쇼핑
컨버스 EXIT 홍대점,서울특별시 마포구 양화로 161 (동교동),126.9233290975,37.5569904784,,A04,A0401,A04011000,3305376,38,쇼핑
컨버스 두타,서울특별시 중구 장충단로 275,127.0088293006,37.5689100708,,A04,A0401,A04011000,2901780,38,쇼핑
컨버스 롯데아울렛 서울역점,서울특별시 용산구 한강대로 405 (동자동),126.9717469660,37.5548915897,,A04,A0401,A04011000,3307085,38,쇼핑
컨버스 롯데월드몰점,서울특별시 송파구 올림픽로 300,127.1040749597,37.5141653654,,A04,A0401,A04011000,3306111,38,쇼핑
컨버스 명동점,서울 중구 명동8길 16-1 (명동2가),126.9845455696,37.5630214300,,A04,A0401,A04011000,3305287,38,쇼핑
컨버스 타임스퀘어,"서울특별시 영등포구 영중로 15 (영등포동4가, 타임스퀘어) 3층",126.9053818370,37.5178335971,,A04,A0401,A04011000,2916222,38,쇼핑
컨버스 현대가든파이브,서울특별시 송파구 충민로66 3층,127.1249768726,37.4776672007,,A04,A0401,A04011000,2925345,38,쇼핑
컨버스 홍대점,서울특별시 마포구 홍익로6길 22 (동교동),126.9231013858,37.5553878827,,A04,A0401,A04011000,3307024,38,쇼핑
컨버스롯데월드몰점,서울특별시 송파구 올림픽로 300 (신천동),127.1040749597,37.5141653654,,A04,A0401,A04011000,3306211,38,쇼핑
컨버스명동중앙점,서울특별시 중구 명동8가길 3 (충무로2가),126.9851872140,37.5617493666,,A04,A0401,A04011000,3307682,38,쇼핑
컨셉스토어 튠,서울특별시 성동구 성수이로7가길 3 (성수동2가),127.0547314762,37.5406891747,,A04,A0401,A04010600,3079643,38,쇼핑
컨셉원 IFC몰,서울특별시 영등포구 국제금융로 10,126.9266241202,37.5258580443,,A04,A0401,A04011000,2930768,38,쇼핑
컬러스안경 홍대,서울특별시 마포구 와우산로 127,126.9276815708,37.5537020495,,A04,A0401,A04011000,2902689,38,쇼핑
컬럼비아 nc신구로,서울특별시 구로구 구로중앙로 152 (구로동),126.8827871414,37.5012129024,,A04,A0401,A04011000,3307043,38,쇼핑
컬럼비아 건대,서울특별시 광진구 자양동 8-12 1층,127.0669525862,37.5406699525,,A04,A0401,A04011000,2911402,38,쇼핑
컬럼비아 롯데서울역,서울특별시 용산구 한강대로 405,126.9717469660,37.5548915897,,A04,A0401,A04011000,2924014,38,쇼핑
컬럼비아 롯데팩토리 가산,서울특별시 금천구 벚꽃로 278 (가산동),126.8846459143,37.4795432303,,A04,A0401,A04011000,3306175,38,쇼핑
컬럼비아 현대가든파이브,서울특별시 송파구 충민로 66,127.1249768726,37.4776672007,,A04,A0401,A04011000,2925179,38,쇼핑
컬럼비아 현대동대문,서울특별시 중구 장충단로13길 20,127.0076821872,37.5687878415,,A04,A0401,A04011000,2901452,38,쇼핑
컬리수,"서울특별시 구로구 경인로 662 (신도림동, 디큐브시티)",126.8884169673,37.5089148857,,A04,A0401,A04011000,3307659,38,쇼핑
컬리수 nc신구로,서울특별시 구로구 구로중앙로 152 (구로동),126.8827871414,37.5012129024,,A04,A0401,A04011000,3306352,38,쇼핑
케네스레이디,"서울특별시 구로구 경인로 662 (신도림동, 디큐브시티)",126.8884169673,37.5089148857,,A04,A0401,A04011000,3306074,38,쇼핑
케네스레이디,서울특별시 관악구 봉천로 209 (봉천동),126.9249974851,37.4905482278,,A04,A0401,A04011000,3307337,38,쇼핑
케네스레이디,서울특별시 강북구 도봉로 62 (미아동),127.0305315802,37.6146468109,,A04,A0401,A04011000,3307703,38,쇼핑
케네스레이디 롯데팩토리가산점,서울특별시 금천구 벚꽃로278,126.8846459143,37.4795432303,,A04,A0401,A04011000,2894161,38,쇼핑
케이투 롯데 서울역점,서울특별시 중구 한강대로 405 4층,126.9717664185,37.5545416306,,A04,A0401,A04011000,2915690,38,쇼핑
코데즈컴바인,서울특별시 강북구 도봉로 62 (미아동),127.0305315802,37.6146468109,,A04,A0401,A04011000,3305792,38,쇼핑
코데즈컴바인 이너웨어,서울특별시 금천구 디지털로 185 (가산동),126.8872262708,37.4782600918,,A04,A0401,A04011000,3306557,38,쇼핑
코데즈컴바인이너 홍대,서울특별시 마포구 와우산로21길 36-3,126.9218210265,37.5525631878,,A04,A0401,A04011000,2907558,38,쇼핑
코렐,서울특별시 중구 장충단로13길 20 (을지로6가)2층,127.0076821872,37.5687878415,,A04,A0401,A04011000,3306788,38,쇼핑
코뿔소 안경원,서울특별시 강남구 강남대로 522 (논현동),127.0228380585,37.5088922946,,A04,A0401,A04011000,3306690,38,쇼핑
코스 롯데월드몰점,서울특별시 송파구 올림픽로 300,127.1040749597,37.5141653654,,A04,A0401,A04011000,2924595,38,쇼핑
코스 신세계 강남점,서울특별시 서초구 신반포로 176,127.0035815712,37.5056062193,,A04,A0401,A04011000,2927059,38,쇼핑
코스 아이에프씨몰,서울특별시 영등포구 국제금융로 10,126.9266241202,37.5258580443,,A04,A0401,A04011000,2899192,38,쇼핑
코스 청담점,서울특별시 강남구 압구정로 418,127.0427135118,37.5270766507,,A04,A0401,A04011000,2926590,38,쇼핑
코스 타임스퀘어점,서울특별시 영등포구 영중로 15,126.9053818370,37.5178335971,,A04,A0401,A04011000,2926463,38,쇼핑
코스모스하우스(주)_틴틴샵,서울특별시 마포구 와우산로29가길 80(서교동),126.9250873577,37.5538825377,,A04,A0401,A04011000,2894575,38,쇼핑
코오롱 스포츠 문정,서울특별시 송파구 동남로 128,127.1253431346,37.4907517996,,A04,A0401,A04011000,2911317,38,쇼핑
코오롱 시리즈 이태원,서울특별시 용산구 이태원로 244 (한남동),127.0005170866,37.5365331277,,A04,A0401,A04011000,2930280,38,쇼핑
코오롱 엘로드 현대가든파이브,서울특별시 송파구 충민로 66(문정동 634번지),127.1249768726,37.4776672007,,A04,A0401,A04011000,2924320,38,쇼핑
코오롱 캠브리지 현대가산,서울특별시 금천구 디지털로10길 9,126.8890705637,37.4776713039,,A04,A0401,A04011000,2930686,38,쇼핑
코오롱 커스텀멜로우 IFC몰,서울특별시 영등포구 국제금융로 10,126.9266241202,37.5258580443,,A04,A0401,A04011000,2912450,38,쇼핑
코오롱스포츠,"서울특별시 구로구 경인로 662 (신도림동, 디큐브시티)",126.8884169673,37.5089148857,,A04,A0401,A04011000,3306327,38,쇼핑
코오롱스포츠,서울특별시 영등포구 영중로 9 (영등포동4가),126.9055901684,37.5172308925,,A04,A0401,A04011000,3306811,38,쇼핑
코오롱스포츠 (문정직영점),서울특별시 송파구 동남로 128,127.1253264705,37.4907018055,02-402-1594,A04,A0401,A04010600,987565,38,쇼핑
코오롱스포츠 솟솟618점,서울특별시 서초구 원터2길 9,127.0557785643,37.4439226495,,A04,A0401,A04010600,2943363,38,쇼핑
코우치 롯데본점,서울특별시 중구 남대문로 81,126.9817485525,37.5647822864,,A04,A0401,A04011000,2900663,38,쇼핑
코코리따 nc신구로,서울특별시 구로구 구로중앙로 152 (구로동),126.8827871414,37.5012129024,,A04,A0401,A04011000,3307675,38,쇼핑
코코약국,서울특별시 중구 을지로 56 1층(을지로2가),126.9839955363,37.5659710771,,A04,A0401,A04011000,2905080,38,쇼핑
코코온누리약국 강남,서울특별시 강남구 강남대로 406,127.0276379017,37.4989935303,,A04,A0401,A04011000,2908241,38,쇼핑
콜렉트 삼성,"서울특별시 서초구 서초대로74길 11, B1층(서초동, 삼성전자빌딩)",127.0269296983,37.4966854519,,A04,A0401,A04011000,2923220,38,쇼핑
콜핑,서울특별시 금천구 벚꽃로 278 (가산동),126.8846459143,37.4795432303,,A04,A0401,A04011000,3306629,38,쇼핑
콜핑행복한백화점점,서울특별시 양천구 목동동로309,126.8760230822,37.5291956414,,A04,A0401,A04011000,2923325,38,쇼핑
콩콩이 그림가게,"서울특별시 종로구 인사동길 49, 3층 325호",126.9835675554,37.5745200760,,A04,A0401,A04011000,2905250,38,쇼핑
콰니 경복궁(KWANI Gyeongbokgung),서울특별시 종로구 사직로8길 1-3,126.9692271641,37.5756391332,,A04,A0401,A04010600,2386144,38,쇼핑
쿠엔즈버킷 동대문,서울특별시 중구 퇴계로64길 5-4,127.0085933541,37.5638773173,,A04,A0401,A04011000,2924550,38,쇼핑
퀸프라자,서울특별시 중구 남대문시장6길 29,126.9781046023,37.5590467765,02-775-8400,A04,A0401,A04010600,1013415,38,쇼핑
큐브성형외과,서울특별시 구로구 경인로 662,126.8884169673,37.5089148857,,A04,A0401,A04011000,2905435,38,쇼핑
크레송,서울특별시 관악구 봉천로 209 (봉천동),126.9249974851,37.4905482278,,A04,A0401,A04011000,3307654,38,쇼핑
크레송 현대가산,"서울특별시 금천구 디지털로10길 9, 3층",126.8890705637,37.4776713039,,A04,A0401,A04011000,2906523,38,쇼핑
크로커다일,서울특별시 관악구 봉천로 209 (봉천동),126.9249974851,37.4905482278,,A04,A0401,A04011000,3307331,38,쇼핑
크로커다일 nc신구로,서울특별시 구로구 구로중앙로 152 (구로동),126.8827871414,37.5012129024,,A04,A0401,A04011000,3307063,38,쇼핑
크로커다일레이디,서울특별시 금천구 디지털로 185 (가산동),126.8872262708,37.4782600918,,A04,A0401,A04011000,3307461,38,쇼핑
크로커다일레이디 2001아울렛 중계,서울특별시 노원구 동일로204가길 46 (중계동),127.0679274101,37.6413416033,,A04,A0401,A04011000,3305973,38,쇼핑
크록스,서울특별시 성북구 동소문로 315 (길음동),127.0287930253,37.6084530555,,A04,A0401,A04011000,3307209,38,쇼핑
크록스,"서울특별시 구로구 경인로 662 (신도림동, 디큐브시티)",126.8884169673,37.5089148857,,A04,A0401,A04011000,3307737,38,쇼핑
크록스 nc신구로,서울특별시 구로구 구로중앙로 152 (구로동),126.8827871414,37.5012129024,,A04,A0401,A04011000,3305864,38,쇼핑
크록스 롯데 서울역점,서울특별시 중구 한강대로 405 4층,126.9717664185,37.5545416306,,A04,A0401,A04011000,2915847,38,쇼핑
크록스 현대동대문,서울특별시 중구 장충단로13길 20,127.0076821872,37.5687878415,,A04,A0401,A04011000,2929269,38,쇼핑
크리드,서울특별시 영등포구 영중로 9 (영등포동4가),126.9055901684,37.5172308925,,A04,A0401,A04011000,3306945,38,쇼핑
크리드 월드타워점,서울특별시 송파구 올림픽로300,127.1040305171,37.5142459111,,A04,A0401,A04011000,2925508,38,쇼핑
크리스 PING 롯데서울역,서울특별시 중구 한강대로 405,126.9717664185,37.5545416306,,A04,A0401,A04011000,2923984,38,쇼핑
크리스 PING 롯데팩토리가산,서울특별시 금천구 벚꽃로278,126.8846459143,37.4795432303,,A04,A0401,A04011000,2906467,38,쇼핑
크리스 PING 현대가든파이브,"서울특별시 송파구 충민로 66, 4층",127.1249768726,37.4776672007,,A04,A0401,A04011000,2914092,38,쇼핑
크리스 PING 현대가산,"서울특별시 금천구 디지털로10길 9, 5층",126.8890705637,37.4776713039,,A04,A0401,A04011000,2910297,38,쇼핑
크리스 PING 현대동대문,"서울특별시 중구 장충단로13길 20(을지로6가, 현대시티아울렛 핑 코너)",127.0076821872,37.5687878415,,A04,A0401,A04011000,2924614,38,쇼핑
크리스 파리게이츠 현대가든파이브,"서울특별시 송파구 충민로 66, 4층",127.1249768726,37.4776672007,,A04,A0401,A04011000,2908868,38,쇼핑
크리스 팬텀 롯데팩토리가산,서울특별시 금천구 벚꽃로278,126.8846459143,37.4795432303,,A04,A0401,A04011000,2924623,38,쇼핑
크리스 팬텀 현대가산,"서울특별시 금천구 디지털로10길 9, 5층",126.8890705637,37.4776713039,,A04,A0401,A04011000,2927779,38,쇼핑
클라랑스,"서울특별시 구로구 경인로 662 (신도림동, 디큐브시티)",126.8884169673,37.5089148857,,A04,A0401,A04011000,3305513,38,쇼핑
클라비스 nc신구로,서울특별시 구로구 구로중앙로 152 (구로동),126.8827871414,37.5012129024,,A04,A0401,A04011000,3307578,38,쇼핑
클라이드,서울특별시 금천구 디지털로 185 (가산동),126.8872262708,37.4782600918,,A04,A0401,A04011000,3307745,38,쇼핑
클라이드앤,서울특별시 중구 장충단로 275 (을지로6가),127.0088293006,37.5689100708,,A04,A0401,A04011000,3307284,38,쇼핑
클럽모나코 월드타워점,서울특별시 송파구 올림픽로 300¸ 5층,127.1040749597,37.5141653654,,A04,A0401,A04011000,2924557,38,쇼핑
클럽모나코현대무역점,서울특별시 강남구 테헤란로 517 7층,127.0597791462,37.5086679839,,A04,A0401,A04011000,2918346,38,쇼핑
클로체_용산점,서울특별시 용산구 청파로 20길 95(한강로3가),126.9630345182,37.5320052033,,A04,A0401,A04011000,2894073,38,쇼핑
클루 (코엑스점),서울특별시 강남구 봉은사로 524,127.0571098261,37.5128868912,,A04,A0401,A04010600,1021328,38,쇼핑
클리브랜드,"서울특별시 구로구 경인로 662 (신도림동, 디큐브시티)",126.8884169673,37.5089148857,,A04,A0401,A04011000,3306911,38,쇼핑
클리지 롯데팩토리 가산,서울특별시 금천구 벚꽃로 278 (가산동),126.8846459143,37.4795432303,,A04,A0401,A04011000,3306727,38,쇼핑
클린업피부과의원강남,서울특별시 서초구 강남대로 429 (서초동),127.0257880178,37.5008460593,,A04,A0401,A04011000,3306251,38,쇼핑
클린업피부과의원노원,서울특별시 노원구 노해로 451 (상계동),127.0582418167,37.6541677148,,A04,A0401,A04011000,3305375,38,쇼핑
키다리성형외과의원,"서울특별시 서초구 강남대로405,15층(서초동,통영빌딩)",127.0267074350,37.4988268657,,A04,A0401,A04011000,2905387,38,쇼핑
키르시,서울특별시 중구 장충단로13길 20 (을지로6가),127.0076821872,37.5687878415,,A04,A0401,A04011000,3307344,38,쇼핑
키엘,서울특별시 영등포구 영중로 9 (영등포동4가),126.9055901684,37.5172308925,,A04,A0401,A04011000,3306872,38,쇼핑
키엘,서울특별시 관악구 봉천로 209 (봉천동),126.9249974851,37.4905482278,,A04,A0401,A04011000,3306894,38,쇼핑
키이스,서울특별시 금천구 디지털로 185 (가산동),126.8872262708,37.4782600918,,A04,A0401,A04011000,3306247,38,쇼핑
키이스&기비,서울특별시 중구 장충단로13길 20 (을지로6가)3층,127.0076821872,37.5687878415,,A04,A0401,A04011000,3306383,38,쇼핑
킨록,서울특별시 금천구 디지털로 185 (가산동),126.8872262708,37.4782600918,,A04,A0401,A04011000,3306972,38,쇼핑
킨록앤더슨,서울특별시 관악구 봉천로 209 (봉천동),126.9249974851,37.4905482278,,A04,A0401,A04011000,3305857,38,쇼핑
킨록앤더슨,서울특별시 금천구 디지털로 185 (가산동),126.8872262708,37.4782600918,,A04,A0401,A04011000,3307530,38,쇼핑
타넬로(모두디자인컴퍼니),서울특별시 종로구 재동 32-4 1층,126.9844423345,37.5794972910,,A04,A0401,A04011000,2904636,38,쇼핑
타미야(홍대점),서울특별시 마포구 양화로 176,126.9250122694,37.5572849188,,A04,A0401,A04011000,2910017,38,쇼핑
타미진스,서울특별시 서대문구 신촌로83,126.9358252045,37.5561435782,,A04,A0401,A04011000,2927084,38,쇼핑
타미힐피거,서울특별시 서초구 신반포로 176 5층,127.0035815712,37.5056062193,,A04,A0401,A04011000,2928872,38,쇼핑
타미힐피거,서울특별시 영등포구 영중로 9 (영등포동4가),126.9055901684,37.5172308925,,A04,A0401,A04011000,3305296,38,쇼핑
타미힐피거,서울특별시 관악구 봉천로 209 (봉천동),126.9249974851,37.4905482278,,A04,A0401,A04011000,3306620,38,쇼핑
타미힐피거,"서울특별시 구로구 경인로 662 (신도림동, 디큐브시티)",126.8884169673,37.5089148857,,A04,A0401,A04011000,3306974,38,쇼핑
타미힐피거,서울특별시 관악구 봉천로 209 (봉천동),126.9249974851,37.4905482278,,A04,A0401,A04011000,3307645,38,쇼핑
타미힐피거건대스타시티,서울특별시 광진구 능동로 92,127.0712300203,37.5390535504,,A04,A0401,A04011000,2924061,38,쇼핑
타사키 에비뉴엘잠실,"서울특별시 송파구 올림픽로 300 (신천동, 롯데백화점에비뉴엘월드타워점 2층)",127.1040749597,37.5141653654,,A04,A0401,A04011000,2914314,38,쇼핑
타사키 현대목동,서울특별시 양천구 목동동로 257,126.8747288364,37.5263292843,,A04,A0401,A04011000,2931835,38,쇼핑
타사키 현대무역,"서울특별시 강남구 테헤란로 517,2층(삼성동, 현대백화점 무역센터점)",127.0597791462,37.5086679839,,A04,A0401,A04011000,2931814,38,쇼핑
타사키 현대본점,"서울특별시 강남구 압구정로 165(압구정동, 현대백화점본점)",127.0274843337,37.5274180039,,A04,A0401,A04011000,2907176,38,쇼핑
타워약국*,서울특별시 강남구 도산대로 107 1층(신사동),127.0201241919,37.5168329904,,A04,A0401,A04011000,2904925,38,쇼핑
타임,서울특별시 영등포구 영중로 9 (영등포동4가),126.9055901684,37.5172308925,,A04,A0401,A04011000,3305524,38,쇼핑
타임,서울특별시 중구 장충단로13길 20 (을지로6가)6층,127.0076821872,37.5687878415,,A04,A0401,A04011000,3305699,38,쇼핑
타임,"서울특별시 구로구 경인로 662 (신도림동, 디큐브시티)",126.8884169673,37.5089148857,,A04,A0401,A04011000,3305771,38,쇼핑
타임스퀘어,서울특별시 영등포구 영중로 15 (영등포동4가),126.9053818370,37.5178335971,,A04,A0401,A04010600,806322,38,쇼핑
탑이슈,서울특별시 강북구 도봉로 62 (미아동),127.0305315802,37.6146468109,,A04,A0401,A04011000,3307667,38,쇼핑
탑텐 건대스타시티,"서울특별시 광진구 능동로 92, 5층(자양동, 롯데백화점 건대 스타시티점)",127.0712300203,37.5390535504,,A04,A0401,A04011000,2917798,38,쇼핑
탑텐 메세나점,서울특별시 마포구 서교동 490,126.9136829551,37.5498911308,,A04,A0401,A04011000,2926914,38,쇼핑
탑텐 합정메세나폴리스,서울특별시 마포구 양화로 45 메세나폴리스,126.9136829551,37.5498911308,,A04,A0401,A04011000,2911351,38,쇼핑
탑텐키즈,서울특별시 중구 장충단로13길 20 (을지로6가),127.0076821872,37.5687878415,,A04,A0401,A04011000,3306830,38,쇼핑
탑텐키즈 nc신구로,서울특별시 구로구 구로중앙로 152 (구로동),126.8827871414,37.5012129024,,A04,A0401,A04011000,3307298,38,쇼핑
탑텐키즈 롯데월드몰,"서울특별시 송파구 올림픽로 300, 4층(신천동,롯데월드몰)",127.1040749597,37.5141653654,,A04,A0401,A04011000,2912460,38,쇼핑
태릉시장,서울특별시 중랑구 동일로129길 35,127.0775638424,37.5992605586,,A04,A0401,A04010200,2761478,38,쇼핑
태산종합주방,서울특별시 중구 남대문시장4길 9 D동 3층 35호,126.9776907326,37.5597216902,,A04,A0401,A04011000,3306433,38,쇼핑
탠디,"서울특별시 구로구 경인로 662 (신도림동, 디큐브시티)",126.8884169673,37.5089148857,,A04,A0401,A04011000,3306313,38,쇼핑
탠디,서울특별시 서대문구 신촌로83,126.9358252045,37.5561435782,,A04,A0401,A04011000,3306442,38,쇼핑
탠디,서울특별시 강북구 도봉로 62 (미아동),127.0305315802,37.6146468109,,A04,A0401,A04011000,3307155,38,쇼핑
탠디 2001아울렛 중계,서울특별시 노원구 동일로204가길 46 (중계동),127.0679274101,37.6413416033,,A04,A0401,A04011000,3306061,38,쇼핑
탠디 nc신구로,서울특별시 구로구 구로중앙로 152 (구로동),126.8827871414,37.5012129024,,A04,A0401,A04011000,3305457,38,쇼핑
탠디 롯데서울역,서울특별시 중구 한강대로 405 (봉래동2가),126.9717664185,37.5545416306,,A04,A0401,A04011000,2924012,38,쇼핑
탠디 롯데팩토리가산,서울특별시 금천구 벚꽃로278,126.8846459143,37.4795432303,,A04,A0401,A04011000,2907427,38,쇼핑
탠디 현대가든파이브,"서울특별시 송파구 충민로 66,2층",127.1249768726,37.4776672007,,A04,A0401,A04011000,2910345,38,쇼핑
탠디 현대가산,"서울특별시 금천구 디지털로10길 9, 2층(가산동, 현대아울렛가산점)",126.8890705637,37.4776713039,,A04,A0401,A04011000,2907041,38,쇼핑
탠디 현대동대문,서울특별시 중구 장충단로13길 20,127.0076821872,37.5687878415,,A04,A0401,A04011000,2929185,38,쇼핑
탤런트키즈 nc신구로,서울특별시 구로구 구로중앙로 152 (구로동),126.8827871414,37.5012129024,,A04,A0401,A04011000,3305508,38,쇼핑
탬버린즈 가로수,서울특별시 강남구 압구정로10길 44,127.0220905704,37.5206881333,,A04,A0401,A04011000,2929371,38,쇼핑
테이러메이드 포스코점,서울특별시 강남구 삼성로 524,127.0559211542,37.5090206515,,A04,A0401,A04011000,2930419,38,쇼핑
테이크어스트릿(Take a street),서울특별시 마포구 양화로 45,126.9136995850,37.5511159887,,A04,A0401,A04010600,985372,38,쇼핑
테일러메이드,서울특별시 용산구 한강대로 405 (동자동),126.9717469660,37.5548915897,,A04,A0401,A04011000,3306182,38,쇼핑
테일러블 한남점,서울특별시 용산구 대사관로7길 2,127.0007726833,37.5342556192,,A04,A0401,A04011000,2915315,38,쇼핑
테일러성형외과의원,"서울특별시 강남구 논현로 838, 402호",127.0286676727,37.5233990477,,A04,A0401,A04011000,2908786,38,쇼핑
테크노마트 강변점,서울특별시 광진구 광나루로56길 85 (구의동),127.0957084403,37.5357793715,,A04,A0401,A04010600,690568,38,쇼핑
테헤란안경 포스코센터점,서울특별시 강남구 테헤란로 440 (대치동),127.0561462234,37.5058682440,,A04,A0401,A04011000,3305482,38,쇼핑
템퍼,서울특별시 중구 장충단로13길 20 (을지로6가)2층,127.0076821872,37.5687878415,,A04,A0401,A04011000,3306462,38,쇼핑
토니모리 남대문점,서울특별시 중구 남창동 34-77,126.9766713716,37.5600355246,,A04,A0401,A04011000,2927201,38,쇼핑
토니모리 동대문,서울특별시 중구 장충단로 257(을지로6가),127.0085126983,37.5676657654,,A04,A0401,A04011000,2900934,38,쇼핑
토니모리 신분당선강남,서울특별시 강남구 강남대로 390,127.0285934010,37.4978936744,,A04,A0401,A04011000,2906014,38,쇼핑
토니모리 을지로3가역점,서울특별시 중구 을지로 131 을지로3구역 지하쇼핑,126.9942140344,37.5664961993,,A04,A0401,A04011000,3306701,38,쇼핑
토니모리 코엑스,"서울특별시 강남구 영동대로 513, L109호",127.0592179950,37.5119175967,,A04,A0401,A04011000,2924634,38,쇼핑
토니모리 홍대,서울특별시 마포구 서교동 365-2,126.9224403647,37.5543213282,,A04,A0401,A04011000,2917285,38,쇼핑
토리버치,서울특별시 영등포구 영중로 9 (영등포동4가),126.9055901684,37.5172308925,,A04,A0401,A04011000,3306325,38,쇼핑
토박스,"서울특별시 구로구 경인로 662 (신도림동, 디큐브시티)",126.8884169673,37.5089148857,,A04,A0401,A04011000,3305652,38,쇼핑
토인,서울특별시 종로구 인사동길 48 (관훈동),126.9844702526,37.5744589884,,A04,A0401,A04010600,2946404,38,쇼핑
토즈 신세계 강남점,서울특별시 서초구 신반포로 176,127.0035815712,37.5056062193,,A04,A0401,A04011000,2911452,38,쇼핑
토즈 현대 목동점,서울특별시 양천구 목동동로257 1층,126.8747288364,37.5263292843,,A04,A0401,A04011000,2915486,38,쇼핑
토즈 현대 본점,서울특별시 강남구 압구정로 165,127.0274843337,37.5274180039,,A04,A0401,A04011000,2915478,38,쇼핑
토즈 현대 천호점,서울특별시 강동구 천호대로 1005,127.1244557316,37.5390267349,,A04,A0401,A04011000,2900763,38,쇼핑
토즈 현대 코엑스점,서울특별시 강남구 테헤란로 517,127.0597791462,37.5086679839,,A04,A0401,A04011000,2915484,38,쇼핑
톡스앤필의원,서울특별시 서초구 강남대로 415,127.0263546669,37.4996128797,,A04,A0401,A04011000,2903795,38,쇼핑
톡스앤필의원 명동점,서울특별시 중구 남대문로 84 (남대문로2가),126.9828567861,37.5647350890,,A04,A0401,A04011000,3307588,38,쇼핑
톡스앤필의원 홍대신촌점,서울특별시 마포구 양화로 141 (동교동),126.9216848363,37.5558072531,,A04,A0401,A04011000,3305886,38,쇼핑
톨비스트,서울특별시 금천구 디지털로 185 (가산동),126.8872262708,37.4782600918,,A04,A0401,A04011000,3307203,38,쇼핑
톰맥캔,"서울특별시 구로구 경인로 662 (신도림동, 디큐브시티)",126.8884169673,37.5089148857,,A04,A0401,A04011000,3305314,38,쇼핑
톰보이,서울특별시 서대문구 신촌로83,126.9358252045,37.5561435782,,A04,A0401,A04011000,2927082,38,쇼핑
톰보이,서울 중구 장충단로13길 20 (을지로6가)4층,127.0076821872,37.5687878415,,A04,A0401,A04011000,3305285,38,쇼핑
톰보이,서울특별시 금천구 디지털로10길 9 (가산동),126.8890705637,37.4776713039,,A04,A0401,A04011000,3305445,38,쇼핑
톰보이,서울특별시 금천구 디지털로 185 (가산동),126.8872262708,37.4782600918,,A04,A0401,A04011000,3306044,38,쇼핑
톰보이 nc신구로,서울특별시 구로구 구로중앙로 152 (구로동),126.8827871414,37.5012129024,,A04,A0401,A04011000,3306770,38,쇼핑
톰보이 현대가든파이브,"서울특별시 송파구 충민로 66, 2층",127.1249768726,37.4776672007,,A04,A0401,A04011000,2924821,38,쇼핑
톰포드 신세계 강남점,서울특별시 서초구 신반포로 176 6층,127.0035815712,37.5056062193,,A04,A0401,A04011000,2911768,38,쇼핑
톰포드남성 갤러리아,서울특별시 강남구 압구정로 407 갤러리아백화점,127.0418357887,37.5279681978,,A04,A0401,A04011000,2910944,38,쇼핑
톰포드뷰티 월드타워점,서울특별시 송파구 올림픽로300,127.1040305171,37.5142459111,,A04,A0401,A04011000,2925514,38,쇼핑
톰포드여성 갤러리아,서울특별시 강남구 압구정로 407,127.0418357887,37.5279681978,,A04,A0401,A04011000,2911786,38,쇼핑
통인가게,서울특별시 종로구 인사동길 32,126.9859145904,37.5735757835,,A04,A0401,A04010900,969950,38,쇼핑
통인시장,서울특별시 종로구 자하문로15길 18 (통인동),126.9699630613,37.5808190992,,A04,A0401,A04010200,1590323,38,쇼핑
퇴계로 오토바이상가,서울특별시 중구 충무로4가,126.9273224518,36.9844568739,,A04,A0401,A04010600,132198,38,쇼핑
투쿨포스쿨 홍대2호,서울특별시 마포구 어울마당로 102(서교동),126.9224987032,37.5539630376,,A04,A0401,A04011000,2901177,38,쇼핑
튜브 nc신구로,서울특별시 구로구 구로중앙로 152 (구로동),126.8827871414,37.5012129024,,A04,A0401,A04011000,3307697,38,쇼핑
튠,서울특별시 성동구 성수이로7가길 3 (성수동2가),127.0547314762,37.5406891747,,A04,A0401,A04011000,3306079,38,쇼핑
트라비체 청담점,서울특별시 강남구 선릉로152길 32,127.0422303013,37.5242769672,,A04,A0401,A04011000,2901594,38,쇼핑
트라이엄프 롯데팩토리 가산,서울특별시 금천구 벚꽃로 278 (가산동),126.8846459143,37.4795432303,,A04,A0401,A04011000,3305893,38,쇼핑
트라이엄프 현대가든파이브,"서울특별시 송파구 충민로 66, 2층",127.1249768726,37.4776672007,,A04,A0401,A04011000,2931604,38,쇼핑
트라이엄프 현대동대문,서울특별시 중구 장충단로13길 20,127.0076821872,37.5687878415,,A04,A0401,A04011000,2931094,38,쇼핑
트렉스타 롯데팩토리가산,서울특별시 금천구 벚꽃로 278,126.8846459143,37.4795432303,,A04,A0401,A04011000,2912752,38,쇼핑
트렌드컬렉션 nc신구로,서울특별시 구로구 구로중앙로 152 (구로동),126.8827871414,37.5012129024,,A04,A0401,A04011000,3306124,38,쇼핑
트루바두르 홍대,서울특별시 마포구 어울마당로 137,126.9251483894,37.5565127886,,A04,A0401,A04011000,2930884,38,쇼핑
트루상사,서울특별시 강남구 언주로 825,127.0327783957,37.5238851762,,A04,A0401,A04011000,2922963,38,쇼핑
트루젠,서울특별시 금천구 디지털로 185 (가산동),126.8872262708,37.4782600918,,A04,A0401,A04011000,3307216,38,쇼핑
트루젠 현대동대문,서울특별시 중구 장충단로13길 20,127.0076821872,37.5687878415,,A04,A0401,A04011000,2930963,38,쇼핑
트리니티여성의원,서울특별시 강남구 도산대로 108 (논현동),127.0206713808,37.5162441789,,A04,A0401,A04011000,3307323,38,쇼핑
트리아나,서울특별시 금천구 디지털로 185 (가산동),126.8872262708,37.4782600918,,A04,A0401,A04011000,3306716,38,쇼핑
트위 롯데월드몰,서울특별시 송파구 올림픽로300,127.1040749597,37.5141653654,,A04,A0401,A04011000,2931206,38,쇼핑
티르리르,서울특별시 강북구 도봉로 62 (미아동),127.0305315802,37.6146468109,,A04,A0401,A04011000,3306649,38,쇼핑
티아이포맨코엑스점,서울특별시 강남구 영동대로513,127.0592179950,37.5119175967,,A04,A0401,A04011000,2916606,38,쇼핑
티앤티정보 용산전자랜드,서울특별시 용산구 청파로 74,126.9596403612,37.5327661657,,A04,A0401,A04011000,2908914,38,쇼핑
티파니,서울특별시 성북구 동소문로 315 (길음동),127.0287930253,37.6084530555,,A04,A0401,A04011000,3306869,38,쇼핑
티파니 롯데잠실,서울특별시 송파구 올림픽로 240 (잠실동) 롯데월드 1층,127.0976311526,37.5123821225,,A04,A0401,A04011000,2922929,38,쇼핑
티파니 신세계강남,서울특별시 서초구 신반포로 176,127.0035815712,37.5056062193,,A04,A0401,A04011000,2930523,38,쇼핑
티파니 현대무역,서울특별시 강남구 테헤란로 517 (삼성동),127.0597791462,37.5086679839,,A04,A0401,A04011000,2930152,38,쇼핑
팀버랜드 롯데월드몰,"서울특별시 송파구 올림픽로 300 (신천동,3층)",127.1040749597,37.5141653654,,A04,A0401,A04011000,2901980,38,쇼핑
팀블룸2호점 경복궁,서울특별시 종로구 필운대로 46,126.9688354055,37.5801469354,,A04,A0401,A04011000,2906066,38,쇼핑
파네라이 갤러리아EAST,서울특별시 강남구 압구정로 407,127.0418357887,37.5279681978,,A04,A0401,A04011000,2894803,38,쇼핑
파네라이 롯데 에비뉴엘점,서울특별시 중구 남대문로 73 2층,126.9816707967,37.5642573461,,A04,A0401,A04011000,2928048,38,쇼핑
파네라이 현대 코엑스점,서울특별시 강남구 테헤란로 517 2층,127.0597791462,37.5086679839,,A04,A0401,A04011000,2926491,38,쇼핑
파덱필립 갤러리아,서울특별시 강남구 압구정로 407,127.0418357887,37.5279681978,,A04,A0401,A04011000,2911994,38,쇼핑
파라부트 한남,서울특별시 용산구 이태원로 228-1,126.9992450093,37.5355082236,,A04,A0401,A04011000,2903070,38,쇼핑
파라점퍼스 롯데백화점 잠실 에비뉴엘점,서울특별시 송파구 올림픽로 300¸ 3층,127.1040749597,37.5141653654,,A04,A0401,A04011000,2924148,38,쇼핑
파렌하이트,"서울특별시 구로구 경인로 662 (신도림동, 디큐브시티)",126.8884169673,37.5089148857,,A04,A0401,A04011000,3306576,38,쇼핑
파르나스몰,서울특별시 강남구 테헤란로 521,127.0608845757,37.5095984514,02-559-7089,A04,A0401,A04010600,1985821,38,쇼핑
파르베행복한백화점점,서울특별시 양천구 목동동로309,126.8760230822,37.5291956414,,A04,A0401,A04011000,2923512,38,쇼핑
파리게이츠,서울특별시 금천구 디지털로10길 9 (가산동),126.8890705637,37.4776713039,,A04,A0401,A04011000,3305884,38,쇼핑
파리게이츠,"서울특별시 구로구 경인로 662 (신도림동, 디큐브시티)",126.8884169673,37.5089148857,,A04,A0401,A04011000,3306144,38,쇼핑
파리게이츠골프,서울특별시 용산구 한강대로 405 (동자동),126.9717469660,37.5548915897,,A04,A0401,A04011000,3305316,38,쇼핑
파리미키 에비뉴엘잠실,"서울특별시 송파구 올림픽로 300, 에비뉴엘동 5층(신청동, 롯데월드타워)",127.1040749597,37.5141653654,,A04,A0401,A04011000,2911390,38,쇼핑
파비아나필리피,서울특별시 송파구 올림픽로 300¸ 3층,127.1040749597,37.5141653654,,A04,A0401,A04011000,2924151,38,쇼핑
파사디골프,서울특별시 금천구 디지털로 185 (가산동),126.8872262708,37.4782600918,,A04,A0401,A04011000,3307121,38,쇼핑
파사디골프 2001아울렛 중계,서울특별시 노원구 동일로204가길 46 (중계동),127.0679274101,37.6413416033,,A04,A0401,A04011000,3306937,38,쇼핑
파사디골프 nc신구로,서울특별시 구로구 구로중앙로 152 (구로동),126.8827871414,37.5012129024,,A04,A0401,A04011000,3306070,38,쇼핑
파사디행복한백화점점,서울특별시 양천구 목동동로309,126.8760230822,37.5291956414,,A04,A0401,A04011000,2923438,38,쇼핑
파이너스뮤지엄 롯데 서울역점,서울특별시 중구 한강대로 405,126.9717664185,37.5545416306,,A04,A0401,A04011000,2916032,38,쇼핑
파인드 피부과의원,서울특별시 강남구 논현로 826 (신사동),127.0285621581,37.5222797312,,A04,A0401,A04011000,3307705,38,쇼핑
파크랜드,서울특별시 관악구 봉천로 209 (봉천동),126.9249974851,37.4905482278,,A04,A0401,A04011000,3306056,38,쇼핑
파크랜드 롯데팩토리가산,서울특별시 금천구 벚꽃로278,126.8846459143,37.4795432303,,A04,A0401,A04011000,2907870,38,쇼핑
파타고니아,서울특별시 영등포구 영중로 9 (영등포동4가),126.9055901684,37.5172308925,,A04,A0401,A04011000,3306925,38,쇼핑
파타고니아_가로수길직영점,서울특별시 강남구 도산대로15길 17,127.0237043486,37.5194216428,,A04,A0401,A04011000,3306472,38,쇼핑
파피루스 에비뉴엘,서울특별시 중구 남대문로 81,126.9817485525,37.5647822864,,A04,A0401,A04011000,2930742,38,쇼핑
팩토리바쉬,서울특별시 중구 장충단로13길 20 (을지로6가),127.0076821872,37.5687878415,,A04,A0401,A04011000,3306082,38,쇼핑
팬텀 롯데팩토리 가산,서울특별시 금천구 벚꽃로 278 (가산동),126.8846459143,37.4795432303,,A04,A0401,A04011000,3305635,38,쇼핑
퍼니컷,서울특별시 중구 장충단로13길 20 (을지로6가),127.0076821872,37.5687878415,,A04,A0401,A04011000,3305385,38,쇼핑
페라라 코리아,서울특별시 용산구 이태원로 169,126.9926706333,37.5346359849,02-797-5117,A04,A0401,A04010600,1521999,38,쇼핑
페라라코리아,서울특별시 용산구 이태원로 169,126.9927150714,37.5347137541,,A04,A0401,A04011000,3306760,38,쇼핑
페라라코리아 이태원,서울특별시 용산구 이태원로 169,126.9927150714,37.5347137541,,A04,A0401,A04011000,2918513,38,쇼핑
페라로밀라노,서울특별시 관악구 봉천로 209 (봉천동),126.9249974851,37.4905482278,,A04,A0401,A04011000,3307602,38,쇼핑
페라로밀라노,"서울특별시 구로구 경인로 662 (신도림동, 디큐브시티)",126.8884169673,37.5089148857,,A04,A0401,A04011000,3307685,38,쇼핑
페이퍼돌메이트 아틀리에 서울숲점,서울특별시 성동구 서울숲2길 45-1 (성수동1가),127.0438461937,37.5464327563,,A04,A0401,A04010600,2805901,38,쇼핑
펜디 롯데 본점,서울특별시 중구 을지로 30,126.9810458210,37.5654016461,,A04,A0401,A04011000,2895229,38,쇼핑
펜디 롯데 에비뉴엘월드타워점,서울특별시 송파구 올림픽로 300,127.1040749597,37.5141653654,,A04,A0401,A04011000,2895291,38,쇼핑
펜디 신세계 강남점,서울특별시 서초구 신반포로 176,127.0035815712,37.5056062193,,A04,A0401,A04011000,2895266,38,쇼핑
펜디 신세계 본점2층,서울특별시 중구 소공로 63,126.9810181709,37.5609966018,,A04,A0401,A04011000,2902091,38,쇼핑
펜디 현대 목동,서울특별시 양천구 목동동로257,126.8747288364,37.5263292843,,A04,A0401,A04011000,2895270,38,쇼핑
펜디 현대 본점,서울특별시 강남구 압구정로 165,127.0274843337,37.5274180039,,A04,A0401,A04011000,2895287,38,쇼핑
펜디남성 신세계 강남점,서울특별시 서초구 신반포로 176 6층,127.0035815712,37.5056062193,,A04,A0401,A04011000,2895300,38,쇼핑
펜할리곤스 월드타워점,서울특별시 송파구 올림픽로300,127.1040305171,37.5142459111,,A04,A0401,A04011000,2925516,38,쇼핑
펠리체조수니 현대동대문,서울특별시 중구 장충단로13길 20,127.0076821872,37.5687878415,,A04,A0401,A04011000,2931407,38,쇼핑
포방터시장,서울특별시 서대문구 포방터2길 11 (홍은동),126.9497310627,37.5988249768,,A04,A0401,A04010200,2751441,38,쇼핑
포셋,서울특별시 서대문구 증가로 18 (연희동),126.9312780037,37.5700557687,,A04,A0401,A04010600,2899951,38,쇼핑
포커스,서울특별시 강북구 도봉로 62 (미아동),127.0305315802,37.6146468109,,A04,A0401,A04011000,3306219,38,쇼핑
폴로,서울특별시 관악구 봉천로 209 (봉천동),126.9249974851,37.4905482278,,A04,A0401,A04011000,3306075,38,쇼핑
폴로 타임스퀘어점,서울특별시 영등포구 영중로 15,126.9053818370,37.5178335971,,A04,A0401,A04011000,2903787,38,쇼핑
폴로랄프로렌,서울특별시 성북구 길음동 20-1,127.0287930253,37.6084530555,,A04,A0401,A04011000,3305890,38,쇼핑
폴로랄프로렌,"서울특별시 구로구 경인로 662 (신도림동, 디큐브시티)",126.8884169673,37.5089148857,,A04,A0401,A04011000,3307079,38,쇼핑
폴스미스 롯데백화점 에비뉴엘 월드타워점,서울특별시 송파구 올림픽로 300¸ 3층,127.1040749597,37.5141653654,,A04,A0401,A04011000,2924193,38,쇼핑
폴스부띠끄,서울특별시 관악구 봉천로 209 (봉천동),126.9249974851,37.4905482278,,A04,A0401,A04011000,3306444,38,쇼핑
폴햄,서울특별시 금천구 디지털로 185 (가산동),126.8872262708,37.4782600918,,A04,A0401,A04011000,3305335,38,쇼핑
폴햄,서울특별시 강북구 도봉로 62 (미아동),127.0305315802,37.6146468109,,A04,A0401,A04011000,3306791,38,쇼핑
폴햄 2001아울렛 중계,서울특별시 노원구 동일로204가길 46 (중계동),127.0679274101,37.6413416033,,A04,A0401,A04011000,3307487,38,쇼핑
폴햄 nc신구로,서울특별시 구로구 구로중앙로 152 (구로동),126.8827871414,37.5012129024,,A04,A0401,A04011000,3306693,38,쇼핑
폴햄 롯데 서울역점,서울특별시 중구 한강대로 405 4층,126.9717664185,37.5545416306,,A04,A0401,A04011000,2915907,38,쇼핑
폴햄 롯데팩토리 가산,서울 금천구 벚꽃로 278 (가산동),126.8846459143,37.4795432303,,A04,A0401,A04011000,3305279,38,쇼핑
폴햄 현대가든파이브,서울특별시 송파구 충민로 66,127.1249768726,37.4776672007,,A04,A0401,A04011000,2926812,38,쇼핑
폴햄 현대동대문,"서울특별시 중구 장충단로13길 20, 5층(을지로6가, 현대시티아울렛 동대문점)",127.0076821872,37.5687878415,,A04,A0401,A04011000,2906143,38,쇼핑
폴햄키즈,서울특별시 중구 장충단로13길 20 (을지로6가),127.0076821872,37.5687878415,,A04,A0401,A04011000,3305763,38,쇼핑
폴햄키즈 2001아울렛 중계,서울특별시 노원구 동일로204가길 46 (중계동),127.0679274101,37.6413416033,,A04,A0401,A04011000,3305989,38,쇼핑
폴햄키즈 nc신구로,서울특별시 구로구 구로중앙로 152 (구로동),126.8827871414,37.5012129024,,A04,A0401,A04011000,3306991,38,쇼핑
푸마,서울특별시 영등포구 영중로 9 (영등포동4가),126.9055901684,37.5172308925,,A04,A0401,A04011000,3306342,38,쇼핑
푸마,"서울특별시 구로구 경인로 662 (신도림동, 디큐브시티)",126.8884169673,37.5089148857,,A04,A0401,A04011000,3306379,38,쇼핑
푸마,서울특별시 성북구 동소문로 315 (길음동),127.0287930253,37.6084530555,,A04,A0401,A04011000,3306429,38,쇼핑
풋온코리아 두타,서울특별시 중구 장충단로 275,127.0088293006,37.5689100708,,A04,A0401,A04011000,2902479,38,쇼핑
풋조이_도산점,서울특별시 강남구 언주로 807,127.0331117381,37.5224964546,,A04,A0401,A04011000,2894094,38,쇼핑
풍납도깨비시장,서울특별시 송파구 바람드리길 37-1,127.1201561649,37.5375518287,,A04,A0401,A04010200,2758811,38,쇼핑
풍월당,서울특별시 강남구 도산대로53길 39 (신사동),127.0389472228,37.5258545028,,A04,A0401,A04011200,1019644,38,쇼핑
프라다 갤러리아WEST,서울특별시 강남구 압구정로 343,127.0400692668,37.5285292127,,A04,A0401,A04011000,2909040,38,쇼핑
프라다 롯데 본점,서울특별시 중구 을지로 30,126.9810458210,37.5654016461,,A04,A0401,A04011000,2907463,38,쇼핑
프라다 신세계 강남점,서울특별시 서초구 신반포로 176,127.0035815712,37.5056062193,,A04,A0401,A04011000,2907611,38,쇼핑
프라다 신세계 본점,서울특별시 중구 소공로 63,126.9810181709,37.5609966018,,A04,A0401,A04011000,2907468,38,쇼핑
프라다 현대 목동점,서울특별시 양천구 목동동로257,126.8747288364,37.5263292843,,A04,A0401,A04011000,2910563,38,쇼핑
프라다 현대 본점,서울특별시 강남구 압구정로 165,127.0274843337,37.5274180039,,A04,A0401,A04011000,2907504,38,쇼핑
프라다 현대 신촌점,서울특별시 서대문구 신촌로 83,126.9358252045,37.5561435782,,A04,A0401,A04011000,2909370,38,쇼핑
프라다 현대 코엑스점,서울특별시 강남구 테헤란로 517,127.0597791462,37.5086679839,,A04,A0401,A04011000,2907522,38,쇼핑
프라다남성 신세계 강남점,서울특별시 서초구 신반포로 176 6층,127.0035815712,37.5056062193,,A04,A0401,A04011000,2928286,38,쇼핑
프라다남성 신세계 본점,서울특별시 중구 소공로 63 6층,126.9810181709,37.5609966018,,A04,A0401,A04011000,2925740,38,쇼핑
프라다슈즈 신세계 강남점,서울특별시 서초구 신반포로 176 4층,127.0035815712,37.5056062193,,A04,A0401,A04011000,2899191,38,쇼핑
프라이탁 압구정,서울특별시 강남구 선릉로153길 11,127.0385278473,37.5247685104,,A04,A0401,A04011000,2931019,38,쇼핑
프라임안경 스타필드 코엑스점,서울특별시 강남구 영동대로 513 113호,127.0592179950,37.5119175967,,A04,A0401,A04011000,2922914,38,쇼핑
프랑코페라로,서울특별시 금천구 벚꽃로 278 (가산동),126.8846459143,37.4795432303,,A04,A0401,A04011000,3305328,38,쇼핑
프랑코페라로 현대가산,서울특별시 금천구 디지털로10길 9,126.8890705637,37.4776713039,,A04,A0401,A04011000,2925775,38,쇼핑
프랫 nc신구로,서울특별시 구로구 구로중앙로 152 (구로동),126.8827871414,37.5012129024,,A04,A0401,A04011000,3305754,38,쇼핑
프레드 갤러리아,"서울특별시 강남구 압구정로 407, 2층",127.0418357887,37.5279681978,,A04,A0401,A04011000,2929312,38,쇼핑
프레드페리 타임스퀘어,서울특별시 영등포구 영중로 15,126.9053818370,37.5178335971,,A04,A0401,A04011000,2904056,38,쇼핑
프레드페리코엑스점,서울특별시 강남구 영동대로513,127.0592179950,37.5119175967,,A04,A0401,A04011000,2915233,38,쇼핑
프레쉬,서울특별시 영등포구 영중로 9 (영등포동4가),126.9055901684,37.5172308925,,A04,A0401,A04011000,3306135,38,쇼핑
프레젠트모먼트,서울특별시 마포구 동교로 49-1,126.9077278490,37.5531767536,,A04,A0401,A04010600,2784912,38,쇼핑
프렌치캣,서울특별시 관악구 봉천로 209 (봉천동),126.9249974851,37.4905482278,,A04,A0401,A04011000,3305389,38,쇼핑
프렌치캣,서울특별시 영등포구 영중로 9 (영등포동4가),126.9055901684,37.5172308925,,A04,A0401,A04011000,3306650,38,쇼핑
프로스펙스 nc신구로,서울특별시 구로구 구로중앙로 152 (구로동),126.8827871414,37.5012129024,,A04,A0401,A04011000,3305459,38,쇼핑
프로젝트M,서울특별시 영등포구 영중로 9 (영등포동4가),126.9055901684,37.5172308925,,A04,A0401,A04011000,3306729,38,쇼핑
프로젝트M,서울특별시 금천구 디지털로 185 (가산동),126.8872262708,37.4782600918,,A04,A0401,A04011000,3307003,38,쇼핑
프로젝트M 현대동대문,"서울특별시 중구 장충단로13길 20, 5층(을지로6가, 현대시티아울렛 동대문점)",127.0076821872,37.5687878415,,A04,A0401,A04011000,2924331,38,쇼핑
프로젝트엠,서울특별시 강북구 도봉로 62 (미아동),127.0305315802,37.6146468109,,A04,A0401,A04011000,3306938,38,쇼핑
프로젝트엠 2001아울렛 중계,서울특별시 노원구 동일로204가길 46 (중계동),127.0679274101,37.6413416033,,A04,A0401,A04011000,3306866,38,쇼핑
프로젝트엠 nc신구로,서울특별시 구로구 구로중앙로 152 (구로동),126.8827871414,37.5012129024,,A04,A0401,A04011000,3306572,38,쇼핑
프리미엄멀티샵 청담,"서울특별시 강남구 선릉로158길 10, 1층",127.0408581702,37.5254851357,,A04,A0401,A04011000,2931342,38,쇼핑
프리스비 타임스퀘어점,서울특별시 영등포구 영중로 15,126.9053818370,37.5178335971,,A04,A0401,A04011000,2900329,38,쇼핑
프리즘웍스 건대커먼그라운드,서울특별시 광진구 아차산로 200,127.0656360164,37.5414781682,,A04,A0401,A04011000,2924555,38,쇼핑
프리티성형외과,서울특별시 서초구 강남대로 441 (서초동),127.0252935910,37.5017876076,,A04,A0401,A04011000,3307589,38,쇼핑
프린세스 롯데 대치점,서울특별시 강남구 도곡로 401 1층,127.0534550587,37.4967859168,,A04,A0401,A04011000,2915533,38,쇼핑
프린세스 롯데 잠실점,서울특별시 송파구 올림픽로 240 1층,127.0976311526,37.5123821225,,A04,A0401,A04011000,2915537,38,쇼핑
프린스성형외과의원,서울특별시 강남구 도산대로 104 (논현동),127.0203547463,37.5161302976,,A04,A0401,A04011000,3306971,38,쇼핑
플라스틱아일랜드,서울특별시 영등포구 영중로 9 (영등포동4가),126.9055901684,37.5172308925,,A04,A0401,A04011000,3306878,38,쇼핑
플라스틱아일랜드,서울특별시 금천구 디지털로 185 (가산동),126.8872262708,37.4782600918,,A04,A0401,A04011000,3307353,38,쇼핑
플라스틱아일랜드 nc신구로,서울특별시 구로구 구로중앙로 152 (구로동),126.8827871414,37.5012129024,,A04,A0401,A04011000,3306320,38,쇼핑
플라잉타이거 롯데월드몰,서울특별시 송파구 올림픽로 300(롯데월드몰),127.1040305171,37.5142459111,,A04,A0401,A04011000,2902942,38,쇼핑
플랫폼,서울특별시 영등포구 영중로 9 (영등포동4가),126.9055901684,37.5172308925,,A04,A0401,A04011000,3306599,38,쇼핑
플랫폼 플레이스(한남점)[한국관광 품질인증/Korea Quality],서울특별시 용산구 이태원로 268,127.0018474684,37.5383912690,02-797-4628,A04,A0401,A04010600,2496563,38,쇼핑
플랫폼플레이스 코엑스,서울특별시 강남구 영동대로 513,127.0592179950,37.5119175967,,A04,A0401,A04011000,2902561,38,쇼핑
플러스샵,서울특별시 중구 장충단로13길 20 (을지로6가),127.0076821872,37.5687878415,,A04,A0401,A04011000,3306015,38,쇼핑
플레이키즈 프로,"서울특별시 구로구 경인로 662 (신도림동, 디큐브시티)",126.8884169673,37.5089148857,,A04,A0401,A04011000,3307689,38,쇼핑
플레이키즈 현대동대문,서울특별시 중구 장충단로13길 20(을지로6가),127.0076821872,37.5687878415,,A04,A0401,A04011000,2918330,38,쇼핑
플리츠미 롯데팩토리 가산,서울특별시 금천구 벚꽃로 278 (가산동),126.8846459143,37.4795432303,,A04,A0401,A04011000,3306778,38,쇼핑
플리츠프리즈현대무역점,서울특별시 강남구 테헤란로 517 3층,127.0597791462,37.5086679839,,A04,A0401,A04011000,2918438,38,쇼핑
플리츠플리즈,서울특별시 영등포구 영중로 9 (영등포동4가),126.9055901684,37.5172308925,,A04,A0401,A04011000,3305397,38,쇼핑
피그먼트,"서울특별시 구로구 경인로 662 (신도림동, 디큐브시티)",126.8884169673,37.5089148857,,A04,A0401,A04011000,3306461,38,쇼핑
피아제 갤러리아,서울특별시 강남구 압구정로 407,127.0418357887,37.5279681978,,A04,A0401,A04011000,2910936,38,쇼핑
피아제 롯데 에비뉴엘점,서울특별시 중구 남대문로 73,126.9816707967,37.5642573461,,A04,A0401,A04011000,2910822,38,쇼핑
피아제 신세계 강남점,서울특별시 서초구 신반포로 176,127.0035815712,37.5056062193,,A04,A0401,A04011000,2927044,38,쇼핑
피아제 현대 본점,서울특별시 강남구 압구정로 165 2층,127.0274843337,37.5274180039,,A04,A0401,A04011000,2912206,38,쇼핑
피아제 현대 코엑스점,서울특별시 강남구 테헤란로 517,127.0597791462,37.5086679839,,A04,A0401,A04011000,2910939,38,쇼핑
피에르가르뎅,서울특별시 관악구 봉천로 209 (봉천동),126.9249974851,37.4905482278,,A04,A0401,A04011000,3307459,38,쇼핑
피지에이투어,서울특별시 관악구 봉천로 209 (봉천동),126.9249974851,37.4905482278,,A04,A0401,A04011000,3305951,38,쇼핑
필름로그 현상소,서울특별시 중구 퇴계로53길 6-17,127.0043631719,37.5643077477,,A04,A0401,A04010600,2718357,38,쇼핑
핏츠로이,서울특별시 강남구 선릉로153길 23,127.0375307183,37.5246796140,,A04,A0401,A04011000,2910623,38,쇼핑
핑,서울특별시 용산구 한강대로 405 (동자동),126.9717469660,37.5548915897,,A04,A0401,A04011000,3305955,38,쇼핑
핑,서울특별시 성북구 동소문로 315 (길음동),127.0287930253,37.6084530555,,A04,A0401,A04011000,3306345,38,쇼핑
핑 2001아울렛 중계,서울특별시 노원구 동일로204가길 46 (중계동),127.0679274101,37.6413416033,,A04,A0401,A04011000,3305323,38,쇼핑
핑 nc신구로,서울특별시 구로구 구로중앙로 152 (구로동),126.8827871414,37.5012129024,,A04,A0401,A04011000,3305744,38,쇼핑
핑 롯데팩토리 가산,서울특별시 금천구 벚꽃로 278 (가산동),126.8846459143,37.4795432303,,A04,A0401,A04011000,3307152,38,쇼핑
핑골프,서울특별시 성북구 동소문로 315 (길음동),127.0287930253,37.6084530555,,A04,A0401,A04011000,3307503,38,쇼핑
하나로안경원,서울특별시 중구 남대문시장4길 48,126.9770991643,37.5581385306,,A04,A0401,A04011000,2910119,38,쇼핑
하나비의원,서울특별시 강남구 강남대로 468 9층 (역삼동),127.0251602015,37.5042067690,,A04,A0401,A04011000,2910108,38,쇼핑
하루의원,서울 강남구 도산대로 104 (논현동),127.0203547463,37.5161302976,,A04,A0401,A04011000,3305289,38,쇼핑
하모니마트 명동역점,서울특별시 중구 명동10길 58,126.9857705052,37.5613522015,02-752-2269,A04,A0401,A04010900,2708345,38,쇼핑
하모니마트 명동역점,"서울특별시 중구 명동10길 58(충무로2가,신일빌딩별관 지하1층)",126.9857538405,37.5613410916,,A04,A0401,A04011000,2931379,38,쇼핑
하모니마트 인사,서울특별시 종로구 인사동5길 38,126.9842258821,37.5726369734,,A04,A0401,A04011000,2907540,38,쇼핑
하버드안경,서울특별시 중구 남대문로 67 (남대문로2가),126.9815347180,37.5635490929,,A04,A0401,A04011000,3307749,38,쇼핑
하우스 도산,서울특별시 강남구 압구정로46길 50 (신사동),127.0356947531,37.5254239385,,A04,A0401,A04010600,2713581,38,쇼핑
하이마트 개봉점,서울특별시 구로구 경인로 334,126.8572229195,37.4971268093,,A04,A0401,A04011000,2913681,38,쇼핑
하이마트 건국대점,서울특별시 광진구 아차산로 300,127.0760601684,37.5379287679,,A04,A0401,A04011000,2912363,38,쇼핑
하이마트 구로점,서울특별시 구로구 가마산로 277,126.8907809866,37.4966357991,,A04,A0401,A04011000,2913657,38,쇼핑
하이마트 불광점,서울특별시 은평구 통일로 766,126.9276965432,37.6135839764,,A04,A0401,A04011000,2913947,38,쇼핑
하이마트 상계점,서울특별시 노원구 동일로 1641,127.0548970829,37.6749819002,,A04,A0401,A04011000,2913812,38,쇼핑
하이마트 상도점,서울특별시 동작구 상도로 237,126.9453063250,37.5055024096,,A04,A0401,A04011000,2913795,38,쇼핑
하이마트 신길점,서울특별시 영등포구 신길로 141,126.9102984149,37.5050657235,,A04,A0401,A04011000,2912403,38,쇼핑
하이마트 오목교점,서울특별시 양천구 신목로 106,126.8760343404,37.5239406962,,A04,A0401,A04011000,2913722,38,쇼핑
하이마트 은평점,서울특별시 은평구 은평로 148,126.9241027921,37.6006854125,,A04,A0401,A04011000,2913952,38,쇼핑
하이엔드코리아 안국,"서울특별시 종로구 인사동길 62-5, 1층(관훈동)",126.9838730544,37.5755282979,,A04,A0401,A04011000,2912505,38,쇼핑
한강수병원,서울특별시 영등포구 영등포로 83 한강수병원,126.8909163585,37.5224550235,,A04,A0401,A04011000,2910677,38,쇼핑
한국공예관,서울특별시 종로구 인사동길 33 (관훈동),126.9855285155,37.5735368921,,A04,A0401,A04010900,969942,38,쇼핑
한국관광명품점,서울특별시 종로구 인사동5길 14 (관훈동),126.9853729947,37.5728175285,,A04,A0401,A04010900,132590,38,쇼핑
한국관광명품점,서울특별시 종로구 인사동5길14(관훈동),126.9853729947,37.5728175285,,A04,A0401,A04011000,2903178,38,쇼핑
한국문화재재단 동궐마루,서울특별시 종로구 율곡로 99(와룡동),126.9902446339,37.5777031595,,A04,A0401,A04011000,2923488,38,쇼핑
한국문화재재단 버들마루,서울특별시 종로구 삼청로 37(세종로),126.9787789606,37.5795388516,,A04,A0401,A04011000,2910215,38,쇼핑
한국의집 사랑 카페앤아트샵,서울특별시 중구 퇴계로36길 10 (필동2가),126.9945141838,37.5602774831,,A04,A0401,A04010700,132460,38,쇼핑
한국청과,서울특별시 송파구 양재대로 932 (가락동),127.1107693087,37.4960786971,,A04,A0401,A04010600,2779451,38,쇼핑
한사랑약국 이대,서울특별시 서대문구 대현동 45-9,126.9463186649,37.5571269852,,A04,A0401,A04011000,2927725,38,쇼핑
한섬 DKNY 현대가든파이브,서울특별시 송파구 충민로 66,127.1249768726,37.4776672007,,A04,A0401,A04011000,2931818,38,쇼핑
한섬 SJSJ 현대가산,서울특별시 금천구 디지털로10길 9,126.8890705637,37.4776713039,,A04,A0401,A04011000,2931365,38,쇼핑
한섬 SJSJ 현대동대문,서울특별시 중구 장충단로13길 20,127.0076821872,37.5687878415,,A04,A0401,A04011000,2912476,38,쇼핑
한섬 더캐시미어 현대가든파이브,"서울특별시 송파구 충민로 66(문정동, 가든파이브)",127.1249768726,37.4776672007,,A04,A0401,A04011000,2910433,38,쇼핑
한섬 래트바이티 현대가든파이브,서울특별시 송파구 충민로 66,127.1249768726,37.4776672007,,A04,A0401,A04011000,2928855,38,쇼핑
한섬 래트바이티 현대동대문,서울특별시 중구 장충단로13길 20,127.0076821872,37.5687878415,,A04,A0401,A04011000,2903489,38,쇼핑
한섬 마인 현대가든파이브,"서울특별시 송파구 충민로 66(문정동, 가든파이브)",127.1249768726,37.4776672007,,A04,A0401,A04011000,2909852,38,쇼핑
한섬 마인 현대가산,서울특별시 금천구 디지털로10길 9,126.8890705637,37.4776713039,,A04,A0401,A04011000,2928893,38,쇼핑
한섬 마인 현대동대문,서울특별시 중구 장충단로13길 20,127.0076821872,37.5687878415,,A04,A0401,A04011000,2907179,38,쇼핑
한섬 시스템 현대가든파이브,"서울특별시 송파구 충민로 66(문정동, 가든파이브)",127.1249768726,37.4776672007,,A04,A0401,A04011000,2915621,38,쇼핑
한섬 시스템 현대가산,서울특별시 금천구 디지털로10길 9,126.8890705637,37.4776713039,,A04,A0401,A04011000,2930626,38,쇼핑
한섬 시스템 현대동대문,서울특별시 중구 장충단로13길 20,127.0076821872,37.5687878415,,A04,A0401,A04011000,2918345,38,쇼핑
한섬 시스템옴므 현대가든파이브,"서울특별시 송파구 충민로 66(문정동, 가든파이브)",127.1249768726,37.4776672007,,A04,A0401,A04011000,2925496,38,쇼핑
한섬 시스템옴므 현대가산,서울특별시 금천구 디지털로10길 9,126.8890705637,37.4776713039,,A04,A0401,A04011000,2914263,38,쇼핑
한섬 시스템옴므 현대동대문,서울특별시 중구 장충단로13길 20,127.0076821872,37.5687878415,,A04,A0401,A04011000,2909476,38,쇼핑
한섬 오브제 롯데서울역,서울특별시 용산구 한강대로 405,126.9717469660,37.5548915897,,A04,A0401,A04011000,2931720,38,쇼핑
한섬 오브제 현대가든파이브,서울특별시 송파구 충민로 66,127.1249768726,37.4776672007,,A04,A0401,A04011000,2925570,38,쇼핑
한섬 오브제 현대가산,서울특별시 금천구 디지털로10길 9,126.8890705637,37.4776713039,,A04,A0401,A04011000,2904589,38,쇼핑
한섬 오브제 현대동대문,서울특별시 중구 장충단로13길 20,127.0076821872,37.5687878415,,A04,A0401,A04011000,2931869,38,쇼핑
한섬 오즈세컨 현대가든파이브,서울특별시 송파구 충민로 66,127.1249768726,37.4776672007,,A04,A0401,A04011000,2915117,38,쇼핑
한섬 클럽모나코 가로수,서울특별시 강남구 논현로175길 75,127.0230570632,37.5237155767,,A04,A0401,A04011000,2917298,38,쇼핑
한섬 클럽모나코 현대가든파이브,서울특별시 송파구 충민로 66,127.1249768726,37.4776672007,,A04,A0401,A04011000,2911532,38,쇼핑
한섬 타미힐피거 두타,서울특별시 중구 장충단로 275,127.0088293006,37.5689100708,,A04,A0401,A04011000,2904751,38,쇼핑
한섬 타미힐피거 명동,서울특별시 중구 명동6길 11,126.9843705907,37.5628381149,,A04,A0401,A04011000,2924165,38,쇼핑
한섬 타미힐피거 현대가든파이브,서울특별시 송파구 충민로 66,127.1249768726,37.4776672007,,A04,A0401,A04011000,2909987,38,쇼핑
한섬 타임 현대가든파이브,"서울특별시 송파구 충민로 66(문정동, 가든파이브)",127.1249768726,37.4776672007,,A04,A0401,A04011000,2924506,38,쇼핑
한섬 타임 현대가산,서울특별시 금천구 디지털로10길 9,126.8890705637,37.4776713039,,A04,A0401,A04011000,2908336,38,쇼핑
한섬 타임 현대동대문,서울특별시 중구 장충단로13길 20,127.0076821872,37.5687878415,,A04,A0401,A04011000,2930635,38,쇼핑
한섬 타임옴므 현대가든파이브,"서울특별시 송파구 충민로 66(문정동, 가든파이브)",127.1249768726,37.4776672007,,A04,A0401,A04011000,2910152,38,쇼핑
한섬 타임옴므 현대가산,서울특별시 금천구 디지털로10길 9,126.8890705637,37.4776713039,,A04,A0401,A04011000,2905541,38,쇼핑
한섬 타임옴므 현대동대문,서울특별시 중구 장충단로13길 20,127.0076821872,37.5687878415,,A04,A0401,A04011000,2930775,38,쇼핑
한순례한복침구,서울특별시 강남구 압구정로 164,127.0276343445,37.5265292213,02-3443-6375,A04,A0401,A04010600,987669,38,쇼핑
한주주방아울렛,서울특별시 송파구 양재대로 932,127.1107693087,37.4960786971,,A04,A0401,A04011000,2903412,38,쇼핑
한지추억,서울특별시 종로구 인사동7길 6,126.9856757350,37.5731563835,02-735-2059,A04,A0401,A04010700,1019223,38,쇼핑
핫트랙스 가든파이브점,서울특별시 송파구 충민로 66,127.1249768726,37.4776672007,,A04,A0401,A04011000,2930346,38,쇼핑
핫트랙스 광화문점,서울특별시 종로구 종로 1,126.9779959406,37.5709981632,,A04,A0401,A04011000,2924156,38,쇼핑
핫트랙스 동대문점,서울특별시 중구 을지로6가 17-2,127.0076821872,37.5687878415,,A04,A0401,A04011000,2926980,38,쇼핑
핫트랙스 목동점,서울특별시 양천구 목동서로 159-1,126.8749037636,37.5283596069,,A04,A0401,A04011000,2924446,38,쇼핑
핫트랙스 수유점,서울특별시 강북구 도봉로 348,127.0265645993,37.6383717588,,A04,A0401,A04011000,2924440,38,쇼핑
핫트랙스 영등포점,서울특별시 영등포구 영중로 15 타임스퀘어,126.9053818370,37.5178335971,,A04,A0401,A04011000,2924438,38,쇼핑
핫트랙스 잠실점,서울특별시 송파구 올림픽로 269,127.1006002660,37.5145124848,,A04,A0401,A04011000,2924452,38,쇼핑
핫트랙스 합정점,서울특별시 마포구 월드컵로1길 14,126.9120747621,37.5501021892,,A04,A0401,A04011000,2929926,38,쇼핑
핫트랙스 현대 신도림점,서울특별시 구로구 경인로 662,126.8884169673,37.5089148857,,A04,A0401,A04011000,2926459,38,쇼핑
해들인한의원,"서울특별시 서대문구 신촌로 107(창천동,세인빌딩3층)",126.9378861401,37.5557075548,,A04,A0401,A04011000,2893675,38,쇼핑
해밀톤 쇼핑센터,서울특별시 용산구 이태원로 179 (이태원동),126.9938927421,37.5346860011,02-3786-6351,A04,A0401,A04010600,132580,38,쇼핑
해피쥬얼리,서울특별시 종로구 돈화문로 26,126.9925557220,37.5711178550,,A04,A0401,A04011000,3307582,38,쇼핑
행복한백화점,서울특별시 양천구 목동동로 309,126.8762258535,37.5287623617,02-6678-9000,A04,A0401,A04010300,132686,38,쇼핑
행복한백화점,서울특별시 양천구 목동동로 309,126.8760230822,37.5291956414,,A04,A0401,A04011000,2907536,38,쇼핑
행텐,서울특별시 금천구 디지털로 185 (가산동),126.8872262708,37.4782600918,,A04,A0401,A04011000,3305862,38,쇼핑
행텐키즈 nc신구로,서울특별시 구로구 구로중앙로 152 (구로동),126.8827871414,37.5012129024,,A04,A0401,A04011000,3306110,38,쇼핑
헤라,서울특별시 강북구 도봉로 62 (미아동),127.0305315802,37.6146468109,,A04,A0401,A04011000,3305593,38,쇼핑
헤라,"서울특별시 구로구 경인로 662 (신도림동, 디큐브시티)",126.8884169673,37.5089148857,,A04,A0401,A04011000,3305621,38,쇼핑
헤라,서울특별시 관악구 봉천로 209 (봉천동),126.9249974851,37.4905482278,,A04,A0401,A04011000,3307074,38,쇼핑
헤라,서울특별시 영등포구 영중로 9 (영등포동4가),126.9055901684,37.5172308925,,A04,A0401,A04011000,3307631,38,쇼핑
헤라 월드타워점,서울특별시 송파구 올림픽로300,127.1040749597,37.5141653654,,A04,A0401,A04011000,2925519,38,쇼핑
헤이 가로수,서울특별시 강남구 압구정로14길 34,127.0232487564,37.5221685377,,A04,A0401,A04011000,2923052,38,쇼핑
헤지스,서울특별시 관악구 봉천로 209 (봉천동),126.9249974851,37.4905482278,,A04,A0401,A04011000,3306844,38,쇼핑
헤지스,서울특별시 중구 장충단로13길 20 (을지로6가),127.0076821872,37.5687878415,,A04,A0401,A04011000,3307262,38,쇼핑
헤지스,서울특별시 관악구 봉천로 209 (봉천동),126.9249974851,37.4905482278,,A04,A0401,A04011000,3307469,38,쇼핑
헤트라스 안국,서울특별시 종로구 창덕궁1길 42 (계동),126.9868810023,37.5794556725,,A04,A0401,A04010600,3423768,38,쇼핑
헨리베글린 청담,서울특별시 강남구 선릉로153길 22 1층,127.0376029230,37.5250684589,,A04,A0401,A04011000,2931662,38,쇼핑
헨리코튼건대스타시티,서울특별시 광진구 능동로 92,127.0712300203,37.5390535504,,A04,A0401,A04011000,2924059,38,쇼핑
헬렌 카민스키,서울특별시 영등포구 영중로 9 (영등포동4가),126.9055901684,37.5172308925,,A04,A0401,A04011000,3305721,38,쇼핑
헬로우 에이피엠 (Hello apm),서울특별시 중구 장충단로 253,127.0081710683,37.5674741142,,A04,A0401,A04010600,984585,38,쇼핑
헬리녹스 크리에이티브센터,서울특별시 용산구 한남대로 39,127.0080554063,37.5323976328,,A04,A0401,A04011000,2926586,38,쇼핑
현대 아이파크몰,서울특별시 용산구 한강대로23길 55,126.9647566449,37.5298249324,,A04,A0401,A04011000,2929516,38,쇼핑
현대백화점 디큐브시티,서울특별시 구로구 경인로 662,126.8884169673,37.5089148857,,A04,A0401,A04011000,2916591,38,쇼핑
현대백화점 목동점,서울특별시 양천구 목동동로257,126.8747288364,37.5263292843,,A04,A0401,A04011000,2908454,38,쇼핑
현대백화점 무역센터점,서울특별시 강남구 테헤란로 517 (삼성동),127.0597791462,37.5086679839,,A04,A0401,A04010300,132673,38,쇼핑
현대백화점 미아,서울특별시 성북구 동소문로 315 (길음동) 현대백화점미아점,127.0287930253,37.6084530555,,A04,A0401,A04011000,2925813,38,쇼핑
현대백화점 신촌점,서울특별시 서대문구 신촌로 83,126.9358252045,37.5561435782,,A04,A0401,A04011000,2915659,38,쇼핑
현대백화점 압구정본점,서울특별시 강남구 압구정로 165 (압구정동),127.0274843337,37.5274180039,,A04,A0401,A04010300,132670,38,쇼핑
현대백화점 천호,서울특별시 강동구 천호대로 1005 (천호동),127.1244557316,37.5390267349,,A04,A0401,A04011000,2906228,38,쇼핑
현대시계 롤렉스 현대무역,서울특별시 강남구 테헤란로 517,127.0597791462,37.5086679839,,A04,A0401,A04011000,2905645,38,쇼핑
현대시장,서울특별시 동대문구 전농로4길 1,127.0597385801,37.5679166569,,A04,A0401,A04010200,2759669,38,쇼핑
현대시티아울렛 동대문,서울특별시 중구 장충단로13길 20 (을지로6가),127.0076821872,37.5687878415,,A04,A0401,A04011000,2901602,38,쇼핑
현대카드 바이닐앤플라스틱,서울특별시 용산구 이태원로 248,127.0008837102,37.5368803162,,A04,A0401,A04010600,2711768,38,쇼핑
협진컴퓨터,서울특별시 용산구 청파로74,126.9596403612,37.5327661657,,A04,A0401,A04011000,2929353,38,쇼핑
형지 에스콰이아 현대동대문,"서울특별시 중구 장충단로13길 20(을지로6가,현대아울렛)",127.0076821872,37.5687878415,,A04,A0401,A04011000,2922495,38,쇼핑
혜화필리핀마켓,서울특별시 종로구 대학로 146-2 (혜화동),127.0017156223,37.5843637023,,A04,A0401,A04010100,3045062,38,쇼핑
호미화방 홍대,"서울특별시 마포구 홍익로3길 20, 1층(서교동, 서교오피스텔)",126.9217404496,37.5535908451,,A04,A0401,A04011000,2910287,38,쇼핑
호심,서울특별시 종로구 북촌로 33 (가회동) 1층 호심(HOSIM),126.9848783983,37.5797639342,,A04,A0401,A04011000,2910707,38,쇼핑
호프씨채널안경,서울특별시 영등포구 여의도동 44-14,126.9315183007,37.5193949937,,A04,A0401,A04011000,3306631,38,쇼핑
홀리카홀리카 잠실지하점,서울특별시 송파구 올림픽로 265 잠실지하상가,127.1018723895,37.5139125774,,A04,A0401,A04011000,3307690,38,쇼핑
홀리카홀리카_홍대2호점,"서울특별시 마포구 어울마당로 86, 1층 102호 (서교동)",126.9218571295,37.5527437234,,A04,A0401,A04011000,2900121,38,쇼핑
홀리카홀리카_홍대점,"서울특별시 마포구 와우산로23길40,1층 103호(서교동)",126.9236874649,37.5546352030,,A04,A0401,A04011000,2893650,38,쇼핑
홈플러스 강동,서울특별시 강동구 양재대로 1571,127.1422705849,37.5457679402,,A04,A0401,A04011000,2922473,38,쇼핑
홈플러스 강서,서울특별시 강서구 화곡로 398 (등촌동),126.8548325220,37.5585224095,,A04,A0401,A04011000,2922486,38,쇼핑
홈플러스 금천,서울특별시 금천구 시흥대로 391 (독산동),126.8969006577,37.4687169285,,A04,A0401,A04011000,2923706,38,쇼핑
홈플러스 동대문,서울특별시 동대문구 천호대로 133 (용두동),127.0387875213,37.5746043922,,A04,A0401,A04011000,2900695,38,쇼핑
홈플러스 신내,서울특별시 중랑구 신내로 201 (신내동),127.0937535608,37.6158672530,,A04,A0401,A04011000,2927451,38,쇼핑
홈플러스 영등포,서울특별시 영등포구 당산로 42 (문래동3가),126.8959410180,37.5182861529,,A04,A0401,A04011000,2904507,38,쇼핑
홈플러스 월곡,서울특별시 성북구 화랑로 76 (하월곡동),127.0404782582,37.6018818076,,A04,A0401,A04011000,2911564,38,쇼핑
홈플러스 잠실,서울특별시 송파구 올림픽로35가길 16,127.1030222173,37.5163039873,,A04,A0401,A04011000,2924432,38,쇼핑
홈플러스 합정,서울특별시 마포구 양화로 45 (서교동. 메세나폴리스) 메세나폴리스 B2층,126.9136829551,37.5498911308,,A04,A0401,A04011000,2901650,38,쇼핑
홈플러스스토어즈 가양,서울특별시 강서구 양천로 431 (가양동),126.8499689135,37.5643216483,,A04,A0401,A04011000,2909473,38,쇼핑
홈플러스스토어즈 방학,서울특별시 도봉구 도봉로 678 (방학동),127.0436317312,37.6648995362,,A04,A0401,A04011000,2911612,38,쇼핑
홈플러스스토어즈 시흥,서울특별시 금천구 시흥대로 201 (시흥동),126.9008091054,37.4519578330,,A04,A0401,A04011000,2907035,38,쇼핑
홈플러스익스프레스 광화문,서울특별시 종로구 새문안로 91,126.9747768025,37.5705398254,,A04,A0401,A04011000,2930749,38,쇼핑
홈플러스익스프레스 명륜2호,서울특별시 종로구 혜화로3길 5,127.0001434899,37.5862412335,,A04,A0401,A04011000,2924406,38,쇼핑
홍대아이월드안경원,서울특별시 마포구 와우산로 93 1층(서교동),126.9240013758,37.5528159756,,A04,A0401,A04011000,2903690,38,쇼핑
홍대앞 희망시장,서울특별시 마포구 와우산로21길 19-3,126.9229764878,37.5521688104,,A04,A0401,A04010200,2493612,38,쇼핑
홍대참신한약국,서울특별시 마포구 어울마당로 62 1층,126.9214516699,37.5506439598,,A04,A0401,A04011000,2907445,38,쇼핑
홍익약국,서울특별시 마포구 양화로18길 7 (동교동),126.9246262031,37.5569127329,,A04,A0401,A04011000,3305392,38,쇼핑
화곡본동시장,서울특별시 강서구 까치산로 35,126.8441478236,37.5429323649,,A04,A0401,A04010200,2753917,38,쇼핑
화창토산 서울,서울특별시 서대문구 연희로 212 (연희동),126.9358385301,37.5760246009,,A04,A0401,A04011000,2930252,38,쇼핑
황학동 벼룩시장,서울특별시 중구 황학동,127.0178145840,37.5692518591,,A04,A0401,A04010200,273746,38,쇼핑
후,"서울특별시 구로구 경인로 662 (신도림동, 디큐브시티)",126.8884169673,37.5089148857,,A04,A0401,A04011000,3305861,38,쇼핑
후,서울특별시 강북구 도봉로 62 (미아동),127.0305315802,37.6146468109,,A04,A0401,A04011000,3307244,38,쇼핑
후라밍고 2001아울렛 중계,서울특별시 노원구 동일로204가길 46 (중계동),127.0679274101,37.6413416033,,A04,A0401,A04011000,3307594,38,쇼핑
후아유 2001아울렛 중계,서울특별시 노원구 동일로204가길 46 (중계동),127.0679274101,37.6413416033,,A04,A0401,A04011000,3305731,38,쇼핑
후아유 nc신구로,서울특별시 구로구 구로중앙로 152 (구로동),126.8827871414,37.5012129024,,A04,A0401,A04011000,3307746,38,쇼핑
후아유 타임스퀘어,서울특별시 영등포구 영중로 15 (영등포동4가),126.9053818370,37.5178335971,,A04,A0401,A04011000,3307442,38,쇼핑
후아유코엑스점,서울특별시 강남구 영동대로513,127.0592179950,37.5119175967,,A04,A0401,A04011000,2915331,38,쇼핑
후암시장,서울특별시 용산구 후암로35길 24 (후암동),126.9760189231,37.5505143975,,A04,A0401,A04010200,2760240,38,쇼핑
후지필름일렉트로닉이미징코리아 강남,"서울특별시 강남구 선릉로 838(청담동,페코빌딩)",127.0405970476,37.5267433178,,A04,A0401,A04011000,2928923,38,쇼핑
휙스컴,서울특별시 중구 남대문로 20-1,126.9780017826,37.5608687850,,A04,A0401,A04011000,2912311,38,쇼핑
휠라,서울특별시 용산구 한강대로 405 (동자동),126.9717469660,37.5548915897,,A04,A0401,A04011000,3306520,38,쇼핑
휠라,서울특별시 성북구 동소문로 315 (길음동),127.0287930253,37.6084530555,,A04,A0401,A04011000,3306698,38,쇼핑
휠라,서울특별시 중구 장충단로 275 (을지로6가),127.0088293006,37.5689100708,,A04,A0401,A04011000,3307479,38,쇼핑
휠라 NC불광점,서울특별시 은평구 불광로20,126.9289354269,37.6097677758,,A04,A0401,A04011000,2930052,38,쇼핑
휠라 현대가든파이브,"서울특별시 송파구 충민로 66, 3층",127.1249768726,37.4776672007,,A04,A0401,A04011000,2909984,38,쇼핑
휠라 현대동대문,"서울특별시 중구 장충단로13길 20, 7층",127.0076821872,37.5687878415,,A04,A0401,A04011000,2930420,38,쇼핑
휠라키즈,"서울특별시 구로구 경인로 662 (신도림동, 디큐브시티)",126.8884169673,37.5089148857,,A04,A0401,A04011000,3305691,38,쇼핑
휠라키즈,서울특별시 관악구 봉천로 209 (봉천동),126.9249974851,37.4905482278,,A04,A0401,A04011000,3306517,38,쇼핑
휠라키즈,서울특별시 금천구 디지털로 185 (가산동),126.8872262708,37.4782600918,,A04,A0401,A04011000,3306766,38,쇼핑
휠라키즈 nc신구로,서울특별시 구로구 구로중앙로 152 (구로동),126.8827871414,37.5012129024,,A04,A0401,A04011000,3307744,38,쇼핑
휠라키즈 현대동대문,"서울특별시 중구 장충단로13길 20, 8층",127.0076821872,37.5687878415,,A04,A0401,A04011000,2931715,38,쇼핑
휴고보스,서울특별시 영등포구 영중로 9 (영등포동4가),126.9055901684,37.5172308925,,A04,A0401,A04011000,3307267,38,쇼핑
휴고보스 롯데 본점,서울특별시 중구 을지로 30 5층,126.9810458210,37.5654016461,,A04,A0401,A04011000,2908304,38,쇼핑
휴고보스 롯데 에비뉴엘월드타워점,서울특별시 송파구 올림픽로 300 4층,127.1040749597,37.5141653654,,A04,A0401,A04011000,2909145,38,쇼핑
휴고보스 현대 목동점,서울특별시 양천구 목동동로 257,126.8747288364,37.5263292843,,A04,A0401,A04011000,2909142,38,쇼핑
1001안경콘택트,서울특별시 금천구 시흥대로 231,126.9002979740,37.4543408802,,A04,A0401,A04011000,3306338,38,쇼핑
10꼬르소꼬모,서울특별시 강남구 압구정로 416,127.0424190965,37.5269822119,,A04,A0401,A04011000,2918378,38,쇼핑
10꼬르소꼬모 아울렛,서울특별시 강남구 압구정로10길 9,127.0220460635,37.5230378596,,A04,A0401,A04011000,2918361,38,쇼핑
10꼬르소꼬모 청담점,서울특별시 강남구 압구정로 416 (청담동),127.0424190965,37.5269822119,,A04,A0401,A04010600,2773281,38,쇼핑
189#(189샵),서울특별시 중구 장충단로 275 (을지로6가),127.0088293006,37.5689100708,,A04,A0401,A04011000,3306935,38,쇼핑
1LDK SEOUL 청담,서울특별시 강남구 선릉로162길 5(청담동),127.0411497610,37.5272182729,,A04,A0401,A04011000,2905943,38,쇼핑
23에비뉴 강남역지하쇼핑센터,서울특별시 강남구 테헤란로 101,127.0280573169,37.4986630200,,A04,A0401,A04011000,3305787,38,쇼핑
365약국 홍대,서울특별시 마포구 서교동 340-1,126.9261483484,37.5547574551,,A04,A0401,A04011000,2900854,38,쇼핑
4CUS 롯데 영등포점,서울특별시 영등포구 경인로 846,126.9076761334,37.5156700003,,A04,A0401,A04011000,2927947,38,쇼핑
5F N기프트,서울특별시 용산구 남산공원길 105(N서울타워),126.9878733796,37.5511700886,,A04,A0401,A04011000,2901882,38,쇼핑
8번가위드팜약국,서울특별시 서대문구 성산로 515,126.9433187706,37.5630679072,,A04,A0401,A04011000,2908718,38,쇼핑
(주) 호텔롯데 롯데시티호텔 구로,서울특별시 구로구 구로동 188-25,126.8965530103,37.4849789224,,A04,A0401,A04011000,2894013,38,쇼핑
(주)LF(명동헤지스종합),서울특별시 중구 명동8가길 28,126.9865676464,37.5616577360,,A04,A0401,A04011000,2909920,38,쇼핑
(주)새미쥬얼리,서울특별시 종로구 종로 121-1(종로3가),126.9910169849,37.5707012091,,A04,A0401,A04011000,2894091,38,쇼핑
(주)슈페리어테헤란,서울특별시 강남구 테헤란로 614,127.0649786617,37.5090819182,,A04,A0401,A04011000,2907455,38,쇼핑
(주)아틀리에젠즈,"서울특별시 강남구 봉은사로68길 23, 1층",127.0509715574,37.5107037003,,A04,A0401,A04011000,2903773,38,쇼핑
(주)청운에스피,서울특별시 서대문구 모래내로 235,126.9248645526,37.5752439397,,A04,A0401,A04011000,3305470,38,쇼핑
ABC 마트 월드컵점,서울특별시 마포구 월드컵로 240 2층,126.8972867075,37.5683414708,,A04,A0401,A04011000,2928783,38,쇼핑
ABC마트,서울특별시 금천구 디지털로10길9,126.8890705637,37.4776713039,,A04,A0401,A04011000,2927207,38,쇼핑
ABC마트,서울특별시 중구 장충단로13길 20 (을지로6가),127.0076821872,37.5687878415,,A04,A0401,A04011000,3305840,38,쇼핑
ABC마트,서울특별시 용산구 한강대로 405 (동자동),126.9717469660,37.5548915897,,A04,A0401,A04011000,3307440,38,쇼핑
ABC마트,서울특별시 중구 장충단로 275 (을지로6가),127.0088293006,37.5689100708,,A04,A0401,A04011000,3307569,38,쇼핑
abc마트 2001아울렛 중계,서울특별시 노원구 동일로204가길 46 (중계동),127.0679274101,37.6413416033,,A04,A0401,A04011000,3305725,38,쇼핑
ABC마트 GS홍대역점,서울특별시 마포구 양화로 152,126.9229069451,37.5558767113,,A04,A0401,A04011000,2929877,38,쇼핑
ABC마트 GS홍대홍익로,서울특별시 마포구 홍익로5길 13(서교동),126.9215932233,37.5542018826,,A04,A0401,A04011000,2930878,38,쇼핑
ABC마트 KM롯데월드몰,"서울특별시 송파구 올림픽로 300, 롯데월드몰 4층",127.1040749597,37.5141653654,,A04,A0401,A04011000,2923748,38,쇼핑
ABC마트 MS롯데은평,서울특별시 은평구 통일로 1050,126.9179162000,37.6375893423,,A04,A0401,A04011000,2925792,38,쇼핑
ABC마트 NC 강서점,서울특별시 강서구 강서로56길 17,126.8405115644,37.5599858729,,A04,A0401,A04011000,2924489,38,쇼핑
abc마트 nc신구로,서울특별시 구로구 구로중앙로 152 (구로동),126.8827871414,37.5012129024,,A04,A0401,A04011000,3306821,38,쇼핑
ABC마트 SP신촌점,서울특별시 서대문구 명물길 6,126.9374278017,37.5573684645,,A04,A0401,A04011000,2929942,38,쇼핑
ABC마트 ST명동3번가,서울특별시 중구 명동10길 41(충무로2가),126.9858871398,37.5621104492,,A04,A0401,A04011000,2910865,38,쇼핑
ABC마트 ST이태원,서울특별시 용산구 이태원로 159-1,126.9916818370,37.5345332016,,A04,A0401,A04011000,2906022,38,쇼핑
ABC마트 노원점,서울특별시 노원구 노해로 482,127.0617303823,37.6543260927,,A04,A0401,A04011000,3305334,38,쇼핑
ABC마트 롯데 김포점,서울특별시 강서구 하늘길 38,126.8029675746,37.5668621822,,A04,A0401,A04011000,2924497,38,쇼핑
ABC마트 롯데월드몰,"서울특별시 송파구 올림픽로 300(신천동,롯데월드몰4층)",127.1040749597,37.5141653654,,A04,A0401,A04011000,2902499,38,쇼핑
ABC마트 메세나폴리스,서울특별시 마포구 양화로 45 메세나폴리스,126.9136829551,37.5498911308,,A04,A0401,A04011000,2906400,38,쇼핑
ABC마트 미아점,서울특별시 강북구 도봉로 45,127.0298594613,37.6131469738,,A04,A0401,A04011000,2928223,38,쇼핑
ABC마트 상봉점,서울특별시 중랑구 망우로 353,127.0913376195,37.5981387149,,A04,A0401,A04011000,3307264,38,쇼핑
ABC마트 서울대점,서울특별시 관악구 관악로 172,126.9529729960,37.4805721092,,A04,A0401,A04011000,3306647,38,쇼핑
ABC마트 신도림디큐브점,서울특별시 구로구 경인로 662,126.8884169673,37.5089148857,,A04,A0401,A04011000,2929805,38,쇼핑
ABC마트 천호점,서울특별시 강동구 천호대로157길 7,127.1266166655,37.5383685170,,A04,A0401,A04011000,2924505,38,쇼핑
ABC마트 타임스퀘어점,서울특별시 영등포구 영중로 15,126.9053818370,37.5178335971,,A04,A0401,A04011000,2924510,38,쇼핑
ABC마트 타임스퀘어홍대,서울특별시 마포구 양화로 161,126.9233290975,37.5569904784,,A04,A0401,A04011000,2916210,38,쇼핑
ABC마트 테크노마트 강변점,서울특별시 광진구 광나루로56길 85,127.0957084403,37.5357793715,,A04,A0401,A04011000,2924511,38,쇼핑
ABC마트 현대가든파이브,"서울특별시 송파구 충민로 66, 라이프동 3층 (문정동)",127.1249768726,37.4776672007,,A04,A0401,A04011000,2902991,38,쇼핑
ABC마트 홍대점,서울특별시 마포구 홍익로 17,126.9228014552,37.5538991615,,A04,A0401,A04011000,2924512,38,쇼핑
AGE 20´S,서울특별시 마포구 양화로 188,126.9265121176,37.5577987750,,A04,A0401,A04011000,2927299,38,쇼핑
AK PLAZA 홍대,서울특별시 마포구 양화로 188 (동교동),126.9265121176,37.5577987750,,A04,A0401,A04010600,2900483,38,쇼핑
AWK(에어워크주니어) nc신구로,서울특별시 구로구 구로중앙로 152 (구로동),126.8827871414,37.5012129024,,A04,A0401,A04011000,3307333,38,쇼핑
A타워약국 강남역,"서울특별시 강남구 테헤란로 105, 1층 (역삼동 A타워)",127.0285433827,37.4987019129,,A04,A0401,A04011000,2929199,38,쇼핑
BCBG nc신구로,서울특별시 구로구 구로중앙로 152 (구로동),126.8827871414,37.5012129024,,A04,A0401,A04011000,3305752,38,쇼핑
BCBG 현대가든파이브,"서울특별시 송파구 충민로 66, 2층",127.1249768726,37.4776672007,,A04,A0401,A04011000,2931481,38,쇼핑
BOB슈즈,"서울특별시 구로구 경인로 662 (신도림동, 디큐브시티)",126.8884169673,37.5089148857,,A04,A0401,A04011000,3305627,38,쇼핑
CH캐롤리나헤레라 에비뉴엘,서울특별시 중구 남대문로 73,126.9816707967,37.5642573461,,A04,A0401,A04011000,2910005,38,쇼핑
CH캐롤리나헤레라 에비뉴엘잠실,서울특별시 송파구 올림픽로 300,127.1040749597,37.5141653654,,A04,A0401,A04011000,2904874,38,쇼핑
CK 두타,서울특별시 중구 장충단로 275,127.0088293006,37.5689100708,,A04,A0401,A04011000,2904890,38,쇼핑
CL종로지점(금강_랜드로바),서울특별시 종로구 종로 81(종로2가),126.9865146235,37.5704761545,,A04,A0401,A04011000,3307201,38,쇼핑
CP컴퍼니,서울특별시 송파구 올림픽로 300¸ 4층,127.1040749597,37.5141653654,,A04,A0401,A04011000,2924215,38,쇼핑
cu동숭아트점,서울특별시 종로구 동숭길 114,127.0038432380,37.5832305384,,A04,A0401,A04011000,3305912,38,쇼핑
cu마포아이비점,서울특별시 마포구 서강로 136,126.9357974867,37.5541049257,,A04,A0401,A04011000,3306218,38,쇼핑
cu숭인파라빌점,서울특별시 종로구 난계로 251 (숭인동) 동양파라빌 1층 104호,127.0228750972,37.5740652796,,A04,A0401,A04011000,3305458,38,쇼핑
cu장안관광호텔점,서울특별시 동대문구 천호대로 377,127.0610052889,37.5623867667,,A04,A0401,A04011000,3306634,38,쇼핑
cu중앙박물관점,서울특별시 용산구 서빙고로 137,126.9791278024,37.5211706397,,A04,A0401,A04011000,3305718,38,쇼핑
cu창전숲길점,서울특별시 마포구 와우산로32길 25,126.9315950719,37.5548214340,,A04,A0401,A04011000,3307449,38,쇼핑
cu청담삼환점,"서울특별시 강남구 학동로77길 49 (청담동, 삼환아파트) 1층",127.0478409689,37.5219106761,,A04,A0401,A04011000,3307064,38,쇼핑
cu코리아나호텔점,서울특별시 중구 세종대로 135 코리아나호텔,126.9767683500,37.5683595593,,A04,A0401,A04011000,3305518,38,쇼핑
cu한국외국어대학교점,서울특별시 동대문구 이문로 107 국제학사이문동,127.0600044064,37.5966077718,,A04,A0401,A04011000,3306448,38,쇼핑
Daks,서울특별시 영등포구 영중로9 신세계백화점 1층,126.9055901684,37.5172308925,,A04,A0401,A04011000,2926683,38,쇼핑
DKNY,서울특별시 서초구 신반포로176,127.0035815712,37.5056062193,,A04,A0401,A04011000,2928877,38,쇼핑
EJ OST 롯데몰김포,서울특별시 강서구 하늘길 38,126.8029148466,37.5652540347,,A04,A0401,A04011000,2904394,38,쇼핑
EJ OST 타임스퀘어,서울특별시 영등포구 영중로 15,126.9053818370,37.5178335971,,A04,A0401,A04011000,2917286,38,쇼핑
EN,"서울특별시 구로구 경인로 662 (신도림동, 디큐브시티)",126.8884169673,37.5089148857,,A04,A0401,A04011000,3307351,38,쇼핑
ER NC백화점 강서,서울특별시 강서구 강서로56길 17,126.8405115644,37.5599858729,,A04,A0401,A04011000,2902775,38,쇼핑
ER NC백화점 불광,서울특별시 은평구 불광로 20 (8층 고객센터),126.9289354269,37.6097677758,,A04,A0401,A04011000,2918172,38,쇼핑
ER 뉴코아아울렛 강남,서울특별시 서초구 잠원로 51 (잠원동),127.0074616696,37.5092947493,,A04,A0401,A04011000,2901609,38,쇼핑
ER 슈펜 아이파크몰,서울특별시 용산구 한강대로23길 55 2층,126.9647566449,37.5298249324,,A04,A0401,A04011000,2906374,38,쇼핑
ER 슈펜 홍대,서울특별시 마포구 양화로 153,126.9226375065,37.5565432959,,A04,A0401,A04011000,2901226,38,쇼핑
ER 치크 타임스퀘어,서울특별시 영등포구 영중로 15,126.9053818370,37.5178335971,,A04,A0401,A04011000,2931480,38,쇼핑
EW 뉴발란스 롯데서울역,서울특별시 중구 한강대로 405,126.9717664185,37.5545416306,,A04,A0401,A04011000,2909834,38,쇼핑
EW 뉴발란스 타임스퀘어,서울특별시 영등포구 영중로 15,126.9053818370,37.5178335971,,A04,A0401,A04011000,2907798,38,쇼핑
EW 뉴발란스 홍대,서울특별시 마포구 홍익로 20,126.9228347700,37.5544352109,,A04,A0401,A04011000,2905436,38,쇼핑
EW 로엠 신촌,서울특별시 서대문구 신촌로 77,126.9350863844,37.5560935707,,A04,A0401,A04011000,2907189,38,쇼핑
EW 로엠 타임스퀘어,서울특별시 영등포구 영중로 15,126.9053818370,37.5178335971,,A04,A0401,A04011000,2911419,38,쇼핑
EW 미쏘 IFC몰,서울특별시 영등포구 국제금융로 10,126.9266241202,37.5258580443,,A04,A0401,A04011000,2930940,38,쇼핑
EW 미쏘 타임스퀘어,서울특별시 영등포구 영중로 15,126.9053818370,37.5178335971,,A04,A0401,A04011000,2930562,38,쇼핑
EW 스파오 AK&홍대,"서울특별시 마포구 양화로 지하 188, 4층",126.9270259684,37.5575099286,,A04,A0401,A04011000,2924347,38,쇼핑
EW 스파오 명동,서울특별시 중구 명동8나길 15,126.9841317668,37.5613160654,,A04,A0401,A04011000,2910891,38,쇼핑
EW 스파오 신촌,서울특별시 마포구 신촌로 94,126.9360168847,37.5550492645,,A04,A0401,A04011000,2929386,38,쇼핑
EW 폴더 건대스타시티,서울특별시 광진구 아차산로 272,127.0729937617,37.5385953021,,A04,A0401,A04011000,2917252,38,쇼핑
EW 폴더 상봉,서울특별시 중랑구 상봉로 131,127.0921931170,37.5974610317,,A04,A0401,A04011000,2924796,38,쇼핑
EW 폴더 홍대,서울특별시 마포구 양화로 152-6,126.9230402685,37.5557933900,,A04,A0401,A04011000,2910895,38,쇼핑
EW 후아유 타임스퀘어,서울특별시 영등포구 영중로 15,126.9053818370,37.5178335971,,A04,A0401,A04011000,2925918,38,쇼핑
FRED 신세계강남,"서울특별시 서초구 신반포로 176(반포동, 신세계백화점 강남점)",127.0035815712,37.5056062193,,A04,A0401,A04011000,2904551,38,쇼핑
FRED 현대본점,"서울특별시 강남구 압구정로 165, 2층(압구정동, 현대백화점 압구정본점)",127.0274843337,37.5274180039,,A04,A0401,A04011000,2915137,38,쇼핑
FR광화문점(금강_프리스비),"서울특별시 중구 청계천로 8, 1층(무교동)",126.9782376450,37.5688789695,,A04,A0401,A04011000,2930754,38,쇼핑
GCUT,서울특별시 중구 장충단로13길 20 (을지로6가)4층,127.0076821872,37.5687878415,,A04,A0401,A04011000,3306897,38,쇼핑
GS25강남동원점,서울특별시 강남구 테헤란로77길 7 동원빌딩,127.0545102294,37.5069791967,,A04,A0401,A04011000,3306541,38,쇼핑
GS25강남쥬비스점,서울특별시 강남구 삼성로 434 1층,127.0576849759,37.5057488410,,A04,A0401,A04011000,3305950,38,쇼핑
GS25노고산본점,서울특별시 마포구 신촌로16길 8,126.9348364263,37.5554214221,,A04,A0401,A04011000,3305860,38,쇼핑
GS25동대문패션점,서울특별시 중구 을지로 254 101호,127.0063101678,37.5660381371,,A04,A0401,A04011000,3307089,38,쇼핑
GS25반포타운점,서울특별시 서초구 사평대로53길 36,127.0214021586,37.5060453769,,A04,A0401,A04011000,3305564,38,쇼핑
GS25삼성한울점,서울특별시 강남구 삼성로119길 37,127.0485744213,37.5153614504,,A04,A0401,A04011000,3306116,38,쇼핑
GS25종로방통대2점,서울특별시 종로구 이화장길 78 1층,127.0046599579,37.5787366309,,A04,A0401,A04011000,3306245,38,쇼핑
GS25중구퇴계점,서울특별시 중구 퇴계로 180,126.9917227537,37.5609106929,,A04,A0401,A04011000,3306670,38,쇼핑
GS25청담중앙점,서울특별시 강남구 선릉로148길 32,127.0421942390,37.5226965944,,A04,A0401,A04011000,3306406,38,쇼핑
GS25홍대동교점,서울특별시 마포구 양화로21길 21,126.9248788949,37.5591402564,,A04,A0401,A04011000,3305917,38,쇼핑
H&M,"서울특별시 구로구 경인로 662 (신도림동, 디큐브시티)",126.8884169673,37.5089148857,,A04,A0401,A04011000,3305812,38,쇼핑
HAZZYS,서울특별시 서초구 신반포로176,127.0035815712,37.5056062193,,A04,A0401,A04011000,2928869,38,쇼핑
HEAL 두타,서울특별시 중구 장충단로 275,127.0088293006,37.5689100708,,A04,A0401,A04011000,2930790,38,쇼핑
HOOPCITY 동대문,"서울특별시 중구 퇴계로 324, 1층(광희동2가,성우빌딩)",127.0077267621,37.5640383947,,A04,A0401,A04011000,2930299,38,쇼핑
IFC몰,서울특별시 영등포구 국제금융로 10 (여의도동),126.9266241202,37.5258580443,,A04,A0401,A04010600,1988288,38,쇼핑
IS 이즈나나 가로수,서울특별시 강남구 가로수길 80,127.0227209953,37.5232795103,,A04,A0401,A04011000,2923944,38,쇼핑
JDX 가산,서울특별시 금천구 디지털로 193,126.8881261914,37.4781684518,,A04,A0401,A04011000,2925146,38,쇼핑
JDX 문정,서울특별시 송파구 동남로 96,127.1222712374,37.4891324880,,A04,A0401,A04011000,2925593,38,쇼핑
JDX 역삼,"서울특별시 강남구 언주로 331, 1층(역삼동, 안산빌딩)",127.0448308247,37.4974412415,,A04,A0401,A04011000,2922973,38,쇼핑
JDX 영등포,서울특별시 영등포구 버드나루로14길 9,126.9104200408,37.5258716417,,A04,A0401,A04011000,2925101,38,쇼핑
JDX 종로,"서울특별시 종로구 종로 236-1, 1층(종로5가)",127.0040546796,37.5709014201,,A04,A0401,A04011000,2914826,38,쇼핑
JDX 현대가든파이브,"서울특별시 송파구 충민로 66, 4층(문정동, 가든파이브라이프)",127.1249768726,37.4776672007,,A04,A0401,A04011000,2930773,38,쇼핑
JDX 현대동대문,서울특별시 중구 장충단로13길 20,127.0076821872,37.5687878415,,A04,A0401,A04011000,2909814,38,쇼핑
JEEP 현대가든파이브,서울특별시 송파구 충민로 66,127.1249768726,37.4776672007,,A04,A0401,A04011000,2901008,38,쇼핑
JIGUM 종로,서울특별시 종로구 북촌로 21-8 (재동),126.9847506580,37.5788501501,,A04,A0401,A04011000,2928886,38,쇼핑
JILLSTUART,서울특별시 서초구 신반포로176,127.0035815712,37.5056062193,,A04,A0401,A04011000,2928874,38,쇼핑
JJ지고트 nc신구로,서울특별시 구로구 구로중앙로 152 (구로동),126.8827871414,37.5012129024,,A04,A0401,A04011000,3306409,38,쇼핑
K1973 두타,서울특별시 중구 장충단로 275,127.0088293006,37.5689100708,,A04,A0401,A04011000,2918440,38,쇼핑
K2,서울특별시 금천구 디지털로 185 (가산동),126.8872262708,37.4782600918,,A04,A0401,A04011000,3305357,38,쇼핑
K2,"서울특별시 구로구 경인로 662 (신도림동, 디큐브시티)",126.8884169673,37.5089148857,,A04,A0401,A04011000,3305696,38,쇼핑
K2 롯데팩토리가산,서울특별시 금천구 벚꽃로278,126.8846459143,37.4795432303,,A04,A0401,A04011000,2907470,38,쇼핑
K2 현대가든파이브,"서울특별시 송파구 충민로 66,3층",127.1249768726,37.4776672007,,A04,A0401,A04011000,2912696,38,쇼핑
K2 현대가산,"서울특별시 금천구 디지털로10길 9, 4층",126.8890705637,37.4776713039,,A04,A0401,A04011000,2924938,38,쇼핑
K2 현대동대문,서울특별시 중구 장충단로13길 20,127.0076821872,37.5687878415,,A04,A0401,A04011000,2928539,38,쇼핑
KCDF 갤러리숍 공예정원,서울특별시 종로구 인사동11길 8 공예종합유통지원센터,126.9841425159,37.5740618063,,A04,A0401,A04010700,969831,38,쇼핑
KENZO,서울특별시 서초구 신반포로176,127.0035815712,37.5056062193,,A04,A0401,A04011000,2928856,38,쇼핑
KGC 동묘점,서울특별시 종로구 종로 347,127.0161285077,37.5734346759,,A04,A0401,A04011000,2916079,38,쇼핑
KGC 충무로점,서울특별시 중구 퇴계로 235,126.9978249275,37.5625800530,,A04,A0401,A04011000,2902306,38,쇼핑
KK롯데건대(금강_금강제화),서울특별시 광진구 능동로 92,127.0712300203,37.5390535504,,A04,A0401,A04011000,2924212,38,쇼핑
KK롯데노원(금강_금강제화),서울특별시 노원구 동일로 1414(상계동),127.0614081608,37.6553315254,,A04,A0401,A04011000,2909687,38,쇼핑
KK롯데잠실(금강_금강제화),서울특별시 송파구 올림픽로 240,127.0976311526,37.5123821225,,A04,A0401,A04011000,2923898,38,쇼핑
KK신세강남(금강_금강제화),서울특별시 서초구 신반포로 176,127.0035815712,37.5056062193,,A04,A0401,A04011000,2905998,38,쇼핑
KK신세본점(금강_금강제화),서울특별시 중구 소공로 63,126.9810181709,37.5609966018,,A04,A0401,A04011000,2906156,38,쇼핑
KK영등본점(금강_금강제화),서울특별시 영등포구 영중로 18,126.9062289766,37.5180391433,,A04,A0401,A04011000,2911170,38,쇼핑
KK현대신촌(금강_금강제화),서울특별시 서대문구 신촌로 83,126.9358252045,37.5561435782,,A04,A0401,A04011000,2910285,38,쇼핑
Kl,서울특별시 강동구 구천면로189,127.1258944317,37.5410626358,,A04,A0401,A04011000,2915414,38,쇼핑
KL 현대아울렛가산점,서울특별시 금천구 디지털로 10길 9,126.8890705637,37.4776713039,,A04,A0401,A04011000,2899956,38,쇼핑
KL 현대아울렛동대문점,서울특별시 중구 을지로6가 17-2,127.0076821872,37.5687878415,,A04,A0401,A04011000,2894224,38,쇼핑
KNHART,서울특별시 중구 장충단로13길 20 (을지로6가),127.0076821872,37.5687878415,,A04,A0401,A04011000,3305298,38,쇼핑
LARDINI,서울특별시 서초구 신반포로 176 6층,127.0035815712,37.5056062193,,A04,A0401,A04011000,2929321,38,쇼핑
LF 닥스M 신세계강남,서울특별시 서초구 신반포로 176 (반포동),127.0035815712,37.5056062193,,A04,A0401,A04011000,2930692,38,쇼핑
LF 마에스트로 롯데잠실,서울특별시 송파구 올림픽로 240 (잠실동),127.0976311526,37.5123821225,,A04,A0401,A04011000,2930723,38,쇼핑
LF 마에스트로 현대천호,서울특별시 강동구 천호대로 1005 (천호동),127.1244557316,37.5390267349,,A04,A0401,A04011000,2910270,38,쇼핑
LG베스트샵,서울특별시 마포구 월드컵로240,126.8972867075,37.5683414708,,A04,A0401,A04011000,2928755,38,쇼핑
LIESANGBONG_청담점,서울특별시 강남구 도산대로 451(청담동),127.0457438666,37.5244242357,,A04,A0401,A04011000,2903134,38,쇼핑
LYNN 가든파이브점,서울특별시 송파구 충민로 66 2층,127.1249768726,37.4776672007,,A04,A0401,A04011000,2894160,38,쇼핑
LYNN 현대시티(아)가산점,"서울특별시 금천구 디지털로10길 9, 3층(가산동, 현대시티아울렛 가산점)",126.8890705637,37.4776713039,,A04,A0401,A04011000,2894588,38,쇼핑
LYNN 현대시티(아)동대문점,서울특별시 중구 장충단로13길 20,127.0076821872,37.5687878415,,A04,A0401,A04011000,2894158,38,쇼핑
MAC,"서울특별시 구로구 경인로 662 (신도림동, 디큐브시티)",126.8884169673,37.5089148857,,A04,A0401,A04011000,3307753,38,쇼핑
MAC 롯데월드몰,서울특별시 송파구 올림픽로 300 롯데월드몰 1층,127.1040749597,37.5141653654,,A04,A0401,A04011000,2906641,38,쇼핑
MENSA 두타,서울특별시 중구 장충단로 275,127.0088293006,37.5689100708,,A04,A0401,A04011000,2905109,38,쇼핑
MH 버터 코엑스,서울특별시 강남구 영동대로 513,127.0592179950,37.5119175967,,A04,A0401,A04011000,2901420,38,쇼핑
MH 버터 홍대,서울특별시 마포구 양화로 153,126.9226375065,37.5565432959,,A04,A0401,A04011000,2901890,38,쇼핑
MLB 롯데김포공항,서울특별시 강서구 하늘길38,126.8029675746,37.5668621822,,A04,A0401,A04011000,2928278,38,쇼핑
MLB 현대가든파이브,서울특별시 송파구 충민로 66,127.1249768726,37.4776672007,,A04,A0401,A04011000,2909223,38,쇼핑
MLB_현대(아)동대문,"서울특별시 중구 장충단로13길 20 4층(을지로6가, 현대시티아울렛동대문점)",127.0076821872,37.5687878415,,A04,A0401,A04011000,2903752,38,쇼핑
MLB키즈,서울특별시 영등포구 영중로9,126.9055901684,37.5172308925,,A04,A0401,A04011000,2926955,38,쇼핑
MLB키즈,"서울특별시 구로구 경인로 662 (신도림동, 디큐브시티)",126.8884169673,37.5089148857,,A04,A0401,A04011000,3306278,38,쇼핑
MLB키즈,서울특별시 중구 장충단로13길 20 (을지로6가)4층,127.0076821872,37.5687878415,,A04,A0401,A04011000,3306454,38,쇼핑
MUJI AK&홍대,"서울특별시 마포구 양화로 188, 3층 (동교동)",126.9265121176,37.5577987750,,A04,A0401,A04011000,2911585,38,쇼핑
MUJI IFC몰,서울특별시 영등포구 국제금융로 10,126.9266241202,37.5258580443,,A04,A0401,A04011000,2925706,38,쇼핑
MUJI 노원,"서울특별시 노원구 동일로 1414, 롯데백화점 3층",127.0614081608,37.6553315254,,A04,A0401,A04011000,2930830,38,쇼핑
MUJI 롯데몰김포,서울특별시 강서구 하늘길 38 (방화동) 롯데몰 김포공항,126.8029675746,37.5668621822,,A04,A0401,A04011000,2931393,38,쇼핑
MUJI 롯데영플라자,"서울특별시 중구 남대문로 67(남대문로2가, 롯데백화점영플라자 5층)",126.9815347180,37.5635490929,,A04,A0401,A04011000,2930292,38,쇼핑
MUJI 롯데은평,서울특별시 은평구 통일로 1050,126.9179162000,37.6375893423,,A04,A0401,A04011000,2911168,38,쇼핑
MUJI 메세나폴리스,서울특별시 마포구 양화로 45 (서교동. 메세나폴리스) 메세나폴리스 1층,126.9136829551,37.5498911308,,A04,A0401,A04011000,2907017,38,쇼핑
MUJI 타임스퀘어,서울특별시 영등포구 영중로 15 (영등포동4가) 타임스퀘어 2층,126.9053818370,37.5178335971,,A04,A0401,A04011000,2911354,38,쇼핑
MUJI 파르나스몰,서울특별시 강남구 테헤란로 521,127.0608234799,37.5092457134,,A04,A0401,A04011000,2900688,38,쇼핑
Nba,서울특별시 서대문구 신촌로83,126.9358252045,37.5561435782,,A04,A0401,A04011000,2927081,38,쇼핑
NBA 2001아울렛 중계,서울특별시 노원구 동일로204가길 46 (중계동),127.0679274101,37.6413416033,,A04,A0401,A04011000,3305979,38,쇼핑
NBA 현대동대문,서울특별시 중구 장충단로13길 20,127.0076821872,37.5687878415,,A04,A0401,A04011000,2901595,38,쇼핑
NBA키즈,"서울특별시 구로구 경인로 662 (신도림동, 디큐브시티)",126.8884169673,37.5089148857,,A04,A0401,A04011000,3307129,38,쇼핑
NBA키즈 nc신구로,서울특별시 구로구 구로중앙로 152 (구로동),126.8827871414,37.5012129024,,A04,A0401,A04011000,3307448,38,쇼핑
PGA TOUR&LPGA,"서울특별시 구로구 경인로 662 (신도림동, 디큐브시티)",126.8884169673,37.5089148857,,A04,A0401,A04011000,3306353,38,쇼핑
PIGC,"서울특별시 구로구 경인로 662 (신도림동, 디큐브시티)",126.8884169673,37.5089148857,,A04,A0401,A04011000,3306870,38,쇼핑
PIGC,서울특별시 관악구 봉천로 209 (봉천동),126.9249974851,37.4905482278,,A04,A0401,A04011000,3307116,38,쇼핑
POLO,서울특별시 서초구 신반포로176,127.0035815712,37.5056062193,,A04,A0401,A04011000,2928866,38,쇼핑
PR 성형외과의원,서울특별시 강남구 도산대로 134 (논현동)13층,127.0233711023,37.5174107588,,A04,A0401,A04011000,3305916,38,쇼핑
PRADA,서울특별시 서초구 신반포로176,127.0035815712,37.5056062193,,A04,A0401,A04011000,2928863,38,쇼핑
PVH CK언더웨어 가로수,서울특별시 강남구 강남대로154길 43,127.0224128189,37.5187217008,,A04,A0401,A04011000,2901689,38,쇼핑
PXG,서울특별시 성북구 동소문로 315 (길음동),127.0287930253,37.6084530555,,A04,A0401,A04011000,3305653,38,쇼핑
PXG어패럴,서울특별시 영등포구 영중로 9 (영등포동4가),126.9055901684,37.5172308925,,A04,A0401,A04011000,3307332,38,쇼핑
R.지오지아,"서울특별시 구로구 경인로 662 (신도림동, 디큐브시티)",126.8884169673,37.5089148857,,A04,A0401,A04011000,3305962,38,쇼핑
R.지오지아,서울특별시 관악구 봉천로 209 (봉천동),126.9249974851,37.4905482278,,A04,A0401,A04011000,3306388,38,쇼핑
SI 갭키즈 롯데월드몰,서울특별시 송파구 올림픽로 300 롯데월드몰,127.1040749597,37.5141653654,,A04,A0401,A04011000,2912341,38,쇼핑
SI 보브 현대가든파이브,서울특별시 송파구 충민로 66,127.1249768726,37.4776672007,,A04,A0401,A04011000,2901528,38,쇼핑
SI 사카이 청담,서울특별시 강남구 압구정로60길 26,127.0415081056,37.5256767914,,A04,A0401,A04011000,2908644,38,쇼핑
SI 알렉산더왕 청담,서울특별시 강남구 압구정로60길 8,127.0419635838,37.5269377645,,A04,A0401,A04011000,2904907,38,쇼핑
SI 엠포리오아르마니 청담,서울특별시 강남구 압구정로 420 (청담동),127.0429440484,37.5270211055,,A04,A0401,A04011000,2930881,38,쇼핑
SI 지컷 현대가든파이브,서울특별시 송파구 충민로 66,127.1249768726,37.4776672007,,A04,A0401,A04011000,2927567,38,쇼핑
SI 크롬하츠 신세계강남,서울특별시 서초구 신반포로 176,127.0035815712,37.5056062193,,A04,A0401,A04011000,2901789,38,쇼핑
SI 크롬하츠 신세계본점,서울특별시 중구 소공로 63 (충무로1가),126.9810181709,37.5609966018,,A04,A0401,A04011000,2923996,38,쇼핑
SI 크롬하츠 청담,서울특별시 강남구 선릉로162길 24 (청담동) 1층,127.0424357737,37.5265683714,,A04,A0401,A04011000,2917291,38,쇼핑
SI(씨),서울특별시 금천구 디지털로 185 (가산동),126.8872262708,37.4782600918,,A04,A0401,A04011000,3306206,38,쇼핑
SJSJ,서울특별시 중구 장충단로13길 20 (을지로6가)1층,127.0076821872,37.5687878415,,A04,A0401,A04011000,3305640,38,쇼핑
SJSJ,서울특별시 용산구 한강대로 405 (동자동),126.9717469660,37.5548915897,,A04,A0401,A04011000,3305811,38,쇼핑
SL 포터 강남,"서울특별시 강남구 강남대로 442, 1층",127.0260296276,37.5020681444,,A04,A0401,A04011000,2905862,38,쇼핑
STCO,서울특별시 마포구 서교동 490,126.9136829551,37.5498911308,,A04,A0401,A04011000,2926939,38,쇼핑
STYLE FIT 두타,서울특별시 중구 장충단로 275,127.0088293006,37.5689100708,,A04,A0401,A04011000,2924508,38,쇼핑
S마켓,서울특별시 금천구 디지털로 185 (가산동),126.8872262708,37.4782600918,,A04,A0401,A04011000,3307231,38,쇼핑
s마켓키즈 nc신구로,서울특별시 구로구 구로중앙로 152 (구로동),126.8827871414,37.5012129024,,A04,A0401,A04011000,3307290,38,쇼핑
T1 HQ SHOP,서울특별시 강남구 선릉로 627 (논현동),127.0428028051,37.5125116770,,A04,A0401,A04010600,2946552,38,쇼핑
TAJ 두타,서울특별시 중구 장충단로 275,127.0088293006,37.5689100708,,A04,A0401,A04011000,2917635,38,쇼핑
TOP10,"서울특별시 구로구 경인로 662 (신도림동, 디큐브시티)",126.8884169673,37.5089148857,,A04,A0401,A04011000,3305544,38,쇼핑
VOV,서울특별시 중구 장충단로13길 20 (을지로6가)4층,127.0076821872,37.5687878415,,A04,A0401,A04011000,3306512,38,쇼핑
VTOV,서울특별시 중구 장충단로 275 (을지로6가),127.0088293006,37.5689100708,,A04,A0401,A04011000,3307676,38,쇼핑
Y컨셉 롯데서울역,서울특별시 중구 한강대로 405 (봉래동2가),126.9717664185,37.5545416306,,A04,A0401,A04011000,2902588,38,쇼핑
ZEN 명동,서울특별시 중구 명동길 62 (명동2가),126.9858315387,37.5639074609,,A04,A0401,A04011000,2913367,38,쇼핑
ZOOC,서울특별시 관악구 봉천로 209 (봉천동),126.9249974851,37.4905482278,,A04,A0401,A04011000,3305694,38,쇼핑
㈜러쉬코리아 경리단길 스파,서울특별시 용산구 회나무로42길 10 2층,126.9956618542,37.5407269977,,A04,A0401,A04011000,2907399,38,쇼핑
㈜러쉬코리아 경리단길점,서울특별시 용산구 회나무로42길 10 1층,126.9956618542,37.5407269977,,A04,A0401,A04011000,2910762,38,쇼핑
㈜러쉬코리아 대학로점,서울특별시 종로구 대명길 27,127.0000991358,37.5831999201,,A04,A0401,A04011000,2905444,38,쇼핑
㈜러쉬코리아 신림점,서울특별시 관악구 신림로 330,126.9302499714,37.4839046492,,A04,A0401,A04011000,2910412,38,쇼핑
㈜러쉬코리아 이태원역점,서울특별시 용산구 이태원로 179,126.9938927421,37.5346860011,,A04,A0401,A04011000,2910593,38,쇼핑
㈜러쉬코리아 홍대점,서울특별시 마포구 잔다리로6길 39,126.9213932900,37.5524909668,,A04,A0401,A04011000,2910945,38,쇼핑
㈜엔터식스 상봉점,서울특별시 중랑구 망우로 353,127.0913376195,37.5981387149,,A04,A0401,A04011000,2907469,38,쇼핑
㈜엔터식스 왕십리역사점,서울특별시 성동구 왕십리광장로 17,127.0384101499,37.5614947974,,A04,A0401,A04011000,2910272,38,쇼핑
㈜엔터식스패션쇼핑몰 천호역점,서울특별시 강동구 천호대로 997,127.1233169363,37.5393933386,,A04,A0401,A04011000,2908526,38,쇼핑
