poi_id,category,name_ko,lat,lon,address_ko,website,phone,open_hours_text,closed_days_text,ticket_price_text,rag_seed_text_ko,source_urls,source_updated_at
KOP002082,미술관&박물관,가나아트센터,37.612309888,126.975130253,03004 서울 종로구 평창30길 28 (가나아트센타),http://www.ganaart.com,02-720-1020,10:00 - 19:00,월요일,3000원,"전시, 공연, 아카데미, 옥션이 함께하는 가나아트센터는 세계적인 건축가 장 미셸 빌모트(Jean Michel Wilmotte)가 설계한 850평 규모의 복합문화 공간입니다. 미술관 순회 버스를 이용하면 쉽게 방문할 수 있습니다. 순회 버스는 월요일과 명절을 제외하고 연중무휴입니다.",https://korean.visitseoul.net/attractions/%EA%B0%80%EB%82%98%EC%95%84%ED%8A%B8%EC%84%BC%ED%84%B0/KOP002082,2025.07.19
KOP018912,미술관&박물관,가회민화박물관,37.581539738,126.985262569,03056 서울 종로구 북촌로 52 (가회동) 가회민화박물관,http://www.gahoemuseum.org/new/,02-741-0466,10:00 ~ 18:00 * 관람 시 종료 40분 전까지 입장 * 체험 시 종료 1시간 전까지 입장,월요일,"□개인 일반(대학생 포함) 5,000원 학생(고등학생 이하) 5,000원 *단체예약 안내 5인 이상의 단체의 경우 예약필수입니다. 20인 이상의 단체 예약 시 10%의 예약금이 있습니다.","가회민화박물관의 전시관 사진입니다. 전시관 벽면에 민화와 서예 작품들이 전시되어 있습니다. 가회 민화박물관은 민화 전문 박물관으로 윤열수 관장이 개인적으로 꾸준히 수집해 온 민화와 부적관계 자료 등을 일반인들에게 공개하고 보존하기 위해 설립되었습니다. 약 2,000여 점의 민화와 민속품 등이 전시되어 있습니다. 또한, 강사의 지도로 다양한 민화를 그리는 체험을 해볼 수 있습니다.",https://korean.visitseoul.net/attractions/%EA%B0%80%ED%9A%8C%EB%AF%BC%ED%99%94%EB%B0%95%EB%AC%BC%EA%B4%80/KOP018912,2025.07.24
KOP001871,미술관&박물관,갤러리 학고재,37.580299207,126.980268998,03053 서울특별시 종로구 삼청로 50 (소격동),http://www.hakgojae.com,02-720-1524,10:00~18:00,월요일,,"갤러리 학고재의 본관 건물은 전통 한옥으로, 신관 건물은 21세기 건축 양식으로 만들어져 개성 있게 조화를 이루고 있습니다. 중국 상하이 예술 특구 모간산(莫干山)루에도 지점이 있습니다.",https://korean.visitseoul.net/attractions/%EA%B0%A4%EB%9F%AC%EB%A6%AC-%ED%95%99%EA%B3%A0%EC%9E%AC/KOP001871,2025.06.16
KOP001694,미술관&박물관,갤러리 현대,37.577138548,126.979818879,"03062 서울 종로구 삼청로 14 (사간동, 현대갤러리)",http://www.galleryhyundai.com/,02-2287-3500,10:00~18:00,월요일,,"갤러리 현대는 사간동 갤러리 거리에서 가장 유명합니다. 박수근, 이중섭 등 한국 근현대 미술을 대표하는 작가들의 전시뿐 아니라 세계적인 작가들의 작품이 전시되어 있습니다. 전통 한옥 레스토랑인 두가헌과 함께 어우러져 미술과 와인의 조화를 느낄 수 있는 공간입니다. 신관 뒷마당에 위치한 두가헌갤러리는 근대에 지은 러시아식 적벽돌 건축물로 두가헌레스토랑과 함께 운영되는데 한옥식 레스토랑과 근대 서양 건축이 짝을 이뤄 독특한 볼거리를 선사한다. 그 이름처럼‘매우 아름다운 집´ 에서 과거와 현재가 공존하는 특별한 추억을 만들어보는 건 어떨까요?",https://korean.visitseoul.net/attractions/%EA%B0%A4%EB%9F%AC%EB%A6%AC-%ED%98%84%EB%8C%80/KOP001694,2025.07.22
KOP001961,미술관&박물관,겸재정선미술관,37.572228067,126.838412724,"07522 서울 강서구 양천로47길 36 (가양동, 겸재정선미술관)",https://culture.gangseo.seoul.kr/gsfc/main/contents.do?menuNo=800054,02-2659-2206,화요일~금요일 10:00 ~ 18:00 토요일~일요일 10:00 ~ 17:00,"- 설, 추석의 전, 후일(명절 당일은 휴관) -어린이날, 삼일절, 광복절, 개천절, 한글날","- 어른 : 1000원 - 청소년 및 군경 : 500원 - 7세 이하, 65세 이상, 국가유공자, 독립유공자 및 그 유족 또는 가족, 장애인과 그와 동행하는 보호자 1인, 다둥이 행복 카드 소지자(등재된 가족 포함) : 무료","겸재정선미술관은 서울 강서구 양천로에 위치해 있으며 지하 1층, 지상 3층으로 이루어져 있습니다. 기획전시실을 갖추고 있어 여러 작가의 전시가 가능합니다. 2층에는 정선의 생애 및 작품에 관한 기념관이 있으며 다목적실은 영상 시청, 강의 및 세미나 등 다양한 용도로 사용 가능합니다.",https://korean.visitseoul.net/attractions/%EA%B2%B8%EC%9E%AC%EC%A0%95%EC%84%A0%EB%AF%B8%EC%88%A0%EA%B4%80/KOP001961,2025.07.20
KOP000072,고궁,경복궁,37.577244461,126.976289443,"03045 서울 종로구 사직로 161 (세종로, 경복궁)",https://royal.cha.go.kr/ROYAL/contents/menuInfo-gbg.do?grpCode=gbg,02-3700-3900,1월 ~ 2월 : 09:00~17:00(입장마감 16:00) 3월 ~ 5월 : 09:00~18:00(입장마감 17:00) 6월 ~ 8월 : 09:00~18:30(입장마감 17:30) 9월 ~ 10월 : 09:00~18:00(입장마감 17:00) 11월 ~ 12월 : 09:00~17:00(입장마감 16:00) ※ 기관 사정에 따라 관람시간 단축 및 조정이 있을 수 있습니다.,화요일,"대인, 외국인 대인 : 3,000원 외국인 소인 : 1,500원 만 24세 이하, 만 65세 이상, 장애인, 유공자 무료 ※ 단체 가격 및 상세 할인혜택은 공식 홈페이지를 참고해주세요.","경복궁은 조선 시대에 지어진 왕궁 중 가장 큰 궁궐이었습니다. 조선 왕조 개국 3년인 1395년에 창건된 궁궐은 390여 칸으로 한양의 중심축에 자리했습니다. 개국공신 정도전은 태조로부터 첫 번째 궁궐의 이름을 지으라는 명을 받았고, 고심 끝에 '새 왕조가 큰 복을 누려 번영할 것'이라는 의미로 경복궁(景福宮)이라는 이름을 붙였습니다. 조선 왕조의 궁궐 중 경복궁은 경희궁, 덕수궁, 창경궁, 창덕궁 중 가장 큰 궁궐로 조선 왕조의 주요 궁궐로서 핵심적인 역할을 했습니다. 국보 제223호인 근정전(勤政殿)은 경복궁의 법전으로 각종 즉위식을 거행했던 왕실의 행사장이었습니다. 근정전의 옆에 위치한 경회루는 1983년 발행된 5천 원권 구화폐에 등장할 정도로 대표적인 건축물로 사랑받아 왔습니다. 한국은 미래 세대를 위해 궁궐의 재건, 복원, 유지를 위해 많은 시간과 노력을 투자해 왔습니다. 이외에도 일제강점기에 훼손을 겪었다가 2010년에 복원된 광화문, 고종과 명성황후가 머물던 건천궁 등이 자리하고 있습니다. 경복궁을 방문할 때 국립 고궁 박물관과 국립 민속 박물관 또한 함께 방문하기 좋습니다. 경복궁은 조선 왕조 최고의 궁궐인 만큼 생각보다 넓고 동선을 자유롭게 조정할 수 있습니다. 다만 좀 더 자세한 관람을 원한다면 우리궁궐지킴이 해설사들의 설명과 함께하는 것이 가장 좋습니다. 경복궁과 서촌 지역 방문 관람객의 편의를 높이고 경제 활성화를 위한 경복궁의 서문 영추문이 2018년 12월부터 전면 개방되었습니다. 경복궁 출입문은 이전까지 남쪽의 광화문, 북쪽의 신무문, 동쪽의 국립민속박물관 출입문 등 총 세 곳으로 이번에 서쪽의 영추문을 43년 만에 개방하면서 동·서·남·북 모든 곳에서 출입이 가능해졌습니다.",https://korean.visitseoul.net/attractions/%EA%B2%BD%EB%B3%B5%EA%B6%81/KOP000072,2025.07.25
KOP002011,미술관&박물관,경인미술관,37.574591041,126.985723771,03146 서울 종로구 인사동10길 11-4,http://www.kyunginart.co.kr/,02-733-4448,10:00~18:00,"신정, 구정, 추석 휴관",무료,"1983년, 경인 이금홍 선생이 설립한 경인미술관은 예술인의 문화 공간일 뿐만 아니라 관광명소로도 널리 알려진 곳입니다. 미술관이란 어느 특정인의 공간이 아닌 남녀노소 누구나 친근하게 접할 수 있는 장소임을 보여주고자 하는 설립자의 의지가 담겨 있습니다. 내부는 아틀리에를 포함하여 총 6개의 전시관과 야외정원, 전통다원으로 구성되어 있으며, 봄가을에는 야외정원에서 콘서트가 열립니다.",https://korean.visitseoul.net/attractions/%EA%B2%BD%EC%9D%B8%EB%AF%B8%EC%88%A0%EA%B4%80/KOP002011,2025.07.14
KOP020549,미술관&박물관,경찰박물관,37.572053732,126.962191083,03166 서울 종로구 송월길 162,https://www.policemuseum.go.kr	,02-3150-3681,09:30 ~ 17:30,"월요일(공휴일인 경우 그 다음날), 1월 1일, 설.추석 연휴",무료,"2005년 개관한 경찰박물관은 경찰의 역사를 보존하고 경찰의 활동을 직접 체험해 볼 수 있는 공간으로 국민의 경찰에 대한 이해를 넓히고 어린이들에게는 경찰에 대한 꿈을 키워가는 교육의 장으로 자리매김하였습니다. 2021년 신청사로 이전하여 새로운 모습으로 탈바꿈한 경찰박물관은 최신 트렌드를 반영한 전시와 체험시설을 갖추고 국민과 경찰 사이를 연결하는 소통의 창이 되고자 합니다. 새문안 동네의 식당으로 운영되던 건물들을 활용하여 새롭게 조성한 문화공간 돈의문은 서울 도성의 서쪽 문으로, 흔히 ‘서대문’이라고 불리며 1915년 3월 도로 확장공사를 위해 철거되었습니다.",https://korean.visitseoul.net/attractions/%EA%B2%BD%EC%B0%B0%EB%B0%95%EB%AC%BC%EA%B4%80/KOP020549,2025.07.23
KOP001159,고궁,경희궁,37.570082007,126.96871673,03177 서울 종로구 새문안로 45 (경희궁),https://museum.seoul.go.kr/www/intro/annexIntro/annex_20/annex_20_01.jsp?sso=ok,02-724-0274,09:00 - 18:00,"월요일, 1월 1일",무료,"경희궁은 본래 인조의 아버지인 정원군의 집이었으나, 그 터에 왕기가 서려 있다는 말이 돌자 광해군이 이를 몰수해 궁궐을 지었습니다. 건립 당시만 1500칸에 이르는 대궐이었던 경희궁은 일제강점기를 거치며 가장 철저하게 파괴됐습니다. 일사늑약(을사조약)이 강제 체결되고 경성중학교가 들어서면서부터입니다. 또한 경희궁 터에는 전매국 관시를 지었고 전각들도 대부분 팔아버렸습니다. 1988년 복원 작업에 착수한 후에야 몇몇 전각의 이전 작업이 추진되었습니다. 경희궁의 흥화문도 이때 복원했습니다. 경희궁의 정전인 숭정전, 국왕이 공무를 수행하던 자정전과 영조의 어진을 보관하던 태령전도 새로이 복원했습니다. 경희궁은 2002년 일반인들에게 개방한 뒤로 다시금 나이를 먹어가고 있습니다. 어떤 모습으로 옛 위상을 회복할지 관심을 가지고 지켜봐야 할 우리의 문화 유산입니다.",https://korean.visitseoul.net/attractions/%EA%B2%BD%ED%9D%AC%EA%B6%81/KOP001159,2025.08.01
KOP006924,미술관&박물관,경희대학교 중앙박물관,37.597037209,127.053129133,02447 서울특별시 동대문구 경희대로 26 경희대학교 서울캠퍼스 중앙도서관 4층,http://museum.khu.ac.kr,02-961-0141,10:00~17:00,-주말 -공휴일,,"경희대학교 중앙박물관의 외관입니다. 회색 석조건물이며 서구식 양식을 갖추고 있습니다. 건물 주변으로 나무들이 둘러싸고 있습니다. 경희대학교 중앙박물관은 경희대학교 부속 박물관으로 1955년 설립되었습니다. 주로 주먹도끼, 빗살무늬토기 등 고고·역사 유물을 전시하며 국내 최초의 시베리아 전시시설을 운영합니다. 이용요금은 무료입니다. 정기문화답사와 초청강연회 및 문화포럼 등의 프로그램도 운영합니다.",https://korean.visitseoul.net/attractions/%EA%B2%BD%ED%9D%AC%EB%8C%80%ED%95%99%EA%B5%90-%EC%A4%91%EC%95%99%EB%B0%95%EB%AC%BC%EA%B4%80/KOP006924,2025.07.20
KOP006886,미술관&박물관,경희대학교 한의학역사박물관,37.593744992,127.053220669,"02453 서울 동대문구 경희대로 26-6 (회기동, 경희대학교)",,02-964-3190,10:00~16:00,-주말 -공휴일,,"경희대학교 한의학역사박물관 내부사진입니다. 관람자 준수사항에 대한 설명과 함께 여러 인물들의 초상화와 각종 도구들의 그림이 있습니다. 경희대학교 한의학 역사박물관에는 고전 의서, 임상기록, 한의학에 관련한 유물 등이 전시되어 있습니다. 한국 한의학의 역사적 발전 과정이 시대별로 게시되어 있으며 일반인도 관람이 가능합니다.",https://korean.visitseoul.net/attractions/%EA%B2%BD%ED%9D%AC%EB%8C%80%ED%95%99%EA%B5%90-%ED%95%9C%EC%9D%98%ED%95%99%EC%97%AD%EC%82%AC%EB%B0%95%EB%AC%BC%EA%B4%80/KOP006886,2025.07.20
KOP015109,고궁,고궁을 찾다,,,,,,,,,"조선시대의 궁궐이 다섯 개 남아 방문객들에게 과거 궁중에서의 삶에 대해 짐작하게 해줍니다. 광활한 경복궁부터 감춰진 아름다운 정원이 있는 창덕궁, 좀 더 작고 아늑한 운현궁까지, 궁궐들은 역사를 보전하는데 큰 몫을 하고 있습니다. 조선의 법궁인 경복궁에서 재현하는 본 행사의 시대배경은 수문장 제도가 정비되는 15세기 조선전기로 당시 궁궐을 지키던 군인들의 복식과 무기, 각종 의장물을 그대로 재현했습니다.",https://korean.visitseoul.net/attractions/%EA%B3%A0%EA%B6%81%EC%9D%84-%EC%B0%BE%EB%8B%A4/KOP015109,2025.08.02
KOP002962,미술관&박물관,고려대학교 본관 및 구 중앙도서관,37.591427446,127.02887472,"02841 서울 성북구 안암로 145 (안암동5가, 고려대학교안암캠퍼스)",https://www.korea.ac.kr/sites/ko/index.do,02-3290-1114,고려대학교 개방 기간 내,,,"고려대학교 본관은 서울특별시 성북구 안암동에 있는 고려대학교의 대학본부 건물로 1981년 사적 제285호로 지정되었습니다. 지상 3층의 석조건물로 1932년 일제강점기에 지어진 것으로 알려져 있습니다. 고려대학교 구 중앙도서관은 1981년 사적 제286호로 지정되었습니다. 본관과 옛 중앙도서관 바로 뒤편에 위치한 해송법학도서관은 뛰어난 디자인만으로도 볼거리가 가득합니다. 지하 1층과 지상 1층 대부분은 투명 유리라 주변의 사물이 건물에 비쳐 신비로운 분위기를 자아냅니다. 1층 휴식 공간과 정기간행물실은 개방된 공간으로 이용자들의 선호도가 높습니다. 2층 발코니에서는 본관과 옛 중앙도서관을 한눈에 바라볼 수 있습니다.",https://korean.visitseoul.net/attractions/%EA%B3%A0%EB%A0%A4%EB%8C%80%ED%95%99%EA%B5%90-%EB%B3%B8%EA%B4%80-%EB%B0%8F-%EA%B5%AC-%EC%A4%91%EC%95%99%EB%8F%84%EC%84%9C%EA%B4%80/KOP002962,2025.07.24
KOP026676,미술관&박물관,공근혜갤러리,37.584026783,126.979674916,03049 서울 종로구 삼청로7길 38 (삼청동),https://konggallery.com/,02-738-7776,화요일~토요일 10:30~17:30,"일요일, 월요일",무료,"공근혜갤러리는 2005년 개관 이래로 해외 유명 사진작가들을 국내에 처음 소개하며 한국 사진계에 큰 영향력을 끼친 화랑입니다. 2010년 2월, 삼청동 청와대 춘추관 옆으로 신축 이전하면서 사진뿐만 아닌, 회화, 조각, 비디오, 설치 등 다양한 현대미술을 수용하는 갤러리로 영역을 확장했습니다. 베르나르 포콩(프랑스), 첸 루오 빙(중국), 마이클 케나(영국), 어윈 올라프(네덜란드) 등의 세계적인 작가들과 전속 계약을 맺고 21세기 현대 미술의 흐름을 보여주는 다양한 작품들을 국내에 선보이고 있습니다. 또한 한국을 대표하는 작가들의 전시회를 개최하고 유럽, 미국 등의 화랑들과 지속적인 교류를 통해 국내 작가의 활발한 해외 활동을 돕는 중요한 역할을 해나가고 있는 화랑입니다.",https://korean.visitseoul.net/attractions/%EA%B3%B5%EA%B7%BC%ED%98%9C%EA%B0%A4%EB%9F%AC%EB%A6%AC/KOP026676,2025.07.28
KOP026675,미술관&박물관,공평도시유적전시관,37.571680806,126.983530241,03161 서울 종로구 우정국로 26 (센트로폴리스 지하 1층),https://museum.seoul.go.kr/www/intro/annexIntro/annex_gongpyeong/annex_gongpyeong_01.jsp?sso=ok,02-724-0135,09:00 - 18:00,"월요일, 1월 1일",무료,"공평도시유적전시관은 공평1·2·4지구 도심 재개발 과정에서 출토된 조선시대 16세기 건<물지와 길을 그대로 보존하여 전시한 도시박물관입니다. 전시내용은 개발과 보존의 상생(보존과 공평동 룰), 조선시대 견평방(수도 한양의 중심), 근대 공평동(공평동으로의 변화), 도시유적 아카이브(도시유적 발굴지도) 등 크게 4가지의 주제로 구성되어 있습니다. 공평도시유적전시관이 완성됨으로써 조선시대~근대 도시조직의 원형들이 유적들 속 600여 년에 걸쳐 층층이 쌓여 있는 수많은 이야기를 시민들 앞에 온전한 모습으로 드러냈습니다. 공평도시유적전시관에서 조선시대 한양 사람들의 생활과 삶의 모습을 살펴볼 수 있습니다.",https://korean.visitseoul.net/attractions/%EA%B3%B5%ED%8F%89%EB%8F%84%EC%8B%9C%EC%9C%A0%EC%A0%81%EC%A0%84%EC%8B%9C%EA%B4%80/KOP026675,2025.07.27
KOP020550,미술관&박물관,국립고궁박물관,37.577244461,126.974957212,"03045 서울 종로구 효자로 12 (세종로, 국립고궁박물관)",http://www.gogung.go.kr/main.do,02-3701-7500,월·화·목·금·일요일 10:00~18:00 (입장은 마감 1시간 전까지) 수·토요일 10:00~21:00,"-1월 1일 -설날, 추석 당일",무료,"국립고궁박물관 전경사진입니다. 입구 앞에 올라가는 계단이 있고, 입구에 국립고궁박물관이라고 써있습니다. 국립고궁박물관은 500년 역사를 자랑하는 조선시대의 유물 약 45,000점을 전시합니다. 조선시대의 왕들이 직접 쓴 글씨와 시, 각종 유물들이 전시되어 있습니다. 조선시대의 발명품 측우기, 조선 마지막 왕 순종황제가 탔던    순종황제 어차까지    다양한 유물을 관람할 수 있습니다. 또한 어린이, 청소년, 가족, 성인을 대상으로 왕실문화를 체험할 수 있는 교육 프로그램도 진행하고 있습니다. 국립고궁박물관에서 조선시대의 찬란한 왕실문화와 각종 유물 등을 한눈에 만끽할 수 있습니다.",https://korean.visitseoul.net/attractions/%EA%B5%AD%EB%A6%BD%EA%B3%A0%EA%B6%81%EB%B0%95%EB%AC%BC%EA%B4%80-k/KOP020550,2025.07.24
KOP011893,미술관&박물관,국립국악박물관,37.477718844,127.009818517,06757 서울 서초구 남부순환로 2364,https://www.gugak.go.kr/site/homepage/menu/viewMenu?menuid=001004001001&lang=ko,02-580-3130,10:00~18:00 (입장마감 17:30),"-월요일 (월요일이 휴일일 경우 정상 운영, 익일 화요일 휴관) -1월 1일",무료,"국립국악박물관 건물 외관입니다. 3층 규모의 건물이고, 건물 왼편에 큰 현수막이 걸려있습니다. 현수막은 화요상설공연, 목요상설공연, 그리고 판소리 한마당을 홍보하고 있습니다. 건물 앞에는 넓은 잔디밭이 있습니다. 국립국악원박물관은 우리나라 최초의 국악 전문박물관으로 우리 고유음악의 장점을 배우고 느낄 수 있는 곳입니다. 각종 국악 관련 자료와 유물 6,000여 점을 소장하고 있습니다. 일곱 가지 주제로 꾸며진 6개의 상설 전시관에는 각 주제에 걸맞은 각종 국악기와 영상들이 전시되어 있습니다.",https://korean.visitseoul.net/attractions/%EA%B5%AD%EB%A6%BD%EA%B5%AD%EC%95%85%EB%B0%95%EB%AC%BC%EA%B4%80/KOP011893,2025.07.15
KOP040770,미술관&박물관,국립기상박물관,37.570667269,126.966013846,"03178 서울 종로구 송월길 52 (송월동, 국립기상박물관)",https://science.kma.go.kr/museum,02-2181-0893,10:00 - 18:00,"매주 월요일, 1월 1일, 설날 및 추석 당일",무료,"조선시대부터 근현대까지 우리나라 기상 문화를 연구하고, 보존하는 국내 최초 기상과학역사 박물관입니다. 서양보다 200여 년 앞서 발명된, 세계에서 현존하는 유일한 측우기 ‘공주 충청감영 측우기(公州 忠淸監營 測雨器)’를 소장하고 있습니다. 국립기상박물관이 설립된 이곳 서울기상관측소는 우리나라 근현대 기상 역사의 중심지입니다. 1907년 경성 원남동에서 시작된 근현대 기상관측은 낙원동을 거쳐 이곳 송월동으로 이전하였습니다. 1932년 설립 당시의 건물과 1939년 증축된 건물이 현재까지 유지되어왔고, 1998년 기상청이 서울 동작구로 이전하기 전까지 이곳에서 지속적으로 기상업무를 이어왔습니다. 이러한 연속성으로 2017년 세계기상기구 박물관 건립을 시작한 2016년, 국가기록원에서 보관되어 있던 20세기 측후소 건축도면을 바탕으로 ‘서울기상관측소’를 원형으로 복원하였으며, 4년 간에 걸친 실내외 공사로 2020년 10월 30일에 개관하였습니다. 우리나라 기상의 중심지인 국립기상박물관에서 날씨의 변화와 역사를 감상해보시기 바랍니다.",https://korean.visitseoul.net/attractions/%EA%B5%AD%EB%A6%BD%EA%B8%B0%EC%83%81%EB%B0%95%EB%AC%BC%EA%B4%80-KR/KOP040770,2025.07.28
KOP001644,미술관&박물관,국립민속박물관,37.579497842,126.978764126,"03045 서울 종로구 삼청로 37 (세종로, 국립민속박물관)",http://www.nfm.go.kr,02-3704-3114,3-10월 9:00 ~ 18:00 (17:00까지 입장) 11-2월 9:00 ~ 17:00 (16:00 까지 입장) 야간연장개관 3~10월 매주 토요일 09:00~20:00 (11월~2월 야간연장 미운영),"- 매년 1월1일 - 설, 추석 당일",무료,"국립민속박물관은 우리 선조들의 삶에서 오늘날 우리의 일상생활에 이르기까지 삶을 연구, 보존하며 수집, 전시합니다. 3개의 상설 전시관에서는 한민족생활사, 한국인의 일상, 한국인의 일생을 살펴볼 수 있습니다. 한민족생활사에서는 우리 삶의 터전을 일군 사람들과 그들이 만들어낸 역사의 흔적을 볼 수 있습니다. 한국인의 일상에서는 조선 시대 사람들의 생활 모습을, 한국인의 일생에서는 관혼상제 등 우리나라 사람들이 살며 겪는 생애의 과정을 한눈에 볼 수 있도록 했습니다. 또한 국립민속박물관은 전통 매듭, 공예를 배워보는 간단한 강좌에서부터 박물관 전문 인력을 양성하는 전문가 코스까지 매우 다양한 프로그램을 제공하고 있습니다. 특히 배움의 기회가 적은 이들에게 직접 찾아가는 박물관 교실, 박물관 나들이 등의 프로그램은 많은 호응을 얻고 있습니다. 매주 토요일과 일요일 박물관 대강당이나 앞마당에 가면 전통 무용에서 굿, 국악, 풍물, 택견, 탈놀이 등 전통에 기반을 둔 공연이 펼쳐집니다.",https://korean.visitseoul.net/attractions/%EA%B5%AD%EB%A6%BD%EB%AF%BC%EC%86%8D%EB%B0%95%EB%AC%BC%EA%B4%80/KOP001644,2025.07.24
KOP005130,미술관&박물관,국립어린이민속박물관,37.579497842,126.978764126,"03045 서울 종로구 삼청로 37 (세종로, 국립민속박물관)",https://www.nfm.go.kr/kids,02-3704-3014,09:30 ~ 17:00,"-1월 1일 -설, 추석",무료,"국립어린이민속박물관 입구 사진입니다. 입구 상단에 어린이박물관이라는 글자가 한글과 영문으로 써있습니다. 국립어린이민속박물관에서는 어린이를 대상으로 한국의 전통문화를 직접 배울 수 있는 체험프로그램을 제공합니다. 국립민속박물관 본관 제2전시실 옆에 있으며 입장료는 무료입니다. 월별 이용시간이 달라 방문 전 확인이 필요합니다. 하루 30분씩, 1회당 50명씩 입장이 원칙입니다.",https://korean.visitseoul.net/attractions/%EA%B5%AD%EB%A6%BD%EC%96%B4%EB%A6%B0%EC%9D%B4%EB%AF%BC%EC%86%8D%EB%B0%95%EB%AC%BC%EA%B4%80/KOP005130,2025.06.05
KOP011010,미술관&박물관,국립중앙도서관,37.497595805,127.002928378,서울특별시 서초구 반포대로 201 (반포동),http://www.nl.go.kr,02-590-0500,주간이용: 09:00~18:00 야간이용: 18:00~21:00 (자료실 별 이용시간 상이),"- 정기 휴관: 매월 둘째·넷째 월요일 - 일요일을 제외한 관광서의 공휴일 (※ 설 연휴와 추석 연휴 기간 중의 일요일은 휴관, 야관도서관은 토, 일 휴무) - 기타 관장이 필요하다고 인정하는 날",,"국립중앙도서관은 한국의 지적문화유산을 체계적으로 수집해 보관하고 있는 우리나라 대표 도서관입니다. 본관과 별관으로 이뤄진 현 도서관은 서초공원으로 둘러싸여 조용하고 아름다운 경관을 지닌 것이 특징입니다. 이용객들을 대상으로 견학프로그램도 운영 중입니다.",https://korean.visitseoul.net/attractions/%EA%B5%AD%EB%A6%BD%EC%A4%91%EC%95%99%EB%8F%84%EC%84%9C%EA%B4%80/KOP011010,2025.06.05
KOP020547,미술관&박물관,국립중앙박물관 어린이박물관,37.523909379,126.98032998,"04383 서울 용산구 서빙고로 137 (용산동6가, 국립중앙박물관)",https://www.museum.go.kr/CHILD/main/index.do,02-2077-9647,10:00~17:50 (매월 마지막 주 수요일만 야간개장 18:00~21:00),"-1월 1일 -설날, 추석 당일 -기타 국립중앙박물관장이 지정한 날",무료,"어린이박물관 내부 포토존. 사진틀 모형 하단 부에 어린이 박물관이라는 글자가 적혀있다. 국립중앙박물관 어린이박물관에는 다양한 옛사람들의 생활 모습을 전시하고 있습니다. 옛날 사람들의 집, 의복과 예술, 삶의 지혜 등을 관람할 수 있습니다. 옛날 사람들의 살았던 집에 대해 한 눈에 알아보고, 그릇을 만드는 과정도 전시되어 있습니다. 또한 다양한 모양의 장신구를 관람하고, 옛사람들이 입었던 옷을 입고 금관을 써보는 체험도 할 수 있습니다. 국립중앙어린이박물관은 옛시대의 다양한 유물을 눈으로 보고, 손으로 만지며, 가슴으로 느낄 수 있습니다.",https://korean.visitseoul.net/attractions/%EA%B5%AD%EB%A6%BD%EC%A4%91%EC%95%99%EB%B0%95%EB%AC%BC%EA%B4%80-%EC%96%B4%EB%A6%B0%EC%9D%B4%EB%B0%95%EB%AC%BC%EA%B4%80/KOP020547,2025.07.24
KOP000433,미술관&박물관,국립중앙박물관,37.523909379,126.98032998,04383 서울 용산구 서빙고로 137 (국립중앙박물관),http://www.museum.go.kr/site/main/home,02-2077-9000,"월, 화, 목, 금, 일요일 : 10:00 - 18:00 수, 토요일 : 10:00 - 21:00 옥외 전시장(정원)은 오전 7시부터 오후 10시까지 관람 가능","1월1일, 설날(2.10.), 추석(9.17.) *2024년 기준 상설전시실 정기휴실일 : 매년 4, 11월 첫째 월요일 (2024년 휴실일: 4/1 (월), 11/4 (월)) ※기획전시실(특별전시 종료시 휴실), 어린이박물관, 야외전시장은 정상 개관",무료,"한국 역사와 문화의 정수가 살아 숨 쉬는 국립중앙박물관은 민족의 역사와 뿌리를 간직한 이 시대 최고의 문화 보고이자 역사의 현장입니다. 전시와 교육을 통해 수천 년의 역사를 간직한 42만여 점 소장품들의 이야기를 들려주고, 보다 더 생생한 경험을 위해 디지털 실감 영상과 VR 체험을 제공하고 있습니다. 구석기시대의 소박한 손도끼에서부터 삼국시대의 화려한 금관, 고려 시대의 청자, 조선시대의 회화, 근대의 사진들 나아가 세계 많은 나라들을 소개하는 세계 문화관까지. 가족, 친구, 연인과 함께 국립중앙박물관에서 하루를 보내시는 건 어떠실까요?",https://korean.visitseoul.net/attractions/%EA%B5%AD%EB%A6%BD%EC%A4%91%EC%95%99%EB%B0%95%EB%AC%BC%EA%B4%80/KOP000433,2025.07.23
KOP038021,미술관&박물관,국립항공박물관,37.556869081,126.808872696,"07505 서울 강서구 하늘길 177 (공항동, 국립항공박물관)",https://www.aviation.or.kr/index.do	,02-6940-3198(9),"10:00 ~ 18:00 ※ 1월 1일, 설·추석 당일 휴관 (단, 월요일이 공휴일인 경우에는 월요일 당일 개관 후 다음날 평일이 휴관)",월요일,무료,"야간에 찍은 항공역사박물관의 외관 모습, 불빛에 빛나는 항공역사박물관의 건물, 건물 앞 차 없는 도로와 뒤로 보이는 불빛이 켜져있는 건물들의 모습 항공역사박물관 항공역사관의 모습, 커다란 비행기 모형, 공중에 있는 비행기 모형 항공역사박물관 조종실의 모습, 두 명의 조종사 모습과 조종을 할 수 있는 버튼과 기계의 모습이 있는 사진 항공역사박물관 블랙이글 체험관, VR 4D 체험을 하는 아이 두 명의 모습 국립항공박물관은 국토교통부에서 대한민국의 항공역사를 체계적으로 정리하고 항공산업에 대한 이해 도모를 위해 김포공항에 건립한 항공분야 최초의 국립박물관입니다. 국립항공박물관은 크게 세계 및 대한민국 항공 역사에 대해 알 수 있는 항공역사관, 항공강국의 위상과 항공산업의 현재를 엿볼 수 있는 항공산업관 그리고 다양한 미래항공기술을 통해 변화할 생활 문화를 만날 수 있는 항공생활관으로 나뉘어 있습니다. 천장에 행잉되어있는 역동적인 실물 비행기와 기획전시관을 통해 만나보는 특별전까지! 다채로운 볼거리들이 기다리고 있습니다. 또한 항공의 꿈을 키우고 있는 분들을 위한 색다른 체험공간도 준비되어 있습니다. 블랙이글탑승체험, 기내훈련체험, 조종·관제체험, 항공레포츠체험, 어린이공항체험 등 5종의 체험관을 통해 항공을 몸소 느껴볼 수 있습니다.",https://korean.visitseoul.net/attractions/%EA%B5%AD%EB%A6%BD%ED%95%AD%EA%B3%B5%EB%B0%95%EB%AC%BC%EA%B4%80/KOP038021,2025.07.28
KOP001707,미술관&박물관,국립현대미술관 덕수궁관,37.565214797,126.974676079,04519 서울특별시 중구 세종대로 99 (정동),http://www.mmca.go.kr/,02-2022-0600,"화요일, 목요일, 금요일, 일요일 10:00~18:00 수요일, 토요일 야간개장 10:00~21:00",월요일,무료,"국립현대미술관 덕수궁관 외관 사진입니다. 입구와 연결된 계단에 사람들이 앉아있습니다. 정면에 6개의 돌기둥이 웅장하게 버티고 있는 좌우대칭 구조의 국립현대미술관 덕수궁관 외부 전경3 정면에 6개의 돌기둥이 웅장하게 버티고 있는 좌우대칭 구조의 국립현대미술관 덕수궁관 외부 전경 국립현대미술관 덕수궁관은 1998년 덕수궁 내 분관으로 개관하였습니다. 인근에 세종문화회관, 정동공원, 서울시립미술관, 남대문 시장 등이 있어 여러 관광지를 함께 둘러볼 수 있습니다. 시청역 1번 출구를 이용하면 쉽게 방문할 수 있습니다. 관람료는 전시에 따라 변동됩니다. 석조전의 동관과 서관으로 둘러싸인 직각의 공간 안에는 청동 분수대를 갖춘 정원이 자리합니다. 우리나라 최초의 서양식 정원으로 지금도 분수대로서의 역할을 다하고 있습니다. 정원 건너 서관의 맞은편 파고라 벤치는 분수를 감상하기에 최적의 장소입니다.",https://korean.visitseoul.net/attractions/%EA%B5%AD%EB%A6%BD%ED%98%84%EB%8C%80%EB%AF%B8%EC%88%A0%EA%B4%80-%EB%8D%95%EC%88%98%EA%B6%81%EA%B4%80/KOP001707,2025.07.30
KOP016792,미술관&박물관,국립현대미술관 서울관 갤러리아트존,37.5786139,126.980570702,03062 서울 종로구 삼청로 30 (소격동) 국립현대미술관,http://www.mmca.go.kr/,02-3701-9870,"화요일, 목요일, 금요일, 일요일 : 오전 10시 ~ 오후 6시 금요일, 토요일 : 오전 10시 ~ 오후 9시 (야간개장 오후 6시~ 9시 무료관람)","-월요일 -1월1일 -설날, 추석",,"국립현대미술관 서울관 갤러리아트존 내부 사진입니다. 진열대와 벽면에 그림과 각종 악세사리가 전시되어 있습니다. 유리진열대가 아니라 관람객이 직접 만지고 체험할 수 있다는 것이 특징입니다. 갤러리 아트존(Gallery Art Zone)은 국립현대미술관 서울관 내 1층 570㎡ 규모로 3개존 5개 공간으로 구성되어 있습니다. 국립현대미술관과 현대자동차의 협업으로 탄생한 갤러리 아트존은 문화상품 발굴, 차세대 작가들의 전시 및 상품제작 등을 통해 관람객들과의 보다 폭 넓은 소통의 장으로 예술의 문턱을 낮춰 문화저변을 확대해나가고 있습니다. 갤러리 아트존(Gallery Art Zone)은 동시대 문화예술의 다양한 면모와 무궁무진함을 3개의 존에서 선보입니다. 제1구역(갤러리 1)은 국내 작가와 그들의 작품, 특히 공예분야의 유망한 작가들의 작품들을 지속적으로 전시판매 하는 공간이며, 제2구역(갤러리 2, 3)은 미술관에서 개발하는 문화상품과 도록, 디자인 아이디어 제품들을 전시판매하고 있고, 제3구역(갤러리 4, 5)에서는 섬유·패션 상품 및 국내외 미술전문서적 등을 판매하고있습니다. 특히, 현대자동차가 후원하는 아트 콜라보레이션의 결과물들을 이곳에서 선보이며 미술관 관련 이벤트와 특별행사들을 꾸준히 기획하여 진행하고 있습니다.",https://korean.visitseoul.net/attractions/%EA%B5%AD%EB%A6%BD%ED%98%84%EB%8C%80%EB%AF%B8%EC%88%A0%EA%B4%80-%EC%84%9C%EC%9A%B8%EA%B4%80-%EA%B0%A4%EB%9F%AC%EB%A6%AC%EC%95%84%ED%8A%B8%EC%A1%B4/KOP016792,2025.07.22
KOP011658,미술관&박물관,국립현대미술관 서울관,37.5786139,126.980570702,03062 서울 종로구 삼청로 30 (소격동),http://www.mmca.go.kr/,02-3701-9500,"월요일, 화요일, 목요일, 금요일, 일요일 : 10:00 ~ 18:00 수요일, 토요일 : 10:00 ~ 21:00 (18:00 ~ 21:00 야간개장) * 발권시간 : 관람종료 1시간 전까지 가능","1월1일, 설날, 추석","관람권 변동 통합관람권 7,000원","국립현대미술관 서울관의 입구 사진입니다. 붉은 벽돌로 지어진 3층 건물입니다. 입구 왼쪽에 한글로 '국립현대미술관 서울관'이 쓰여있고, 오른쪽에는 영어로 'National Mueseum of Modern and Contemporary Art, Seoul'이라고 쓰여있습니다. 국립현대미술관 서울관은 민현준 건축가에 의해 설계되어 '문화의 거리' 삼청로에 2013년 11월 개관하였습니다. 서울관 부지는 조선시대 소격서, 종친부, 규장각, 사간원이 있던 자리로서 한국 전쟁 후에는 국군수도통합병원, 기무사 등이 위치했던 역사적 유래를 가진 정치, 문화의 중심지입니다. 국립현대미술관 서울관은 전시동 및 교육동을 비롯하여 디지털정보실, 멀티프로젝트홀, 영화관 등 다양한 시설을 갖춘 복합문화예술센터입니다. 현대미술의 흐름을 한 눈에 볼 수 있는 다채로운 전시와 영화, 공연, 교육 등을 통해 다양한 장르의 문화예술을 만날 수 있습니다. 또한 마당으로 둘러싸인 서울관은 옛 기무사 건물과 종친부가 조화를 이루고, 멀리 겸재 정선의 인왕제색도 안에 담긴 인왕산의 모습도 감상할 수 있습니다. 어렵게만 느껴졌던 동시대 현대미술을 누구나 즐길 수 있는 곳, 국립현대미술관 서울관에서 문화예술 향유의 즐거움을 느껴보세요.",https://korean.visitseoul.net/attractions/%EA%B5%AD%EB%A6%BD%ED%98%84%EB%8C%80%EB%AF%B8%EC%88%A0%EA%B4%80-%EC%84%9C%EC%9A%B8%EA%B4%80/KOP011658,2025.07.15
KOP003241,미술관&박물관,국제갤러리,37.58075116,126.980471765,100-200 서울특별시 종로구 삼청로 54 (소격동),https://www.kukjegallery.com/,02-735-8449,월요일~토요일 10:00~18:00 일요일·공휴일 10:00~17:00,,,"1982년 개관한 국제갤러리는 대표적인 국내 화랑으로서 세계적으로 유명한 현대미술 작가의 작품과 그 흐름을 접하고 감상할 수 있는 곳입니다. 유망한 국내 작가들을 발굴, 육성하는 역할과 해외 주요 작가들의 작품을 소개하고 전시하는 역할을 동시에 수행하고 있습니다.",https://korean.visitseoul.net/attractions/%EA%B5%AD%EC%A0%9C%EA%B0%A4%EB%9F%AC%EB%A6%AC/KOP003241,2025.06.24
KOP027105,미술관&박물관,근현대사기념관,37.643445069,127.002840874,01013 서울 강북구 4.19로 114 (수유동) 근현대사기념관,http://www.mhmh.or.kr/,02-903-7580,09:00~18:00 (마감 30분 전까지 입장),"-월요일 (월요일이 공휴일인 경우 개관하고, 다음 평일에 휴관) -1월 1일 -설날, 추석 연휴 -강북구청이 지정한 날",무료,"근현대사기념관은 독립정신과 민주주의의 뜻을 제대로 기억하고 전파하기 위해 설립되었습니다 . 헌법에 담긴 '자유', '평등', '민주' 의 이념이 선열들이 피땀 흘려 체득하고 축적해 온 소중한가치임을 전달함으로써, ' 독립운동가들이 꿈꾼 나라' 가 대한민국의 미래상임을 알리고자 합니다.",https://korean.visitseoul.net/attractions/%EA%B7%BC%ED%98%84%EB%8C%80%EC%82%AC%EA%B8%B0%EB%85%90%EA%B4%80/KOP027105,2025.07.30
KOP003100,미술관&박물관,금호미술관,37.577466774,126.979912599,"03062 서울 종로구 삼청로 18 (사간동, 금호미술관)",http://www.kumhomuseum.com,02-720-5114,10:00 ~ 18:00 (17:30 입장 제한),월요일,전시회 일정에 따라 입장료 상이함,"경복궁 근처에 위치한 금호미술관에서는 기성작가의 기획전을 비롯해 뛰어난 신인 작가의 기획전을 동시에 감상할 수 있습니다. 매주 화·목·금요일 오후 8시에는 리사이틀홀에서 금호갤러리콘서트를 열고 있습니다. 전시작가의 작품에 대한 설명회와 일반인을 대상으로 금호아카데미도 진행하고 있습니다.",https://korean.visitseoul.net/attractions/%EA%B8%88%ED%98%B8%EB%AF%B8%EC%88%A0%EA%B4%80/KOP003100,2025.07.21
KOP041903,미술관&박물관,김근태기념도서관,37.687664482,127.044033568,01301 서울 도봉구 도봉산길 14 (도봉동),https://geuntae.co.kr/,02-956-3100,평일 09:00 ~ 20:00 주말 09:00 ~ 17:00,"매주 월요일, 법정 공휴일",무료,"벽 한 쪽을 가득 채운 하얀색 책장과 가운데에 낮은 책장에 책들이 꽂혀 있는 모습 북한산 국립공원으로 향하는 길목에 위치한 '김근태기념도서관'은 라키비움(larchiveum)으로 책을 읽는 도서관인 동시에, 민주주의와 인권의 이야기를 담은 박물관이자, 미술품을 감상할 수 있는 미술관입니다. 두 개 동의 양 끝을 다리로 연결하면서 생긴 중정은 김근태기념도서관에서 가장 열린 공간으로, 햇빛과 바람을 직접 몸으로 느낄 수 있습니다. 도서관이자 미술관답게 중정에는 설치 작품이 놓여 있어 자연 속에서 미술품을 관람할 수도 있습니다. '산바람길'이라는 이름의 옥상에서는 자연을 풍경으로 다양한 공연과 행사가 열릴 예정입니다.",https://korean.visitseoul.net/attractions/%EA%B9%80%EA%B7%BC%ED%83%9C%EA%B8%B0%EB%85%90%EB%8F%84%EC%84%9C%EA%B4%80/KOP041903,2025.07.28
KOP002066,미술관&박물관,김종영 미술관,37.613036705,126.97751109,03004 서울특별시 종로구 평창32길 30 (평창동),http://www.kimchongyung.com,02-3217-6484,3월 - 10월 10:00~18:00 12월 - 2월 10:00~17:00 카페 사미루 운영시간 11:00-21:00 (매주 월요일 휴무),월요일,무료,"김종영 미술관은 한국현대조각의 선구자로 불리는 조각가 김종영을 기리며 동시에 젊은 작가들을 후원하기 위해 설립되었습니다. 본관에서는 김종영의 상설 특별전이, 신관에서는 신인 작가들의 기획전이 열립니다. 상반기와 하반기로 나누어 미술·교양 강좌도 진행하고 있습니다.",https://korean.visitseoul.net/attractions/%EA%B9%80%EC%A2%85%EC%98%81%EA%B0%A4%EB%9F%AC%EB%A6%AC/KOP002066,2025.07.20
KOP002247,미술관&박물관,갤러리 팩토리,37.579522271,126.972412484,03043 서울 종로구 자하문로10길 15,http://factory483.org,02-733-4883,11:00 - 19:00 (전시별상이),월요일,,"갤러리 팩토리는 2002년 12월 삼청동과 사간동 사이 팔판동에서 전시공간 겸 아트숍으로 시작된 이후 시각예술의 범주에만 머무르지 않는 다양한 예술적 새로운 시도와 퍼블릭 프로그램을 기획 및 실행해왔습니다. 2005년 가을 서촌에 위치한 창성동으로 이전하여 국내외 현대미술 작가, 디자이너, 공연기획자와의 협업으로 전시 기획, 퍼블릭 아트 커미션, 출판 및 디자인 제품 개발을 하고 있습니다.",https://korean.visitseoul.net/attractions/%EB%8C%80%EC%95%88-%EA%B3%B5%EA%B0%84-%ED%8C%A9%ED%86%A0%EB%A6%AC/KOP002247,2025.08.21
KOP006667,미술관&박물관,대한민국역사박물관,37.574080832,126.978177262,03141 서울시 종로구 세종대로 198 (세종로),http://www.much.go.kr,02-3703-9200,10:00 ~ 18:00 (수요일 / 토요일 10:00 ~ 21:00) *폐관 30분 전 입장 마감,-1월 1일 -설날 -추석 휴관,무료,"대한민국역사박물관은 19세기 말 개항기부터 오늘날에 이르는 대한민국의 역사를 종합적, 체계적으로 보여주는 국내 최초의 국립 근현대사 박물관입니다. 대한민국역사박물관은 지상 8층 건물에 4개의 상설전시실과 2개의 기획전시실, 수장고, 세미나실, 강의실, 카페, 문화 상품점, 옥상 정원 등을 갖추고 있습니다. 4개의 상설전시실에는 안중근 의사 유묵, 3.1 독립선언서, 6.25 전사자 유품, 민주화 운동 관련 자료 등, 약 1,500여 점의 근현대사 관련 자료가 전시됩니다. 박물관 1층에는 2개의 기획전시실이 있으며, 대한민국의 주요한 역사적 순간과 정치, 사회, 문화 등 다양한 분야를 최첨단 디스플레이 기술을 활용하여 보고, 듣고, 느낄 수 있는 전시공간인 '대한민국의 재발견'과 어린이를 위한 역사체험학습공간인 '우리 역사 보물창고'가 마련되어 있습니다.",https://korean.visitseoul.net/attractions/%EB%8C%80%ED%95%9C%EB%AF%BC%EA%B5%AD%EC%97%AD%EC%82%AC%EB%B0%95%EB%AC%BC%EA%B4%80/KOP006667,2025.07.27
KOP029381,미술관&박물관,돈의문역사관,37.569219707,126.968779157,03178 서울 종로구 새문안로 35-54 (신문로2가),https://museum.seoul.go.kr/www/intro/annexIntro/annex_donuimoon/annex_donuimoon_01.jsp?sso=ok,02-724-0271,09:00 ~ 18:00 (입장마감 17:30),"월요일, 1월 1일",무료,"돈의문역사관은 새문안 동네의 식당으로 운영되던 건물들을 활용하여 새롭게 조성한 문화공간입니다. 1960년대 가정집으로 지어진 이 건물들은 1990년대부터 2000년대 후반까지 이탈리안 레스토랑 아지오AGIO와 한정식집인 한정 등 식당으로 운영되었습니다. 건물들이 가진 건축적 공간 질서를 존중하면서도 안전을 위한 보강공사를 실시하여 전시 공간으로 조성했습니다. 아지오와 한정에서는 한양도성 경희궁 궁장과 새문안로로 구획된 새문안 동네를 중심으로 공간의 역사와 건축물, 그리고 살았던 사람들의 이야기를 전땅합니다. 속에서는 경희궁 궁장이 발견되어 현장 그대로를 보존함과 동시에 생생한 전시·현장이 될 수 있도록 유적전시실로 조성했습니다. 돈의문역사관에서 돈의문 일대의 역사와 문화, 그리고 삶의 기억들을 확인해보세요. 아지오 - 조선시대 및 개항 이후 돈의문 일대의 역사(1F) - 두 동네의 기록과 기억(교남동과 새문안동네)(2F) 한정  - 새문안 동네 도시재생과 사진갤러리(1F) - 새문안 동네 사람들 이야기(2F)   유적전시실  - 경희궁 궁장 유적     관련 페이지 돈의문은 서울 도성의 서쪽 문으로, 흔히 ‘서대문’이라고 불리며 1915년 3월 도로 확장공사를 위해 철거되었습니다.",https://korean.visitseoul.net/attractions/%EB%8F%88%EC%9D%98%EB%AC%B8%EC%A0%84%EC%8B%9C%EA%B4%80/KOP029381,2025.07.28
KOP026206,미술관&박물관,동대문역사관 상설전시실 재개관,37.567101313,127.011567052,"04566 서울 중구 을지로 281 (을지로7가, 2-1) 동대문역사공원 내 동대문역사관",,+82-2-2153-0200,10:00~18:00,월요일,무료,"서울역사박물관 산하 '동대문역사관'이 2년간의 상설전시 개편을 마치고 8월11일(화) 10시부터 재개관합니다. 리모델링을 통해 새롭게 탄생한 전시 공간은 전시실 바닥면에 운동장 유적 발굴 도면(1:25)을 층위별로 각인과 고보라이트로 연출하여 켜켜이 쌓인 옛 운동장 부지의 역사적 층위를 담아내었습니다. 전시는 <Ⅰ. 훈련원과 하도감>, <Ⅱ. 도성의 수문>, <Ⅲ. 이십세기의 변화>, <Ⅳ. 땅속에서 찾은 역사> 등 4가지 주제로 나뉘며, 특히 어린이들을 위한 전시 및 체험 공간을 마련하여 아이들에게 샌드크래프트 체험, 3D기념사진 등 다양한 경험을 제공합니다.",https://korean.visitseoul.net/attractions/%EB%8F%99%EB%8C%80%EB%AC%B8%EC%97%AD%EC%82%AC%EA%B4%80/KOP026206,2025.07.24
KOP002037,미술관&박물관,떡박물관,37.574884335,126.990643356,"03132 서울 종로구 돈화문로 71 (와룡동, 떡박물관)",http://www.tkmuseum.or.kr,02-741-5447,월~토요일(10:00~18:00) (17시 30분까지 입장완료),"-일요일 -설, 추석 당일","* 단체는 20인 이상, 예약 필수","떡박물관은 우리 조상들의 슬기로웠던 삶의 모습과 숨결을 느낄 수 있는 체험공간입니다. 상설전시관 제1관에서는 세시 명절마다 만들어 먹었던 떡과 떡을 만드는데 필요한 도구들을 전시하여 관람객들이 떡을 좀 더 쉽게 이해할 수 있도록 하였습니다. 제2관에서는 출생에서 죽음에 이르기까지 일생동안 반드시 거치게 되는 일생의례에 대한 상설전시관과 특별전시관이 있습니다. 이밖에도 떡박물관에서는 떡 만들기 체험 및 전통음식 체험을 운영하고 있습니다.",https://korean.visitseoul.net/attractions/%EB%96%A1%EB%B0%95%EB%AC%BC%EA%B4%80/KOP002037,2025.07.20
KOP005815,미술관&박물관,롯데월드 민속박물관,37.511481796,127.098224126,"05554 서울 송파구 올림픽로 240 (잠실동, 롯데월드)",http://www.lotteworld.com/museum/,1661-2000,평일 11:00 - 19:00(입장 및 매표 마감시간 18:30) 주말 11:00 - 20:00(입장 및 매표 마감시간 19:00),,"○ 개인 -어른(20세 이상) 5,000원 -청소년(14~19세) 3,000원 -어린이(36개월 이상~13세) 2,000원 ○ 단체(10인 이상) -어른 3,500원 -청소년 2,500원 -어린이 1,500원 *할인안내 - 만 65세 이상 고객은 (경로우대증, 주민등록증 제시 확인 후) 청소년 요금이 적용됩니다. - 36개월 미만 어린이는 무료 입장 입니다. (36개월 미만 어린이는 의료보험증 등 나이를 확인할 수 있는 서류 필히 지참) (단, 단체 입장객 제외) - 장애인, 국가유공자 우대(동반 1인 포함) : 단체요금 적용- 복지카드 또는 국가유공자증을 지참해 주세요.","롯데월드 민속박물관에 있는 작품 중 하나 입니다. 조선시대 사람들을 형상화 하는 미니어처 인형들을 볼 수 있습니다. 아이들이 목마를 타고, 민속놀이를 즐기고 있습니다. 잠실 롯데월드 내 자리한 롯데월드 민속박물관은 시대별로 유물이 전시된 역사전시관, 조선시대 궁중의 의례장면을 축소 후 재현해 놓은 모형 촌, 전통공예품 제작과정을 볼 수 있는 저잣거리, 놀이마당 등으로 구성되어 있습니다. 매년 방학 때는 어린이 박물관 교실 프로그램을 제공하고 있습니다. 민속박물관 주변에 위치한 ‘저자거리’는 조선시대 장터 풍경으로 꾸며진 민속식당가로 우리의 전통음식을 맛볼 수 있으며 떠들썩한 장터 분위기를 체험할 수 있습니다. 비빔밥, 불고기, 파전, 막걸리 등 다양한 한식을 판매합니다. 또한 ‘피천득 기념관’은 수필‘인연’의 저자 故금아 피천득 선생님의 생전 작품과 소장품, 자택 모습을 재현, 전시하고 있는 공간으로 선생님의 삶과 작품세계를 한 눈에 볼 수 있습니다.",https://korean.visitseoul.net/attractions/%EB%A1%AF%EB%8D%B0%EC%9B%94%EB%93%9C-%EB%AF%BC%EC%86%8D%EB%B0%95%EB%AC%BC%EA%B4%80/KOP005815,2025.06.08
KOP001809,미술관&박물관,목인박물관,37.58902772,126.963291274,03022 서울 종로구 창의문로5길 46-1,http://www.mokinmuseum.com,02-722-5055,하절기 10:30~19:00(입장마감 18:00) 동절기 10:30~18:00(입장마감 17:00),"월요일 설, 추석 연휴","- 일반 : 10,000원 - 19세 미만(13~18세) 7,000원 - 36개월 이상~초등학생(3~12세) 5,000원 *단체(10인 이상), 장애인, 임산부, 만65세 이상 2,000원 할인","목인박물관은 서울 종로구 인사동에 위치한 목 조각 전문박물관입니다. 지하라운지와 전시실, 옥상정원으로 구성되어 있으며 다양한 전시와 행사를 진행합니다. 한국의 전통 목 조각뿐 아니라 아시아의 전통 탈, 지팡이, 목 조각 인형 등을 소장하고 있습니다. 목인박물관 부속 갤러리에서는 회화 및 영상, 설치 등 다양한 장르의 현대 미술을 감상할 수 있습니다.",https://korean.visitseoul.net/attractions/%EB%AA%A9%EC%9D%B8%EB%B0%95%EB%AC%BC%EA%B4%80/KOP001809,2025.06.24
KOP000450,미술관&박물관,문화역서울 284,37.556040879,126.971594537,04509 서울 중구 통일로 1 (서울역 본옥),http://www.seoul284.org ,02-3407-3500,,,무료,"문화역서울284는 일제 강점기 당시 건축된 서울역사로 현재는 복합문화공간으로써 사용되고 있습니다. 1층은 다양한 공연과 전시를 위한 공간으로, 2층은 전시와 세미나, 회의를 위한 공간으로 이용 중입니다.",https://korean.visitseoul.net/attractions/%EB%AC%B8%ED%99%94%EC%97%AD%EC%84%9C%EC%9A%B8284/KOP000450,2025.07.20
KOP019924,미술관&박물관,뮤지엄김치간,37.573553778,126.98486479,03149 서울 종로구 인사동길 35-4 (관훈동),https://www.kimchikan.com/,02-6002-6456,10:00~18:00,"-월요일 -1월 1일 -설날, 추석 연휴 -크리스마스","19세이상 5,000원 8세~18세 3,000원 36개월~7세 2,000원","삼성동에 위치해 있던 풀무원김치박물관이 '뮤지엄김치간'으로 새롭게 태어났습니다. 뮤지엄김치간은 다양한 종류의 김치를 모형이 아닌 실물로 전시하고 있어, 직접 눈으로 관람할 수 있습니다. 전자현미경으로 살아있는 김치유산균을 관찰할 수 있고, 지금까지 맛보지 못했던 김치도 시식할 수 있습니다. 또한 김치를 직접 만드는 프로그램도 있어서 한국전통문화도 체험할 수 있습니다.",https://korean.visitseoul.net/attractions/%EB%AE%A4%EC%A7%80%EC%97%84%EA%B9%80%EC%B9%98%EA%B0%84/KOP019924,2025.07.21
KOP042350,미술관&박물관,박노수미술관,37.581310484,126.966816432,"03034 서울 종로구 옥인1길 34 (옥인동, 박노수 가옥)",https://www.jfac.or.kr/site/main/content/parkns01,02-2148-4171,화요일 ~ 일요일 10:00 ~ 18:00,매주 월요일 휴관,"어른(25세 이상~64세 이하) 3,000원 청소년(13세 이상~24세 이하) 1,800원 어린이(7세 이상~12세 이하 / 초등학생 포함) 1,200원","가운데 길을 중심으로 좌측에는 박노수미술관 건물이 있고, 우측에는 수석과 다양한 식물들이 있는 정원의 모습 화장실을 미술관으로 개조한 공간으로 욕조 옆의 선반에 작품들이 놓여 있는 모습 1937 년 친일파 윤덕영이 자신의 딸을 위해 지어진 이 집은  1973 년 남정 박노수 화백의 보금자리가 되었습니다 .  약  40 여년 간 이곳에서 생활하며 작품 활동에 몰두했던 박노수 화백은 자신의 작품과 함께 고택 ( 古宅 ) 을 사회에 환원했습니다.  오랜 역사를 가진 고택은 종로문화재단에 의해  2013 년 미술관으로 재탄생했습니다 .  80 여년이라는 긴 세월에도 불구하고 관리 보존이 잘 된 이 건물은 문화재적 가치를 인정받아  1991 년 서울시문화재자료 제  1 호로 등록되기도 했습니다.",https://korean.visitseoul.net/attractions/%EB%B0%95%EB%85%B8%EC%88%98%EB%AF%B8%EC%88%A0%EA%B4%80/KOP042350,2025.07.28
KOP006430,미술관&박물관,배재학당역사박물관,37.56401156,126.972585314,"04516 서울특별시 중구 서소문로11길 19, 배재정동빌딩 동관 (정동)",https://appenzeller.pcu.ac.kr/appenzeller,02-319-5578,10:00~17:00,"-일요일, 월요일 -공휴일",무료,"배재학당역사박물관은 한국 최초의 서양식 학교 건물이자 근대식 중등 교육기관입니다. 옛 배재학당의 교실로 사용된 바 있으며 현재는 상설전시관, 기획전시관, 체험교실, 세마나실로 조성되어 있습니다. 상설전시관에서는 재현한 1930년대 배재학당의 교실을 만나볼 수 있습니다.",https://korean.visitseoul.net/attractions/%EB%B0%B0%EC%9E%AC%ED%95%99%EB%8B%B9%EC%97%AD%EC%82%AC%EB%B0%95%EB%AC%BC%EA%B4%80/KOP006430,2025.07.24
KOP026558,미술관&박물관,별마당 도서관,37.51201831,127.059037019,"06164 서울 강남구 영동대로 513 (삼성동, 코엑스)",https://www.starfield.co.kr/coexmall/entertainment/library.do,02-6002-3031,10:30~22:00,연중무휴,무료,"코엑스몰 중심에 위치한 별마당 도서관은 휴식과 만남, 그리고 책을 주제로 소통하는 문화 감성 공간으로써 누구나 무료로 이용할 수 있도록 모두에게 열려있습니다.인문, 경제, 취미 실용 등 분야별로 다양한 도서가 구비되어 있고 외국 원서 코너, 유명인의 서재 코너, 아이패드로 볼 수 있는 Ebook, 특히 해외 잡지까지 총 6백 여종의 잡지를 모아놓은 잡지 특화 코너는 일반 도서관과 차별화된 별마당 도서관의 장점입니다. 별마당 도서관에서는 저자들과 직접 만나는 작가 토크쇼와 시 낭송회, 명사 초청 강연회 및 음악이 함께하는 북콘서트 등 책을 주제로 한 다채로운 문화 행사도 전개됩니다.",https://korean.visitseoul.net/attractions/%EB%B3%84%EB%A7%88%EB%8B%B9-%EB%8F%84%EC%84%9C%EA%B4%80/KOP026558,2025.07.23
KOP005667,미술관&박물관,북촌동양문화박물관,37.583989929,126.983370713,03052 서울 종로구 북촌로11길 76,https://blog.naver.com/baamuseum,02-723-0190,10:00~18:30,,"6,000원","북촌한옥마을이 자리한 북촌동양문화박물관에서는 설립자 권영두 과장이 30년 동안 수집 및 소장한 한국과 아시아 문화 예술품을 전시하고 있습니다. 전통한옥양식의 고불서당에서의 서당체험을 비롯해 민화 그리기, 전통 음식 만들기 등의 전통문화 체험 프로그램이 진행 중입니다. 박물관 사정으로 임시휴관하는 경우가 있으니 방문 희망일 하루 전에 연락주시면 방문 가능 여부를 알려드립니다.",https://korean.visitseoul.net/attractions/%EB%B6%81%EC%B4%8C%EB%8F%99%EC%96%91%EB%AC%B8%ED%99%94%EB%B0%95%EB%AC%BC%EA%B4%80/KOP005667,2025.06.20
KOP001232,미술관&박물관,리움 미술관,37.538433905,126.999269776,04348 서울 용산구 이태원로55길 60-16 (한남동),https://www.leeumhoam.org/ ,02-2014-6900,10:00 ~ 18:00 (매표마감 17:30),-월요일 -1월 1일 -설 연휴 -추석 연휴,"성인(만25~64세) : 12,000원 청년(만19~24세)및 대학(원)생, 청소년, 시니어 : 6,000원 장애인, 국가유공자, 대한민국 현역군인, 경찰, 소방관, 미취학아동 : 무료 문화누리카드, 예술인패스 소지자 : 무료","삼성 미술관 리움의 건물 외관입니다. 사진 왼쪽에 리움 미술관의 본관이 있고 사진 중앙에는 산책로가 있습니다. 한남동 언덕길을 오르다 보면 리움미술관과 만나게 됩니다. 삼성그룹의 창립자 고 이병철 회장의 수집품에서 출발한 미술관입니다. MUSEUM 1은 직육면체와 역원추형의 붉은 벽돌 건물로 마리오 보타의 작품입니다. 전시관에는 선사 시대부터 조선 시대까지의 도자기, 서예, 금속 공예품 등 120여 점이 전시되어 있습니다. MUSEUM 2는 부식 스테인리스 스틸과 유리를 사용했으며 장 누벨의 작품입니다. 자유분방하게 배치된 전시 박스는 색다른 전시 공간을 체험하게 합니다. 1920년대 이후의 한국 근현대 미술품부터 1945년 이후의 세계 현대 미술품까지 모두 아우릅니다. 마지막으로 렘 쿨하스가 디자인한 삼성아동교육문화센터는 블랙 콘크리트를 사용했습니다. 어린이들을 위한 예술 체험 공간으로, 작품을 보고 안목을 키울 수 있는 곳입니다. 미술관 개개의 건물은 작가의 개성을 드러내면서도, 리움 안에서 조화를 이루고 있습니다.",https://korean.visitseoul.net/attractions/%EC%82%BC%EC%84%B1%EB%AF%B8%EC%88%A0%EA%B4%80-%EB%A6%AC%EC%9B%80/KOP001232,2025.07.08
KOP003330,미술관&박물관,삼성출판박물관,37.608664057,126.957093421,"03007 서울 종로구 비봉길 2-2 (구기동, 삼성출판박물관)",http://www.ssmop.org,02-394-6544,10:00~17:00,"주말, 공휴일","일반 3,000원 학생 2,000원 단체 1,000원 할인 (20인 이상)","삼성출판박물관은 출판·인쇄 문화유산을 수집 전시하기 위하여 설립한 박물관으로 종로구 구기동에 있는 사립 출판 전문박물관입니다. 1990년 삼성출판사 김종규가 개관하였으며 한국어 안내서비스는 사전 연락 후 방문 시 가능합니다. 삼성출판박물관에서는 매월 수요 강좌 프로그램을 운영하고 있습니다. 보통 1개월 4주 과정으로 진행되며 세계 경제 위기, 한국과 이슬람 세계의 만남 등 다채로운 분야를 주제로 각계 전문가들을 초청해 강좌를 진행합니다",https://korean.visitseoul.net/attractions/%EC%82%BC%EC%84%B1%EC%B6%9C%ED%8C%90%EB%B0%95%EB%AC%BC%EA%B4%80/KOP003330,2025.06.20
KOP002613,미술관&박물관,서대문자연사박물관,37.576757934,126.937857496,03718 서울특별시 서대문구 연희로32길 51 (연희동),http://namu.sdm.go.kr/,02-330-8899,3월~10월 - 평일 AM 09:00 ~ PM 06:00 토요일·공휴일 AM 09:00 ~ PM 07:00 11월~2월 - 평일 AM 09:00 ~ PM 05:00 토요일·공휴일 AM 09:00 ~ PM 06:00 (매표는 입장마감 1시간 전까지 가능),"-월요일(월요일이 공휴일이면 다음날 휴관) -1월 1일 -설날, 추석 당일","○ 개인 - 어른 7,000원 - 청소년·군인 4,000원 - 어린이 3,000원 ○ 단체(20명 이상) - 어른 5,600원 - 청소년·군인 3,200원 - 어린이 2,400원 ※ 무료 대상자 및 상세 할인혜택은 공식 홈페이지를 참고해주세요.","서대문 자연사 박물관 외관 전경입니다. 박물관 건물 앞에 원형으로 된 광장이 있고, 그 주위에 나무들이 있습니다. 서대문자연사박물관은 서대문구에 위치한 국내 최초로 공공기관이 직접 계획하고 설립한 자연사박물관입니다. 2003년 개관하여 자연 백과사전, 지구환경, 생명 진화, 화산 폭발 과정 등 다양한 것들을 전시하여 아이들과 함께 방문하기에 적합한 것으로 알려져 있습니다.",https://korean.visitseoul.net/attractions/%EC%84%9C%EB%8C%80%EB%AC%B8%EC%9E%90%EC%97%B0%EC%82%AC%EB%B0%95%EB%AC%BC%EA%B4%80/KOP002613,2025.07.19
KOP030804,미술관&박물관,서소문성지역사박물관,37.561025099,126.968691297,04510 서울 중구 칠패로 5 (의주로2가),https://www.seosomun.org,02-3147-2401,09:30~17:30,"월요일, 1월 1일, 설날, 추석 당일",무료,"서소문성지역사박물관은 조선 후기 한국 교회사를 한눈에 살펴볼 수 있는 역사박물관입니다. 입구에서 이승훈의 '월락재천수상지진'이 새겨진 진입로를 지나면 진입광장이 등장합니다. 전시된 작품들을 따라 걷다 보면 지하 1층의 도서관과 세미나실이 등장합니다. 지하 2층에는 기획 전시와 기획 소강당이, 지하 3층에는 전시시설인 콘솔레이션홀, 상설전시실 그리고 하늘광장이 있습니다. 관람객들 사이에서 가장 인기가 많은 장소는 하늘광장입니다. 이 장소는 지하 3층에서 지상 공원까지 뚫려 있는 구조로 만들어져, 땅과 하늘이 소통하는 서소문 밖 네거리 순교성지의 공간 개념을 가장 잘 표현합니다.",https://korean.visitseoul.net/attractions/%EC%84%9C%EC%86%8C%EB%AC%B8%EC%84%B1%EC%A7%80%EC%97%AD%EC%82%AC%EB%B0%95%EB%AC%BC%EA%B4%80/KOP030804,2025.06.20
KOP038092,미술관&박물관,서울공예박물관,37.5764005,126.983989343,"03061 서울 종로구 율곡로3길 4 (안국동, 서울공예박물관)",http://craftmuseum.seoul.go.kr,02-6450-7000,10:00 ~ 18:00 (17:30 입장 마감) 금요일은 21:00까지 야간개관합니다.,"월요일 (공휴일인 경우 운영) , 1월 1일",무료,"서울공예박물관은 전통공예와 현대공예가 하나 되는 열린 공간을 지향하고, 공예의 가치를 공유하며 공예의 미래를 여는 열쇠가 되기를 지향하는 박물관입니다.  흙을 반죽하여 불에 굽고, 무늬를 새겨 사용하던 오래 전 인류의 생존 본능과 활동이 ‘공예의 시작’이라고 보고, 공예가 지닌 기술적, 실용적, 예술적, 문화적 가치를 다양한 전시와 프로그램, 자료와 시스템을 통해 전달하고자 합니다.",https://korean.visitseoul.net/attractions/%EC%84%9C%EC%9A%B8%EA%B3%B5%EC%98%88%EB%B0%95%EB%AC%BC%EA%B4%80/KOP038092,2025.06.23
KOP034857,미술관&박물관,서울기록원,37.607369936,126.934966072,"03371 서울 은평구 통일로62길 7 (녹번동, 서울기록원)",https://archives.seoul.go.kr,02-350-5600,10:00 ~ 17:00,월요일,무료,"서울기록원은 서울특별시 시정기록과 서울시민의 기억과 기록을 수집하여 전문적으로 보존, 관리하고 대시민 기록정보서비스를 제공하는 공공아카이브입니다. 더불어 문화기관으로서 전시 및 열람, 다양한 시민 프로그램을 기획, 운영하고 있습니다.",https://korean.visitseoul.net/attractions/%EC%84%9C%EC%9A%B8%EA%B8%B0%EB%A1%9D%EC%9B%90/KOP034857,2025.06.23
KOP003319,미술관&박물관,서울대학교 미술관 MoA,37.468557379,126.957025459,"08826 서울 관악구 관악로 1 (신림동, 서울대학교) 서울대학교 미술관 (서울대학교 내)",http://www.snumoa.org,02-880-9504,10:00~18:00(입장 마감 17시 30분),"-월요일 -개교기념일(10월 15일) -1월 1일 -구정, 추석 당일 -전시준비기간",무료,"서울대학교 미술관 MoA는 대학교 건물 사이에 자리 잡고 있습니다. 세계적인 건축가 렘 쿨하스가 설계한 건물로 전시와 교육이 함께 진행됩니다. 밖에서 보면 자연광을 그대로 흡수하는 반투명 유리 건물이 사다리꼴 모양으로 공중에 떠 있는 형상입니다. 내부로 들어서면 기둥 없이 나선형 계단으로 각 층이 연결돼 있는 독특한 구조가 눈에 띕니다. 건물 자체가 작품입니다. 2, 3층 전시실의 나무 바닥은 따스한 느낌을 줍니다. 서울대학교 미술관은 회화, 조각, 판화, 디자인, 공예 등 400여 점에 이르는 국내외 작가의 작품을 소장하고 있습니다. 체코, 인도, 프랑스 등 개성 있는 전시를 통해 문화적 욕구를 충족시키기에 더없이 좋습니다. 영상 포럼, 사진 전시 등도 볼 수 있습니다. 자연과 절묘하게 어울린 공간 배치와 건축, 문화 욕구 충족까지 서울대학교 미술관 MoA는 색다른 문화 공간이 되고 있습니다. 미술에 문외한인 사람들도 좀 더 쉽게 미술에 접근할 수 있도록 어린이나 지역 주민을 위한 눈높이 맞춤 교육 프로그램을 꾸준히 운영하고 있습니다. 그 외에도 서양 고대 미술ㆍ한국 미술 감상, 미술 영재 교육법, 전시 기획이나 소장품 수집 관리, 미술관 홍보 등을 배우는 미술 경영 전문가 아카데미 등 전문가 양성 과정 프로그램도 마련되어 있습니다.",https://korean.visitseoul.net/attractions/%EC%84%9C%EC%9A%B8%EB%8C%80%ED%95%99%EA%B5%90-%EB%AF%B8%EC%88%A0%EA%B4%80-MoA/KOP003319,2025.07.21
KOP010231,미술관&박물관,서울도서관 (옛 서울시청사),37.566700969,126.97834678,04524 서울특별시 중구 세종대로 110 (태평로1가),http://lib.seoul.go.kr/,02-2133-0300,평일 09:00 - 21:00 주말 09:00 - 18:00 ※ 자료실별 이용시간이 상이하니 자세한 운영사항은 공지사항을 참고해 주시기 바랍니다.,-월요일 -법정 공휴일 및 관공서의 공휴일 -기타 관장이 필요하다고 인정하는 날,,"서울도서관은 옛 서울시 시청사를 개조하여 만들어진 공공도서관입니다. 문화관광해설사의 설명과 함께 서울도서관과 신축된 서울시청 신청사를 모두 두루 볼 수 있는 '시청사 통통 투어' 프로그램도 마련되어 있습니다.",https://korean.visitseoul.net/attractions/%EC%84%9C%EC%9A%B8%EB%8F%84%EC%84%9C%EA%B4%80-%EC%98%9B-%EC%84%9C%EC%9A%B8%EC%8B%9C%EC%B2%AD%EC%82%AC-KR/KOP010231,2025.06.19
KOP011669,미술관&박물관,서울상상나라,37.549018643,127.082228058,04991 서울 광진구 능동로 216 (서울상상나라),http://www.seoulchildrensmuseum.org/main.do,02-6450-9500,화요일 ~ 일요일 10:00 ~ 18:00 (입장마감 17:00),-월요일 -신정 -명절연휴,"-36개월이상(4천원) -36개월미만, 국민기초수급생활자 및 자녀, 한부모가족, 국가유공자 배우자 및 자녀, 장애인, 장애인의 동반성인 1인, 독립유공자 배우자 및 자녀,손자녀, 서울 다둥이 행복카드 소지자 중 세 자녀 이상 가족, 만65세 이상, 연간회원(무료) -단체 20명 이상(3천원)","어린이대공원 내 자리한 서울상상나라는 ‘행복을 디자인하는 어린이’를 주제로 마련된 복합체험 놀이 공간입니다. 어린이의 연령별, 주제별로 다양한 교육프로그램도 준비되어 있습니다. 지상 3층, 지하 3층의 규모로 체험관과 교육실을 비롯해 공연장, 카페, 수유실 등이 있습니다.",https://korean.visitseoul.net/attractions/%EC%84%9C%EC%9A%B8%EC%83%81%EC%83%81%EB%82%98%EB%9D%BC/KOP011669,2025.07.21
KOP038243,미술관&박물관,서울생활사박물관,37.619308672,127.077297433,01849 서울 노원구 동일로174길 27 (공릉동) 서울생활사박물관,https://museum.seoul.go.kr/sulm/index.do,02-3399-2900,09:00 ~ 18:00,월요일,,"서울생활사박물관 건물 외관, 회색 건물에 흰색 지붕, 건물 앞에 있는 나무의 모습 서울생활사박물관 내부 벽에 걸려있는 액자들과 벽에 전시되어 있는 전시품들, 벽에 있는 설명글의 모습 서울생활사박물관 내부 전시되어있는 사진들과 다른 전시관으로 들어가는 통로 서울생활사박물관은 근현대 생활사 박물관으로 시민들의 기억들을 추억하고 교감할 수 있는 전시들과 프로그램이 운영되는 장소입니다. 서울 풍경, 서울살이를 다루는 서울 생활사 전시실, 어린이 체험실과 다양한 전시가 이루어지는 기획전시실 등 모두가 즐길 수 있는 시설들이 있습니다.",https://korean.visitseoul.net/attractions/%EC%84%9C%EC%9A%B8%EC%83%9D%ED%99%9C%EC%82%AC%EB%B0%95%EB%AC%BC%EA%B4%80-/KOP038243,2025.06.23
KOP001525,미술관&박물관,서울시립미술관 (서소문본관),37.564105606,126.97377608,"04515 서울 중구 덕수궁길 61 (서소문동, 서울시립미술관)",http://sema.seoul.go.kr ,02-2124-8800,"[하절기 (3월 ~ 10월)] 화~ 목10:00~20:00 / 금 10:00-21:00 (토·일·공휴일 19:00까지) [동절기 (11월 ~ 2월)] 화~금 10:00~20:00 / 금 10:00-21:00(토·일·공휴일 18:00까지) ※ 문화가 있는 날 - 서소문본관, 북서울미술관 : 마지막 주 수요일 10:00 - 22:00",월요일 / 1월 1일,무료,"서울시립미술관의 건물 사진입니다. '모두의 소장품'이라는 전시를 홍보하는 포스터가 건물 양쪽에 붙어 있습니다. 서울시립미술관은 현대미술을 중심으로 다양한 전시와 문화 프로그램을 제공하는 서울의 대표적인 공공 미술관입니다. 덕수궁 돌담길에서 정동길로 접어들면 고풍스러운 건물 한 채가 우뚝 서 있습니다. 서울시립미술관 서소문 본관입니다. 미술관의 전시도 흥미롭지만, 먼저 눈에 띄는 것은 건축미입니다. 미술관은 르네상스 양식인 옛 대법원 건물의 전면부는 그대로 보존하고 후면부에 현대식 건물을 신축했습니다. 미술관에 들어섰을 때 가장 처음 만나는 공간이 바로 옛 건물의 전면부와 새 건물의 벽면을 유리로 연결한 공간입니다. 서울시립미술관의 전시회는 전문성과 대중성을 적절히 조화시키는 것으로 유명합니다. 샤갈, 피카소, 마티스, 마그리트, 고흐 등 미술을 잘 모르는 사람도 쉽게 알 수 있는 세계 유명 화가들의 전시회는 물론 국제미디어아트비엔날레, 미술관 봄나들이전 등 특색 있는 기획 전시를 선보이고 있습니다.",https://korean.visitseoul.net/attractions/%EC%84%9C%EC%9A%B8%EC%8B%9C%EB%A6%BD%EB%AF%B8%EC%88%A0%EA%B4%80/KOP001525,2025.07.27
KOP002722,미술관&박물관,서울역사박물관,37.570484859,126.970605744,"03177 서울 종로구 새문안로 55 (신문로2가, 서울역사박물관)",https://museum.seoul.go.kr/,02-724-0274,09:00~18:00 (입장마감 17:30) 매주 금요일 21시까지 연장운영 * 자세한 사항은 홈페이지를 참고해주세요.,-월요일 -1월 1일,무료,"2002년, 선사 시대부터 현대까지 서울의 역사와 문화를 정리하여 보여줄 서울역사박물관이 경희궁터에 문을 열었습니다. 열린 박물관이 모토인 만큼 다른 박물관들에 비해 개방적입니다. 공간과 전시가 기존의 방 중심에서 벗어나 마당 중심의 개방적 체계로 구성되었습니다. 또한 체험 중심적입니다. 복제 유물을 전시하여 직접 만져보면서 유물에 대한 영상 정보를 볼 수 있는 '터치 뮤지엄 코너'를 운영하고 있습니다. 서울역사박물관에서 가장 먼저 둘러볼 곳은 역시 상설전시장입니다. 서울의 이모저모는 유서 깊은 서울의 역사와 전통문화를 정리하여 보여줌으로써 서울에 대한 이해와 역사의식을 심어주고 있습니다. 서울역사박물관은 서울의 대표적 문화 중심이 되어 서울 시민 및 서울을 찾는 내외국인들에게 서울의 문화를 느끼고 체험하는 기회를 제공하고 있습니다.",https://korean.visitseoul.net/attractions/%EC%84%9C%EC%9A%B8%EC%97%AD%EC%82%AC%EB%B0%95%EB%AC%BC%EA%B4%80/KOP002722,2025.07.21
KOP005333,미술관&박물관,서울올림픽기념관,37.520963922,127.126580261,"05540 서울 송파구 올림픽로 424 (방이동, 올림픽공원)",http://88olympic.kspo.or.kr,02-410-1354~5,2026년 재개관 예정,,무료,"서울올림픽기념관의 외관 사진입니다. 입구에 오륜기와 함께 서울올림픽기념관이라는 글자가 써있습니다. 서울올림픽기념관은 88서울올림픽을 기념하고 올림픽 정신을 계승 및 발전하고자 설립되었습니다. 올림픽 공원과 스포츠센터를 결합한 체험학습 프로그램을 비롯해 올림픽 기념사업, 사이버 기념관의 활성화 및 스포츠·문화에 관련된 각종 정보를 제공하는 복합테마 공간입니다.",https://korean.visitseoul.net/attractions/%EC%84%9C%EC%9A%B8%EC%98%AC%EB%A6%BC%ED%94%BD%EA%B8%B0%EB%85%90%EA%B4%80/KOP005333,2025.07.21
KOP033825,미술관&박물관,서울하수도과학관,37.557556,127.06525,04809 서울 성동구 자동차시장3길 64 (용답동) 서울하수도과학관,http://sssmuseum.org,02-2211-2540,화요일~일요일(9:00~17:00),"매주 월요일, 1월 1일, 설‧추석 당일",무료,"서울하수도과학관은 우리나라 최초로 하수도를 테마로 한 과학관으로 하수도의 역사와 과학을 알리기 위해 2017년 개관하였습니다. 우리나라 최초의 하수처리장이었던 청계천하수처리장 부지에 과학관을 건립하여 그 역사적 의미와 가치를 이어가고 있습니다. 국내외 하수도의 역사⸳기술⸳미래상을 전시하고 있는 과학관과 하수처리시설을 직접 견학할 수 있는 물재생센터가 함께 운영되고 있는 현장 중심형 공간이기도 합니다. 환경교육의 중심지인 서울하수도과학관에서는 하수의 정화 과정과 물의 소중함을 느낄 수 있는 다양한 프로그램을 운영하고 있습니다.",https://korean.visitseoul.net/attractions/%EC%84%9C%EC%9A%B8-%ED%95%98%EC%88%98%EB%8F%84-%EA%B3%BC%ED%95%99%EA%B4%80/KOP033825,2025.07.27
KOP000090,고궁,서울 한양도성,37.572875847,127.008510357,"03098 서울 종로구 율곡로 283 (종로6가, 서울디자인지원센터)",https://seoulcitywall.seoul.go.kr/index.do,02-120,,,,"한양도성은 1396년, 조선 태조 이성계가 한양을 수도로 정한 이후 현재 서울의 도심부를 감싸고 있는 백악·낙타·목멱·인왕의 능선을 따라 처음 축조되었으며, 이후 여러 차례 개축되었습니다. 평균 높이 약 7~8m, 전체 길이 약 18.6km에 이르며, 현존하는 세계의 도성 중 가장 오랫동안 도성 기능을 수행했습니다. 한양도성에는 4대문과 4소문이 있습니다. 4대문은 숙정문·흥인지문·숭례문·돈의문이며, 4소문은 창의문·혜화문·광희문·소의문입니다. 한양도성길은 창의문에서 혜화문에 이르는 백악 구간, 혜화문을 지나 흥인지문까지 이어지는 낙산 구간, 흥인지문에서 장충체육관에 이르는 흥인지문구간, 장충체육관에서 남산공원까지 이어지는 남산 구간, 백범광장을 지나 돈의문 터까지 이르는 숭례문 구간, 마지막으로 돈의문 터에서 창의문까지 이어지는 인왕산 구간으로 나뉘어집니다.",https://korean.visitseoul.net/attractions/%EC%84%9C%EC%9A%B8-%ED%95%9C%EC%96%91%EB%8F%84%EC%84%B1/KOP000090,2025.06.19
KOP001907,미술관&박물관,성곡미술관,37.573511392,126.969704054,"03175 서울 종로구 경희궁길 42 (신문로2가, 성곡미술관)",http://www.sungkokmuseum.org,02-737-7650,10:00~18:00 (입장 마감 Last Ticketing 17:30),월요일,입장료는 전시에 따라 변경될 수 있습니다. 조각정원 : 전시입장권 구매시 무료입장.,"성곡미술관의 외관 사진입니다. 주차장 입구에 성곡미술관이라는 글씨가 적힌 표지판이 있습니다. 성곡미술관은 쌍용그룹 창업자 성곡 김성곤을 기념하여 그의 저택 자리에 건립되었습니다. 연 15회 이상의 전시회를 개최하며 한국미술의 정체성을 확립하는 것을 목표로 하는 미술관입니다. 세 개의 전시관으로 나누어져 있으며 야외조각공원과 숲을 갖추고 있어 휴식공간으로도 사용됩니다.",https://korean.visitseoul.net/attractions/%EC%84%B1%EA%B3%A1%EB%AF%B8%EC%88%A0%EA%B4%80/KOP001907,2025.06.24
KOP033828,미술관&박물관,성신여대 복식박물관 및 자연사박물관,37.632038023,127.027124158,"01133 서울 강북구 도봉로76가길 55 (미아동, 성신여자대학교운정그린캠퍼스) 운정그린캠퍼스 B1",https://www.sungshin.ac.kr/sites/museum/index.do,복식박물관: 02-920-2657 / 자연사박물관: 02-920-7890,"월~토: 10:00~17:00 (일요일, 법정공휴일 휴관)",,"입장권: 성인 2,000원, 초/중/고 1,500원, 유아(36개월 이상) 1000원 주차요금: 기본 30분 1,500원, 초과 10분당 500원, 일일 최고 20,000원(교내 지하주차장 B2 이용)","2011년 11월 23일 문을 연 정원 박광훈 복식박물관은 서울시 무형문화재 제11호인 침선장 정원(淨源) 박광훈 선생이 기증한 600여 점의 복식을 포함하여 2,000여 점이 넘는 직물류, 장신구류 등이 전시되어 있는 전문박물관으로 우리나라의 출생 복식에서부터 평상복, 혼례 복식과 궁중의례복식, 그리고 임종시의 수의에 이르기까지 다양한 복식과 장신구 등이 전시되어 있습니다. 같은 건물의 지하에 있는 자연사박물관은 1970년대부터 약 40여 년간 축적해 온 방대한 연구 자원을 토대로 13만 5,000여 점에 달하는 표본을 암석, 발생(發生), 식물, 곤충 등 4가지 테마로 나누어 우리 주변의 자연을 느끼고 배울 ㆍ복식박물관: 전시관람 외에도 전통문양 금박찍기, 전통문양 그리기, 족두리만들기 등의 다양한 문화예술 체험프로그램을 운영 합니다.",https://korean.visitseoul.net/attractions/%EC%84%B1%EC%8B%A0%EC%97%AC%EB%8C%80-%EB%B3%B5%EC%8B%9D%EB%B0%95%EB%AC%BC%EA%B4%80-%EB%B0%8F-%EC%9E%90%EC%97%B0%EC%82%AC%EB%B0%95%EB%AC%BC%EA%B4%80/KOP033828,2025.06.20
KOP006995,미술관&박물관,손기정기념관,37.555460901,126.964817314,04501 서울 중구 손기정로 101 (손기정 체육공원),http://www.sonkeechung.com,02-364-1936(내선 1번),10:00 ~18:00 (입장은 마감시간 1시간 전까지),"월 (단 월요일이 공휴일인 경우 그 다음날), 1월 1일, 설날, 추석, 기타 별도로 정하는 휴관일",무료,"손기정기념관의 건물 외관입니다. 입구에 손기정기념관이라는 글씨가 있습니다. 손기정기념관은 손기정 선수의 뜻을 기리기 위해 손기정 선수의 모교인 양정의숙을 고쳐 그의 탄생 100주년인 2012년에 개관하였습니다. 1936년 베를린 올림픽 마라톤 금메달리스트인 그는 한국이 나라를 잃었을 때 한국인의 긍지를 높여주었던 영웅으로 알려져 있습니다.",https://korean.visitseoul.net/attractions/%EC%86%90%EA%B8%B0%EC%A0%95%EA%B8%B0%EB%85%90%EA%B4%80/KOP006995,2025.06.24
KOP003778,미술관&박물관,송은(SONGEUN),37.524163032,127.044120728,06016 서울 강남구 도산대로 441 (청담동),http://www.songeun.or.kr,02-3448-0100,11:00~18:30,-일요일 -공휴일 ＊전시별 관람시간 확인요망,무료,"2021년 9월 새롭게 개관한 송은(SONGEUN) 아트갤러리의 외관 모습. 삼각형 모양의 건물이 특징적이다 송은 아트갤러리 건물 외벽 일부를 아래에서 하늘을 올려다보고 촬영한 사진 리뉴얼 개관한 송은 아트갤러리 내부 공간을 촬영한 모습으로 위쪽 공간으로부터 햇빛이 들어오게 설계되어있다 2021년 9월 리뉴얼한 송은 내부 사진으로 콘크리트를 사용한 독특한 내부 개방공간을 촬영하였다 2021년 9월 리뉴얼 오픈한 송은 내부 로비사진. 출입구 근처 로비 전체가 통유리로 마감되어 개방감을 더한다 '송은'은 미술계 젊은 인재들의 전시와 연구 활동을 지원하고자 1989년 설립된 비영리 문화재단으로 다양한 비영리 전시공간을 운영하며 국내외 작가들이 할동할 수 있는 무대를 마련해왔습니다. 공간 운영과 더불어 미술상, 전시공모 등 신진 작가 지원사업을 꾸준히 이어오면서, 보다 다양한 변주가 가능한 전시공간에 대한 필요성이 대두되었고 폭넓은 동시대 미술을 조명할 수 있는 지속적인 환경 조성을 목표로 지금의 신사옥, ST송은 빌딩을 건립하였습니다. 세심하고 유기적인 접근을 통해 현대 사회에서 건축이 어떻게 진화할 수 있는지에 대한 선례를 만들어왔다는 점을 주목해 신사옥 건축 설계자로 헤르조그&드 뫼롱을 선정했으며, 그들의 국내 첫 프로젝트이자 동시대 미술을 조명하는 문화의 중심지로 서울의 새롭고 중요한 랜드마크입니다.",https://korean.visitseoul.net/attractions/%EC%86%A1%EC%9D%80%EA%B0%A4%EB%9F%AC%EB%A6%AC/KOP003778,2025.06.24
KOP001425,미술관&박물관,쇳대박물관,37.578082777,127.008138286,03088 서울 종로구 낙산성곽서1길 24 (이화동),http://ehwadong.com/,02-755-6494,10:00~18:00,매주 월요일,,"이화동 낙산성곽길에 위치한 쇳대박물관은 대한민국에서 유일한 자물쇠 전문 박물관입니다. 이곳에는 40여년동안 수집된 4000여점의 자물쇠, 열쇠패, 빗장들 중 400여점이 전시되어있어, 한국의 옛 자물쇠 및 세계 각국의 독특한 자물쇠를 두루 살펴볼 수 있습니다. 쇳대박물관은 3개의 전시실과 테라스, 야외전시장으로 구성됩니다. 제 1전시실에서는 각종 동서양의 자물쇠를 시대별, 형태별로 전시하고 있으며, 목가구와 함께 전시된 목가구용 자물쇠를 볼 수 있습니다. 제2전시실에는 숙종때부터 고종때까지 사용되던 열쇠패, 동양은 물론 전세계적으로 우리나라밖에 사용하지 않던 별전 열쇠패와 수열쇠패가 전시되어 있습니다. 마지막으로 제3전시실에는 우리나라 전통가옥의 전통빗장과 아프리카 빗장이 전시되어 있습니다.",https://korean.visitseoul.net/attractions/%EC%87%B3%EB%8C%80%EB%B0%95%EB%AC%BC%EA%B4%80/KOP001425,2025.05.06
KOP029578,미술관&박물관,쉼박물관,37.599502703,126.955677886,03015 서울 종로구 세검정로 209-17 (쉼박물관),http://museeshuim.com/,02-396-9277,평일 10:00~18:00 토요일 10:00~18:00 일요일 14:00~19:00,,"대인 10,000원 소인 5,000원","쉼박물관은 잊혀져 가는 문화를 보존하고 현대 문화예술과 접목시켜 새로운 문화를 만들고자 하는 박물관입니다. 삶과 죽음이라는 결코 가볍지 않은 주제를 일상에서 편히 다뤄보고자 설립자의 집을 전시실과 휴식처로 개조하였습니다. 또한 소장품들과 현대작가들의 주제전도 다양하게 기획하여 관람객들과 편안한 소통을 해 나가고자 합니다.",https://korean.visitseoul.net/attractions/%EC%89%BC%EB%B0%95%EB%AC%BC%EA%B4%80/KOP029578,2025.07.21
KOP001441,미술관&박물관,스페이스 씨,37.524046643,127.032815416,"135-120 서울특별시 강남구 언주로 827, 스페이스씨 (신사동)",http://www.spacec.co.kr/,02-547-9177,화~금 - 11:00~18:30 토요일 - 12:00~18:30,"일요일, 월요일, 1월1일, 설 및 추석 연휴, 기타 기관장이 정하는 임시 휴일","◎ 단일권 일반 6,000원 학생 4,000원 ◎ 통합권 (미술관+박물관) 일반 10,000원 학생 7,000원 ※ 학생 : 대학생까지 적용 (학생증 확인) ※ 7세 이하, 65세 이상, 장애인 무료 ※ 예술인패스 소지자 : 관람요금의 30% 할인","스페이스 씨는 ㈜코리아나 화장품이 설립한 복합문화공간으로, 문화 경영 이념인 '아름다운 기업, 코리아나(Coreana)'를 추구하며 전통문화와 현대문화의 조화를 통해 새로운 문화(Culture)를 창조하고, 함께하는 문화 공동체(Community)를 구축하고자 지속적인 활동을 이어나가고 있습니다. 한국 화장문화의 역사와 우수성올 알리는 코리아나 화장박물관과 동시대 예술을 연구하고 국내외 작가들을 소개 하는 코리아나미술관으로 구성된 스페이스 씨는 기업의 이익을 문화 나눔으로 꾸준히 사회에 환원하는 전문기관의 역할을 하고 있습니다. 스페이스 씨는 예술과 자연의 아름다움이 함께하는 도시 공간이며, 학문과 예술이 만나는 문화 공간으로서.시대의 이야기가 거쳐가는 소통의 장소이자 미래 문화를 생성하는 강의의 공간을 지향합니다.",https://korean.visitseoul.net/attractions/%EC%8A%A4%ED%8E%98%EC%9D%B4%EC%8A%A4-%EC%94%A8/KOP001441,2025.04.17
KOP005060,미술관&박물관,신당창작아케이드,37.568494486,127.019357445,04571 서울 중구 마장로 87 (황학동) 신당지하쇼핑센터,https://www.sfac.or.kr/artspace/artspace/sindang_main.do,02-2232-8833,작가공방 9:00~20:00 공동작업장·사진실 9:00~22:00 아트마켓 9:00~18:00,"작가공방, 공동작업장, 사진실 연중무휴 아트마켓 토·일요일 휴관",,"신당창작아케이드는 1917년 중앙시장 지하에 만들어진 신당지하쇼핑센터를 리모델링해 공예작가를 위한 예술 공간으로 운영되고 있습니다. 공예 특성화 공간인 이곳에서는 다양한 문화체험을 할 수 있으며 총 54명의 작가가 활동 중입니다. 시장과 예술의 조화가 이색적입니다.",https://korean.visitseoul.net/attractions/%EC%8B%A0%EB%8B%B9%EC%B0%BD%EC%9E%91%EC%95%84%EC%BC%80%EC%9D%B4%EB%93%9C/KOP005060,2025.07.27
KOP002388,미술관&박물관,아라리오갤러리 서울,37.577880254,126.988514927,03058 서울 종로구 율곡로 85 아라리오갤러리,http://www.arariogallery.com/,02-541-5701,11:00~18:00,"일요일, 월요일",무료,"아라리오갤러리는 그동안 다른 갤러리가 시도하지 않았던 해외 미술과의 적극적인 연계로 한국 미술계에 혼성성과 다양성을 이끌어내었을 뿐 아니라, 지속적이고 체계적인 전속작가 시스템을 도입하여 한국의 동시대 미술을 해외에 소개하는데 앞장서 왔습니다. 현재는 중국 미술계에서의 경험을 토대로 국내에 소개된 바 없는 인도 및 동남아시아 작가들의 다양한 작품세계를 한국 미술계에 소개합니다. 나아가 지속적인 프로모션을 통해 이들 지역의 신진작가를 발굴 및 후원하고 있습니다. 아라리오갤러리는 우수한 전속작가 시스템과 다양한 국, 내외 미술관과의 콜라보레이션, 다양한 해외지역 미술의 소개 등을 토대로 한국과 미술의 가능성을 확장하고 마켓을 선도하는 아시아 대표 갤러리로서 그 역할을 다할 것입니다. 아라리오갤러리 서울은 2006년 종로구 소격동에서 첫 문을 연 이래 탄탄한 전속 작가 시스템과 과감한 전시 기획력을 발판으로 동시대 미술현장을 이끌어 가고 있습니다. 2014년 3월 국립현대미술관 인근으로 위치를 이전하였으며, 2018년 4월부터 2019년 11월까지는 홍익대학교 인근에 서울의 두 번째 전시공간인 아라리오갤러리 서울 라이즈호텔을 열어 지역이 상징하는 젊고 새로운 실험정신을 계승, 발전시키고자 노력하기도 하였습니다. 2022년 아라리오갤러리 서울은 소격동 시대를 종료한 후 2023년 2월 종로구 원서동에서 한층 새로운 모습으로 재개관하였습니다. 선제적 발굴 및 꾸준한 지원을 통해 작가들의 조력자로 활동하고 함께 성장하는 데 목표를 둠과 동시에 실험적이며 진지한 전시 기획을 실현시켜 한국 미술계의 발전에 지속적으로 도움이 되고자 합니다.",https://korean.visitseoul.net/attractions/%EC%95%84%EB%9D%BC%EB%A6%AC%EC%98%A4%EA%B0%A4%EB%9F%AC%EB%A6%AC/KOP002388,2025.07.24
KOP020731,미술관&박물관,아라리오뮤지엄 인 스페이스,37.577671338,126.988481334,03058 서울 종로구 율곡로 83 (원서동),http://www.arariomuseum.org/main.php,02-736-5700,10:00~19:00 (입장마감 18:00),월요일,"성인 (20~64세) : 15,000원 청소년 (14~19세) : 9,000원 어린이 (11~13세) : 6,000원 ※ 65세 이상 경로자, 장애인 50% 할인적용","아라리오뮤지엄은 ㈜아라리오의 창업자인 김창일 회장이 설립한 아트뮤지엄입니다. 서울에 설립된 아라리오 뮤지엄은, 김수근 건축가의 대표작인 동시에 그의 사무실과 자택으로도 사용되는 등 건축사적으로 의미가 깊습니다. 아라리오 뮤지엄은 현대미술의 문화적 가치를 자연스럽게 표현하며, 과거와 현재가 교차하는 문화공간으로 우리들에게 다가옵니다.",https://korean.visitseoul.net/attractions/%EC%95%84%EB%9D%BC%EB%A6%AC%EC%98%A4%EB%AE%A4%EC%A7%80%EC%97%84-%EC%9D%B8-%EC%8A%A4%ED%8E%98%EC%9D%B4%EC%8A%A4/KOP020731,2025.06.24
KOP018992,미술관&박물관,아르코 미술관,37.58038961,127.003249106,"03087 서울 종로구 동숭길 3 (동숭동, 한국문화예술진흥원)",https://www.arko.or.kr/artcenter/,02-760-4850,11:00 ~ 19:00 (입장마감 18:30),"-월요일 -1월 1일 -설날, 추석 당일",무료,"아르코 미술관은 과거 국립서울대학교 터에 한국문화예술진흥원 산하 미술회관으로 개관되었습니다. 다양한 장르의 실험적인 기획전과 대중과 소통할 수 있는 교육프로그램, 국제교류 네트워크를 활용한 협업 프로그램이 운영 중입니다. 관람료는 무료이나 전시에 따라 달라질 수 있습니다.",https://korean.visitseoul.net/attractions/%EC%95%84%EB%A5%B4%EC%BD%94-%EB%AF%B8%EC%88%A0%EA%B4%80/KOP018992,2025.06.24
KOP004467,미술관&박물관,아름다운 차박물관,37.572371497,126.985882056,03162 서울 종로구 인사동길 19-11,,02-735-6678,11:30 - 20:00,연중무휴,무료,"아름다운 차박물관 입구 사진입니다. 한옥 양식을 가지고 있고, 입구에 아름다운 차박물관이라는 글씨가 새겨진 현판이 있습니다. 종로구 인사동에 위치한 아름다운 차 박물관에서는 차와 관련된 유물을 수집, 관리 및 전시하고 있습니다. 또한, 역량 있는 도자기 작가들의 작품도 있습니다. 박물관 내 티샵에서는 한국, 중국, 일본, 유럽 등 전 세계의 약 110여 종의 차종을 판매하고 있으며 입장료는 무료입니다.",https://korean.visitseoul.net/attractions/%EC%95%84%EB%A6%84%EB%8B%A4%EC%9A%B4-%EC%B0%A8%EB%B0%95%EB%AC%BC%EA%B4%80/KOP004467,2025.06.24
KOP030803,미술관&박물관,아모레퍼시픽미술관,37.528791434,126.968673277,"04386 서울 용산구 한강대로 100 (한강로2가, 아모레퍼시픽)",https://apma.amorepacific.com/index.do,02-6040-2345,10:00~18:00,"-월요일 -1월 1일 -설날, 추석 연휴",,"아모레퍼시픽 미술관은 서울시 용산의 아모레퍼시픽 신본사에 새롭게 문을 연 미술관입니다. ‘일상 속의 아름다움을 발견하는 열린 공간’을 지향하고, 대중과 소통하기 위해 설립되었습니다. 이런 목적에 따라 지하 1층 전시실에서는 고미술과 현대미술, 한국미술을 아우르는 다채로운 기획 전시가 열립니다. 지상 1~3층까지 이어진 대형 공간 ‘아트리움’ 1층에는 미술관 로비와 뮤지엄숍, 전시공간인 ‘ 캐비닛’, 세계의 전시 도록 라이브러리(apLAP)의 시설을 갖추고 있습니다.",https://korean.visitseoul.net/attractions/%EC%95%84%EB%AA%A8%EB%A0%88%ED%8D%BC%EC%8B%9C%ED%94%BD%EB%AF%B8%EC%88%A0%EA%B4%80/KOP030803,2025.06.24
KOP002405,미술관&박물관,아트선재센터,37.579485511,126.981850063,"03062 서울 종로구 율곡로3길 87 (소격동, 아트선재센타)",http://www.artsonje.org/,02-733-8949,12:00~19:00,"-월요일 -1월 1일 -설날, 추석 연휴","25-64세: 10,000원 19-24세, 65세 이상: 7,000원 9-18세: 5,000원 예술인패스 소지자: 7,000원 ※ 무료 대상자 및 상세 할인혜택은 공식 홈페이지를 참고해주세요.","1998년 설립된 아트선재센터는 젊고 실험적인 현대미술을 전시하는 사립미술관으로 국제적인 수준의 기획전과 프로그램을 제공하며, 다양하고 역동적인 동시대 미술과 문화를 균형 있는 시각으로 소개하기 위한 문화공간으로 활동하고 있습니다. 이를 실천하기 위해 다양한 예술 간의 협업을 적극 도모하고 뉴 프로젝트를 지원하는 과감한 전시 기획을 원칙으로 합니다. 또한 새롭고 도전적인 기획자 협업과 국제 미술계와의 교류를 통해 지속적인 국제 네트워크를 형성함으로써국제적으로 활발히 활동하고 있는 해외 작가를 국내에 소개할 뿐 아니라 국내 작가의 국제무대 진출을 위한 교두보 역할을 하고 있습니다. 이전 운영되던 씨네코드 선재는 현재 폐관되었으며, 강연이나 행사, 전시 연계 프로그램, 퍼포먼스 등이 진행되는 아트홀로 사용하고 있습니다.",https://korean.visitseoul.net/attractions/%EC%95%84%ED%8A%B8%EC%84%A0%EC%9E%AC%EC%84%BC%ED%84%B0/KOP002405,2025.06.30
KOP004325,미술관&박물관,예술의전당 한가람미술관,37.479265179,127.013901572,06757 서울특별시 서초구 남부순환로 2406 (서초동),https://www.sac.or.kr/site/main/home,1668-1352,10:00~19:00,월요일,"각 전시별 상이, 홈페이지 확인","한가람미술관은 예술의 전당 전면의 왼쪽에 위치해 있습니다. 예술의 전당에서 제공하는 여러 프로그램과 연계된 공간입니다. 전시실과 수장고, 아트숍 등이 갖춰져 있으며 최적의 전시환경을 자랑합니다. 에드바르 뭉크, 베르나르 뷔페, 파블로 피카소 등 세계 유명 화가들의 기호기 전시도 자주 열리는 곳입니다. 대부분의 전시는 사진촬영이 금지되어 있으며 관람 예절을 지키는 것도 중요합니다. 야외 공간에 위치한 계단 광장에서는 아트마켓과 야외 페스티벌, 하절기 시즌 야외 카페 운영 등 열린 공간으로 조성되어 있고, 대중 프로그램을 수용하는 공간으로써 다양한 행사가 진행되고 있어 색다른 문화적 경험을 누릴 수 있습니다. 예술의 전당 홈페이지에서 한가람미술관의 전시 현황을 확인해볼 수 있습니다.",https://korean.visitseoul.net/attractions/%EC%98%88%EC%88%A0%EC%9D%98-%EC%A0%84%EB%8B%B9-%ED%95%9C%EA%B0%80%EB%9E%8C%EB%AF%B8%EC%88%A0%EA%B4%80/KOP004325,2025.08.04
KOP000471,고궁,운현궁,37.576263571,126.986627288,03131 서울 종로구 삼일대로 464 (운현궁),http://unhyeongung.or.kr ,02-766-9090,09:00 ~ 19:00 (입장마감 18:30),월요일 (공휴일이 월요일일 경우 정상 개장),무료,"운현궁은 조선 후기 흥선대원군의 사가입니다. 흥선대원군의 둘째 아들 고종이 출생하여 왕위에 오르기 전까지 성장한 곳입니다. 이곳에서 대원군은 서원철폐, 경복궁 중건, 세제개혁 등 많은 사업을 추진하였습니다. 흥선대원군의 한옥과 양관(洋館)은 모두 사적으로 지정되어있습니다. 운현궁 양관 : 본래 흥선대원군의 손자인 이준용을 위해 지은 건물로 양관이라고 불립니다. 프렌치 르네상스 풍의 석재를 혼용한 벽돌 2층 저택에 16개의 천장 문양이 모두 다릅니다. 1948년 덕성여자대학교에 매각되어 한때 교사로 쓰였고 지금도 평생교육원으로 쓰입니다. 인기 드라마 <궁>의 촬영 장소로 사용되기도 했습니다.",https://korean.visitseoul.net/attractions/%EC%9A%B4%ED%98%84%EA%B6%81/KOP000471,2025.06.23
KOP000846,미술관&박물관,의학박물관(구 대한의원),37.578813081,126.99702289,03080 서울특별시 종로구 대학로 101 (연건동),http://medicalmuseum.org ,02-2072-2636,월~금 09:00~18:00 토요일 10:00~15:00,"일요일, 공휴일, 근로자의 날(5월 1일), 법인화 기념일(10월 15일)",무료,"의학박물관(구 대한의원)은 서울대학교 의과대학에 있는 조선 말기의 건물입니다. 네오-바로크풍의 시계탑을 중심으로 하는 서양식 건축물이라는 점에서 건축적 의의가 있습니다. 현재 서울대학교병원 부설 병원 연구소 건물로 사용되고 2층에 의학박물관이 있습니다.",https://korean.visitseoul.net/attractions/%EC%9D%98%ED%95%99%EB%B0%95%EB%AC%BC%EA%B4%80/KOP000846,2025.07.27
KOP002251,미술관&박물관,일민미술관,37.569872214,126.977658613,"03187 서울 종로구 세종대로 152 (세종로, 일민미술관)",http://ilmin.org/kr/,02-2020-2050,11:00~19:00,월요일,"일반 9,000 학생 7,000 (만 24세 이하 학생증 소지자)","일민미술관은 일민 김상만을 기념하여 1996년에 세운 미술관으로 종로구 세종로에 위치해있습니다. 일민문화재단에서 운영하며 다양한 전시와 미술 강좌를 운영하고 있습니다.  일민미술관과 연결된 동아미디어센터 3, 4층에는 2000년에 개관한 신문박물관이 있습니다. 신문 역사관과 기획 전시관, 미디어 상영관으로 구성돼 있으며 신문의 과거와 현재, 미래를 확인할 수 있습니다.",https://korean.visitseoul.net/attractions/%EC%9D%BC%EB%AF%BC%EB%AF%B8%EC%88%A0%EA%B4%80/KOP002251,2025.07.24
KOP000859,미술관&박물관,전쟁기념관,37.535807116,126.975823799,"04353 서울 용산구 이태원로 29 (용산동1가, 전쟁기념관)",http://www.warmemo.or.kr,02-709-3114,09:30 ~ 18:00 *자세한 사항은 홈페이지를 참고해주세요.,월요일 (월요일이 포함된 연휴에는 연휴 마지막 다음날 휴관),무료,"형제의 상'이 가장 먼저 눈에 들어옵니다. 너른 광장을 지나 기념관을 향하면 1층 전시실에는 선사 시대부터 6.25전쟁까지 그 역사가 모형으로 꾸며져 있습니다. 모형과 더불어 2층과 3층에는 전시 자료들도 준비되어 있습니다. 전쟁체험실은 전쟁의 극한 상황을 다양한 감각으로 체험하는 공간입니다. 옥외 전시장에는 제2차 세계대전, 6.25전쟁, 베트남전쟁 등에 사용되었던 무기를 전시합니다. 반면 기념 조형물은 무기가 아닌 전쟁의 참상이나 아픔을 조명합니다. 대형 총알 모양의 '6.25전쟁 휴전 50주년 기념 조형물', 국군 전사자 명비는 마음을 숙연하게 만듭니다. 시민들은 전쟁기념관에서 전쟁의 희생자들과 평화의 의미를 되새기며 그 터전 위에 우리의 삶이 지속되고 있음을 상기하게 됩니다. 우리 기술로 만들어낸 방산장비실 우리 기술로 생산되는 뛰어난 방산장비를 전시하는 곳입니다. 한국 지형에 적합한 한국형 전차, 장갑차 등이 모형으로 전시되어 있어 흥미롭습니다. 국산 무기와 장비의 실물과 축소 모형 208종 813점을 40여 개의 쇼케이스에 구분해 전시하고 있습니다.",https://korean.visitseoul.net/attractions/%EC%A0%84%EC%9F%81%EA%B8%B0%EB%85%90%EA%B4%80/KOP000859,2025.07.27
KOP001596,미술관&박물관,정독도서관,37.581119163,126.983028076,03055 서울 종로구 북촌로5길 48 (정독도서관),http://jdlib.sen.go.kr/jdlib_index.jsp,02-2011-5799,"자율학습실, 노트북실 3월~10월 평일 07:00 - 22:00 3월~10월 주말 07:00 - 22:00 11월~2월 평일 08:00 - 22:00 11월~2월 주말 08:00 - 22:00 *이용시설마다 이용시간이 상이함.","-매월 첫째 주, 셋째 주 수요일 -일요일을 제외한 법정 공휴일 -도서관 사정으로 임시로 정하는 휴일",,"정독도서관은 서울 시민에게 최신 정보를 제공하고 교양과 학습 등을 지원하기 위해 설립되었습니다. 중국 연변 자치주 연변도서관, 일본 도립중앙도서관과 결연을 체결하였습니다. 도서관 협력망 서울지역 대표도서관으로 지정되어 있습니다. 서울교육사료관  :  정독도서관 부설 교육 전문 박물관으로 원래 경성고등보통학교 건물이었습니다. 전시관에는 삼국 시대의 교육기관에서 현대에 이르는 교육 관련 자료가 전통기, 개화기, 민족저항기, 미군정기, 교육과정기, 서울시교육청의 어제와 오늘로 나뉘어 전시되어 있습니다. 개화기의 교과서와 풍금, 일제강점기의 통지표와 졸업 앨범, 검정 고무신, 몽당연필, 등사판, 무시험 추첨기, 양은 도시락 등의 물품을 비롯하여 8·15 광복 후 첫 수업 모습, 콩나물 교실, 얼룩무늬 교련복을 입은 고등학생 모습 등의 사진 자료를 볼 수 있습니다.",https://korean.visitseoul.net/attractions/%EC%A0%95%EB%8F%85%EB%8F%84%EC%84%9C%EA%B4%80/KOP001596,2025.07.26
KOP005796,미술관&박물관,종이나라박물관,37.559655636,127.006155383,"04606 서울 중구 장충단로 166 (장충동1가, 종이나라빌딩)",https://cafe.naver.com/papermuseum,02-2279-7901,09:30~18:00 (관람시간 종료 30분 전까지 입장 가능),-일요일 -공휴일,"○개인 -성인 2,000원 -어린이 및 청소년 1,500원 ○단체(20명 이상) -성인 1,000원 -어린이 및 청소년 1,000원","종이나라박물관은 1999년에 종이미술박물관으로 개관하여 세계제일로 우수했던 우리나라의 종이와 K종이접기, 종이문화를 부활, 재창조하기 위해 설립되었습니다. 2008년에 종이나라박물관으로 재개관하면서 뛰어난 우리나라의 종이접기, 종이문화를 연구하여 소개하는 것을 넘어 공예·예술품으로서의 종이의 우수한 역할에 주목하여 새로운 문화예술 장르로의 개발을 제시, 현대종이문화예술작품을 발굴, 전시, 교육함으로서 한국의 종이접기와 종이문화의 우수성과 창조성을 대중에게 알리고 있습니다.",https://korean.visitseoul.net/attractions/%EC%A2%85%EC%9D%B4%EB%82%98%EB%9D%BC%EB%B0%95%EB%AC%BC%EA%B4%80/KOP005796,2025.07.24
KOP003332,미술관&박물관,짚풀생활사박물관,37.584907264,126.999842808,03075 서울 종로구 성균관로4길 45 (명륜2가),http://jipul.com/,02-743-8787,10:00 ~ 17:00,"일요일~월요일, 1월 1일, 설날, 추석연휴","-성인(20세 이상) 5,000원 -아동·청소년(6세~19세) 4,000원 -유아(5세 이하) 무료 ＊할인 요금 -단체(20인 이상)·장애인·만 65세 이상 1,000원 할인","종로구 명륜동에 위치한 짚풀생활사박물관은 사립박물관으로 청담동에서 운영되다가 옮겨져 왔습니다. 1992년에 설립, 1993년에 개관하여 한옥, 제기, 짚 관련 민속자료 등을 전시해 놓고 있습니다. 다양한 체험학습 프로그램과 전문가 교육, 워크숍 등 교육활동 등도 이뤄지고 있습니다.",https://korean.visitseoul.net/attractions/%EC%A7%9A%ED%92%80%EC%83%9D%ED%99%9C%EC%82%AC%EB%B0%95%EB%AC%BC%EA%B4%80/KOP003332,2025.07.27
KOP037176,고궁,창경궁 대온실,37.581302011,126.995079441,"03072 서울 종로구 창경궁로 185 (와룡동, 창경궁)",http://cgg.cha.go.kr/agapp/main/index.do?siteCd=CGG,02-762-9515,09:00 ~ 20:45,월요일,"○ 개인 - 내국인 대인(만25세~64세) : 1,000원 - 외국인 대인 (만19세~64세) : 1,000원 ○ 단체(10인 이상) 800원 ※자세한 무료 입장 대상자는 공식 홈페이지를 참고해주세요","흰색과 초록색의 조화를 이루는 창경궁의 내부, 양옆으로는 나무와 식물들이 있고 가운데로는 길이 있다. 서울의 4대 고궁 중 하나인 창경궁에는 1909년에 지어진 온실이 있습니다. 바로 창경궁 대온실인데, 서양식 건축 양식으로 설계된 한국 최초의 온실입니다. 처음에는 식물원과 동물원이 함께 지어졌으며 2004년에 복원되어 원래 모습을 그대로 유지한 채 일반 시민에게 개방되었습니다. 이곳에서는 향나무, 팔손이나무, 꽝꽝나무 등 천연기념물 후계목과 식충식물류 등 다양한 종류의 식물들을 볼 수 있습니다. 대온실로 들어가기 위해서는 창경궁 입장료를 구매해 입장해서 걷다 보면 오른쪽에서 발견할 수 있습니다.",https://korean.visitseoul.net/attractions/%EC%B0%BD%EA%B2%BD%EA%B6%81-%EB%8C%80%EC%98%A8%EC%8B%A4/KOP037176,2025.08.06
KOP000297,고궁,창경궁,37.581302011,126.995079441,"03072 서울 종로구 창경궁로 185 (와룡동, 창경궁)",http://cgg.cha.go.kr/agapp/public/html/HtmlPage.do?pg=/cgg/06/greeting_01.jsp&pageNo=74000000&siteCd=CGG,02-762-4868,09:00 ~ 21:00 (입장마감 20:00),월요일,"○ 개인 - 내국인 대인(만25세~64세) : 1,000원 - 외국인 대인 (만19세~64세) : 1,000원 ○ 단체(10인 이상) 800원 ※자세한 무료 입장 대상자는 공식 홈페이지를 참고해주세요","창경궁은 1483년 창덕궁 동쪽에 세워진 궁으로, 성종이 정희왕후, 안순왕후, 소혜왕후를 위해 수강궁을 확장하면서 창경궁이라는 이름을 붙였습니다. 명정전과 문정전, 환경전, 경춘전 등 대부분의 전각이 이때 지어졌습니다. 창경궁은 아픈 역사가 깃든 궁이기도 합니다. 1911년 일제에 의해 창경원으로 격하됐고 동물원과 식물원이 설치되었다가 1983년부터 동물원을 이전하고 이름도 다시 창경궁으로 부르기 시작했습니다. 이곳에는 보물 384호 홍화문, 국보 제226호이자 현존하는 조선의 궁궐 중 가장 오래된 정전인 명정전, 왕이 정무를 보던 문정전, 임금이 신하들과 경연을 열었던 숭문당, 왕이 농정을 살피며 직접 농사를 지었던 춘당지 등이 자리하고 있습니다. 환경전은 1544년 중종이 숨을 거둔 장소입니다. 중종 하면 떠오르는 인물이 드라마로도 익숙한 대장금입니다. 그는 의녀들 중 유일하게 왕의 주치의 역할을 했습니다. 중종은 대신들의 불만에도 아랑곳하지 않고 의원보다 대장금을 신뢰해 마지막까지 자신의 진료를 맡겼던 것으로 널리 알려져 있습니다. ‘중종실록’에 그 기록이 남아 있는데 그 역사의 장소가 환경전입니다.",https://korean.visitseoul.net/attractions/%EC%B0%BD%EA%B2%BD%EA%B6%81/KOP000297,2025.08.01
KOP000295,고궁,창덕궁,37.586641863,126.992084992,"03072 서울 종로구 율곡로 99 (와룡동, 창덕궁)",https://royal.khs.go.kr/ROYAL/contents/menuInfo-gbg.do?grpCode=cdg,02-3668-2300,2-5월 09:00 ~ 18:00(입장마감은 17:00) 6-8월 09:00 ~ 18:30(입장마감은 17:30) 9-10월 09:00 ~ 18:00(입장마감은 17:00) 11-1월 09:00 ~ 17:30(입장마감은 16:30),월요일,"내국인(만25세~만64세), 외국인(만19세~만64세) 3,000원 단체(10명 이상) 무료대상자를 제외하고 10명 이상일 경우에 전각 요금 20% 할인 ※ 상시관람권, 점심시간관람권, 궁궐통합관람권, 무료입장 대상자 등 자세한 정보는 공식 홈페이지 참고","창덕궁은 서울에서 두 번째로 유네스코 선정 세계문화유산으로 등재되었습니다. ‘동아시아 궁전 건축사에 있어 비정형적 조형미를 간직한 대표적 궁으로 주변 자연환경과의 완벽한 조화와 배치가 탁월하다’는 이유로 선정됐습니다. 창덕궁은 1405년 태종에 의해 건립되었으며, 오랜 시간 법궁(法宮)의 역할을 한 궁궐입니다. 조선은 임진왜란을 겪으면서 경복궁과 창덕궁을 모두 잃었습니다. 광해군 2년(1610)에 재건된 창덕궁은 약 270년간 조선의 법궁으로 쓰였습니다. 창덕궁은 크게 두 가지 관람 프로그램이 있습니다. 첫 번째는 일반 관람입니다. 정전인 인정전(仁政殿)을 중심으로 낙선재(樂善齋)까지 아우르는 기본적인 관람 코스입니다. 두 번째는 후원 특별 관람으로 후원의 초입 부용지에서 후원의 백미 옥류천에 이르는 코스입니다. 생태계의 보존 상태가 좋고 연못과 정원 등에는 차경의 흔적이 두드러집니다. 부용지는 창덕궁 후원으로 들어서는 입구에 있는 커다란 연못입니다. 언덕 쪽으로는 규장각이 있던 주합루와 서향각, 어수문 등이 자리합니다. 또한 부용지의 주변으로 ‘十’자 모양의 독특한 정자 부용정과 과거시험을 치렀다는 영화당 등이 있습니다.",https://korean.visitseoul.net/attractions/%EC%B0%BD%EB%8D%95%EA%B6%81/KOP000295,2025.08.06
KOP003266,고궁,창의문,37.592606024,126.966495719,03020 서울특별시 종로구 창의문로 118 (부암동),,02-730-9924,,,,"서울 성곽의 4소문 중 하나로 북문 또는 자하문으로도 불리는 창의문은 서울 종로구 청운동에 자리해있는 조선시대 성문입니다. 인조반정 당시 반란군이 이곳을 통해 입성해 반정에 성공한 것으로 유명합니다. 현재 문 서쪽으로 도로가 생겨 통행로로 이용되고 있지만, 창의문은 닫혀 있습니다. 사대문과 사소문을 기점 삼아 길게 이어지는 서울 성곽은 조선의 역사이자 서울의 상징입니다. 창의문에서 북악산 방면으로 올라가거나, 반대편 언덕의 청운공원을 지나 인왕산을 올라가도 성곽의 흔적을 발견할 수 있습니다.",https://korean.visitseoul.net/attractions/%EC%B0%BD%EC%9D%98%EB%AC%B8/KOP003266,2025.08.01
KOP004693,미술관&박물관,청계천박물관,37.571300481,127.03511605,"04704 서울 성동구 청계천로 530 (마장동, 청계천박물관)",https://museum.seoul.go.kr/cgcm/index.do,02-2286-3410,09:00 ~ 18:00,-월요일 -1월 1일,무료,"청계천박물관은 지하 2층, 지상 4층 규모로 상설전시실, 기획전시실, 교육실, 소강당 등이 마련돼 있습니다. 긴 유리 형태의 건물 외관이 특징으로, 청계천의 물길을 상징하고 있다. 또한, 청계천아카데미, 어린이 대상의 청계천 역사, 생태 교육프로그램도 진행합니다.",https://korean.visitseoul.net/attractions/%EC%B2%AD%EA%B3%84%EC%B2%9C%EB%AC%B8%ED%99%94%EA%B4%80/KOP004693,2025.07.24
KOP006007,미술관&박물관,청와대 사랑채,37.582570182,126.972943003,03042 서울 종로구 효자로13길 45,http://www.cwdsarangchae.kr/,02-723-0300,09:00~18:00 (입장은 17:30까지),-화요일(화요일이 공휴일인 경우 공휴일 다음 첫 번째 평일 휴관) -1월 1일,,"청와대 사랑채'는 한국과 서울의 과거와 현재 그리고 미래를 공유할 수 있도록 설립된 역사 기념관입니다. 총 2층으로 1층은 한국관광전시관·기념품점·쉼터로, 2층은 청와대관·국민소통체험관으로 구성되어 있습니다. 정부의 녹색성장 정책에 발맞춰 화석연료 사용을 줄이고 태양에너지와 지열 사용량을 늘린 저탄소 녹색 건물로 설계되었습니다. 무료로 관람할 수 있으며 안내 데스크에는 한국어는 물론 영어, 중국어, 일본어 팜플렛이 상비되어 있습니다. 또한 외국어가 가능한 직원이 항시 대기하고 있어 외국인 관광객도 편리하게 이용할 수 있습니다.",https://korean.visitseoul.net/attractions/%EC%B2%AD%EC%99%80%EB%8C%80-%EC%82%AC%EB%9E%91%EC%B1%84/KOP006007,2025.07.24
KOP004996,미술관&박물관,청원산방,37.580424762,126.986323302,03056 서울 종로구 북촌로6길 27 (계동),http://www.somokjang.com/,02-715-3342,토 10:00~17:00 (예약제로 진행),예약제,청원산방 소목학교 주말반 (변동),"‘청원산방’이라는 이름은 심용식 소목장의 호인 ‘청원(淸圓)’에서 따온 것으로 ‘맑고 둥글다’는 뜻을 지니고 있습니다. 여전히 전통 방식으로 모든 문을 수작업으로 만드는 이곳은, 한옥 건축의 얼굴이라 할 수 있는 창호의 짜임 방식을 연구하고 기술을 보전하고 있습니다. 전통 창호를 현대적으로 재해석하여 독창적인 창호를 창작하기도 하는 심용식 장인은 그 업적을 인정받아 2006년 서울시 무형문화재 제26호 소목장으로 선정되었습니다.",https://korean.visitseoul.net/attractions/%EC%B2%AD%EC%9B%90%EC%82%B0%EB%B0%A9/KOP004996,2025.07.14
KOP006463,미술관&박물관,초전섬유퀼트박물관,37.558129457,126.98421824,04630 서울 중구 퇴계로18길 66 (제일빌딩),,02-753-4074/4075,10:00~17:00 (폐관 30분 전까지 입장가능),"토요일~일요일, 공휴일",,"초전섬유퀼트박물관은 1998년에 설립된 섬유 및 퀼트 작품을 전시하는 박물관다입니. 전문적으로 섬유 예술 작품을 전시하는 한국 유일의 박물관이기도 합니다. 조선왕조 궁중의상과 전통자수도 전시되어 동양과 서양의 바느질문화를 한곳에서 확인할 수 있습니다.",https://korean.visitseoul.net/attractions/%EC%B4%88%EC%A0%84%EC%84%AC%EC%9C%A0%ED%80%BC%ED%8A%B8%EB%B0%95%EB%AC%BC%EA%B4%80/KOP006463,2025.07.27
KOP042352,미술관&박물관,최만린미술관,37.610655267,127.004288014,02708 서울 성북구 솔샘로7길 23 (정릉동),https://sma.sbculture.or.kr/cml,02-6952-5016,화~토요일 10:00 ~ 18:00 전시준비로 휴관 : 기간(7.1. ~ 9. 3.),"매주 일, 월요일 휴관",,"블라인드가 내려져 있는 창문 앞에 책상과 의자가 있고, 뒤쪽으로 책장에 책들이 꽂혀 있는 모습 좌측에 책이 꽂혀 있는 낮은 책장이 있고, 가운데에 직사각형의 테이블과 의자들이 있는 모습 한국의 대표적인 조각가 최만린이 30년간 거주했던 정릉 자택을 성북구에서 매입하여 성북구립미술관의 운영시설로 조성하였습니다. 이 공간은 1988년부터 2018년까지 최만린 작가의 삶의 터전이자 작품 세계를 만들어 온 작업실이기도 합니다. 30년간의 작가 개인의 역사와 흔적이 켜켜이 쌓여있는 장소가 그 원형을 최대한 간직한 채 공공 미술관으로의 새로운 삶을 살게 되어 매우 뜻깊습니다.",https://korean.visitseoul.net/attractions/%EC%B5%9C%EB%A7%8C%EB%A6%B0%EB%AF%B8%EC%88%A0%EA%B4%80/KOP042352,2025.07.28
KOP002637,미술관&박물관,춘원당 한의약박물관,37.571499941,126.990241904,03139 서울 종로구 돈화문로9길 27 (춘원당한방박물관),http://cwdmuseum.com/,02-3672-2005,월요일~금요일 09:00~18:00 (휴게시간 12:30~13:30) 토요일 09:00~13:00,"일요, 법정공휴일","성인 2,000원 어린이, 청소년, 군인, 60세 이상 1,000원 *미취학 아동 무료","2008년 개관한 춘원당 한방박물관은 탕전실, 품질검사실 및 문화공간, 진료실, 치료실 등으로 총 지하 1층, 지상 6층으로 이뤄져 있습니다. 삼국시대에서 조선시대까지의 한방에 관련된 다양한 유물이 상설전시실에 비치되어 새로운 개념의 한방복합문화 공간으로 인기를 얻고 있습니다. 지하 1층은 공연이나 음악회를 여는 문화 공간이며 춘원당 한방병원의 역사관이기도 합니다. 7대를 이어온 한방병원 선대의 유품들을 전시하고 있습니다. 연대표를 보면서 관람하면 변천사를 한눈에 알 수 있습니다.",https://korean.visitseoul.net/attractions/%EC%B6%98%EC%9B%90%EB%8B%B9-%ED%95%9C%EB%B0%A9%EB%B0%95%EB%AC%BC%EA%B4%80/KOP002637,2025.07.27
KOP003085,미술관&박물관,토탈미술관,37.612141759,126.975628109,03004 서울 종로구 평창32길 8,http://www.totalmuseum.org,02-379-7037,화~일 13:00 ~ 18:00 (입장마감 17:30),-월 -공휴일 -전시준비기간 휴관,웹사이트확인,"토탈미술관의 외관 사진입니다. 2층 규모의 건물이고, 2층에는 테라스가 있습니다. 토탈미술관에는 전시장, 미술관 아카데미, 자료실, 아트숍, 야외 공연장 등이 마련되어 있습니다. 또한, 음악회, 이벤트, 세미나 등 여러 장르를 아우르는 프로그램을 즐길 수 있습니다. 회원을 대상으로 교육 프로그램과 미술관 음악회도 제공합니다. 관람료는 전시에 따라 변동될 수 있습니다. 토탈미술관과 동일선상에 가나아트센터, 김종영갤러리가 있습니다. 평창동의 대표 건축물로도 손꼽히는 갤러리이므로 세 갤러리의 건축물의 구조를 비교해보는 각별한 즐거움을 누리세요.",https://korean.visitseoul.net/attractions/%ED%86%A0%ED%83%88%EB%AF%B8%EC%88%A0%EA%B4%80/KOP003085,2025.07.27
KOP025931,미술관&박물관,통인가게,37.573487422,126.985795055,03148 서울 종로구 인사동길 32,https://tonginstore.net/,02-733-4867,"화요일~토요일 10:30~18:30, 일요일 12:00~17:00",매주 월요일,,"인사동의 가장 오래된 고미술품 전문 갤러리로 1924년 우리나라를 대표하는 고미술 가게로 시작하여 격동기에 문화예술의 중추적인 역할을 하게 되었습니다. 통인가게 속에는 통인화랑이 함께 있기에 고미술과 현대미술이 공존하는 복합 문화 예술공간으로 인사동의 중심이 되었습니다. 우리나라를 대표하는 고미술로 유명하여 세계의 정상들이 즐겨 찾는 곳입니다. 익숙한 민화 속 호랑이가 통인가게의 대표 캐릭터입니다.",https://korean.visitseoul.net/attractions/%ED%86%B5%EC%9D%B8%EA%B0%80%EA%B2%8C/KOP025931,2025.07.15
KOP015863,미술관&박물관,피규어뮤지엄W,37.525800492,127.040386506,"06014 서울 강남구 선릉로158길 3 (청담동, Ys Roo)",http://www.figuremuseumw.co.kr,02-512-8865,주중13:00~17:00 주말 11:00~18:00,"-월요일 (단, 월요일이 공휴일인 경우 개관) -1월 1일 -설날, 추석 연휴 1,2일째","성인(20세 이상) 15,000 청소년(14~19세) 13,500 어린이(4~13세) 12,000 ※ 무료 대상자 및 상세 할인혜택은 공식 홈페이지를 참고해주세요.","피규어뮤지엄W는 다양한 종류의 피규어들과 장난감들이 전시된 박물관입니다. 남녀노소를 불문하고 애니메이션을 좋아하고 피규어에 관심 있는 사람이라면 누구나 좋아할 장소입니다. 현재 상설 전시로는 슈퍼 히어로와 애니 히어로 피규어들이 전시되어 있습니다.",https://korean.visitseoul.net/attractions/%ED%94%BC%EA%B7%9C%EC%96%B4%EB%AE%A4%EC%A7%80%EC%97%84W/KOP015863,2025.07.24
KOP003452,미술관&박물관,한국가구박물관,37.600237841,126.993787646,"02822 서울 성북구 대사관로 121 (성북동, 한국가구박물관)",http://www.kofum.com/,02-745-0181,* 현재 박물관 재정비 중으로 관람 중단 중입니다.,"-일요일, 월요일 -1월 1일 -설날, 추석 연휴","20,000원 초중고생(학생증 제시) 및 장애인, 성북구민(주민등록증 제시) 할인","한국가구박물관 입구 사진입니다. 기와 지붕을 가진 한옥 구조의 대문입니다. 한국가구박물관이라는 글이 쓰여진 현판이 붙어있습니다. 한국가구박물관은 한국 전통 목가구 2,500여 점을 수집, 보존, 전시하는 특수 전문 박물관으로 한국의 옛 가옥 10여 채를 옮겨 놓아 실제 한옥에서 우리 가구의 쓰임새와 생활 방식을 총체적으로 볼 수 있습니다. 지역별로 생산되는 나무와 가구의 형태를 비교해 보는 것도 전시를 즐기는 방법입니다.",https://korean.visitseoul.net/attractions/%ED%95%9C%EA%B5%AD%EA%B0%80%EA%B5%AC%EB%B0%95%EB%AC%BC%EA%B4%80/KOP003452,2025.07.24
KOP041681,미술관&박물관,한국금융사박물관,37.568612224,126.976454367,"04519 서울 중구 세종대로 135-5 (태평로1가, 조흥금융박물관) 3, 4층",https://www.beautifulshinhan.co.kr/,02-2151-7677,10:00 ~ 18:00 (17:00 입장마감),매주 일요일,무료,"신한은행에서 운영하는 한국금융사박물관에서는 더불어 발전해 온 한국 금융의 발전 모습을 한 눈에 살펴 볼 수 있는 기회를 제공하고 있습니다. 또한 한반도 화페 및 금융의 역사를 누구나 쉽게 알 수 있도록 무료 오디오 가이드도 제공하고 있으니 해당 서비스도 놓치지 말고 이용해 보세요.",https://korean.visitseoul.net/attractions/%ED%95%9C%EA%B5%AD%EA%B8%88%EC%9C%B5%EC%82%AC%EB%B0%95%EB%AC%BC%EA%B4%80-KR/KOP041681,2025.07.28
KOP002730,미술관&박물관,한국은행화폐박물관,37.561751166,126.980173172,"100-794 서울특별시 중구 남대문로 39, 한국은행건물 (남대문로3가)",https://www.bok.or.kr/museum/main/main.do,02-759-4881,10:00 - 17:00,"월요일, 설/추석 연휴, 12월 29일 ~ 1월 2일, 근로자의 날, 선거일",무료,"한국은행본관에서는 국내·외 화폐 20,000여 점의 전시를 비롯해 화폐의 제조과정부터 한국 경제의 발전과정까지 방대한 자료를 제공하고 있습니다. 총 네 개의 전시장과 정보자료실로 이루어져 있습니다. 학생과 시민을 위한 화폐 관련 학습장과 문화 공간으로서 개방되었습니다. 전시실 2층에 위치한 세계의 화폐실에서는 170여 개국이 사용하는 화폐를 직접 볼 수 있습니다. 화폐의 소재에서 모양과 크기를 비롯해 화폐에 그려진 각 나라의 대표 유적이나 건축물을 도안 소재로 사용한 작품도 관람할 수 있습니다.",https://korean.visitseoul.net/attractions/%ED%95%9C%EA%B5%AD%EC%9D%80%ED%96%89-%EB%B3%B8%EA%B4%80-%ED%99%94%ED%8F%90%EA%B8%88%EC%9C%B5%EB%B0%95%EB%AC%BC%EA%B4%80/KOP002730,2025.07.27
KOP029394,미술관&박물관,절두산순교성지,37.544537031,126.911947133,"04085 서울 마포구 토정로 6 (합정동, 한국천주교순교자박물관)",http://www.jeoldusan.or.kr/renew/museum1.php,02-3142-4434,09:30~17:00,월요일,,"1866년 병인박해 때 순교한 천주교인의 신앙과 얼을 널리 알리기 위하여 서울 마포구에 1967년 10월 절두산순교기념관으로 개관한 뒤 한국천주교순교자박물관으로 이름을 바꾸었습니다. 박물관 시설은 순례성당, 순교성인의 유해를 모신 성해실, 한국천주교회사 관련 사료와 유물·유품 등이 전시되어 있는 박물관, 야외전시장으로 이루어집니다.",https://korean.visitseoul.net/attractions/%ED%95%9C%EA%B5%AD%EC%B2%9C%EC%A3%BC%EA%B5%90%EC%88%9C%EA%B5%90%EC%9E%90%EB%B0%95%EB%AC%BC%EA%B4%80/KOP029394,2025.07.28
KOP035405,미술관&박물관,국립한글박물관,37.52105929,126.98049621,"04383 서울 용산구 서빙고로 139 (용산동6가, 국립한글박물관)",https://www.hangeul.go.kr/main.do,02-2124-6200,월요일 - 일요일 - 2024년 10월 ~ 2025년 10월 8일 공사 휴관,"1월 1일, 설날 당일, 추석 당일 * 한글도서관 휴관일: 토요일, 일요일, 공휴일(한글날 제외)",무료,"국립한글박물관 외관. 앞쪽에 잔디밭이 있고 계단을 올라가면 정문으로 들어갈 수 있게 되어 있습니다. 국립한글박물관은 우리 민족 최고의 문화유산인 한글의 문자적·문화적 가치를 창출하고 널리 알리기 위해 2014년 10월 9일 문을 열었습니다. 국립한글박물관은 국내외 흩어져 있는 한글 자료를 조사·수집·연구하고 한글의 문화적 다양성과 미래 가치를 전시를 통해 보여주며 세대와 국적을 넘어 소통과 공감을 지향하는 한글 교육으로 한글문화를 꽃피우는 곳입니다. 도시 곳곳에 있는 박물관이며 미술관에서 한국의 고대로부터 첨단의 것까지 풍성한 예술과 역사의 유산을 찾을 수 있습니다." ,https://korean.visitseoul.net/attractions/%ED%95%9C%EA%B8%80%EB%B0%95%EB%AC%BC%EA%B4%80/KOP035405,2025.07.27
KOP003357,미술관&박물관,한상수자수박물관,37.593603608,127.000894874,02836 서울 성북구 성북로16길 4-10 (성북동),https://www.facebook.com/hsskem,0507-1364-1545,화요일~일요일 10:00~17:00 휴게시간 12:00~13:00,월요일,무료,"대한제국과 일제강점기를 거쳐 명맥이 끊긴 한국 자수를 되살리기 위해 1960 년대 유물을 모아 분석하고, 한국의 전통 자수 기법을 복원한 흔적을 전부 보존하는 고유의 공간입니다. 1963 년 문을 연 한국수공예학원이 한상수자수박물관의 시초입니다. 한국 자수를 보존하고 대중에게 알리기 위해 복합문화공간으로 자리매김하였습니다. 국가무형문화재 자수장 한상수의 뒤를 이어 장녀가 2 대 관장으로 박물관을 운영하고 있으며, 3 대 승계를 준비하고 있습니다. 한상수자수박물관에서는 오래 간직하는 손수건, 자투리 모시천으로 만드는 찻잔 받침대를 수놓는 1일 체험 학습을 운영합니다. 한국 전통 자수 기법과 기본 침법을 배우면서 작품도 만들어가는 재미가 있습니다.",https://korean.visitseoul.net/attractions/%ED%95%9C%EC%83%81%EC%88%98%EC%9E%90%EC%88%98%EB%B0%95%EB%AC%BC%EA%B4%80/KOP003357,2025.07.14
KOP011610,미술관&박물관,한성백제박물관,37.515434542,127.120999628,"05540 서울 송파구 위례성대로 71 (방이동, 한성백제박물관)",http://baekjemuseum.seoul.go.kr/ ,02-2152-5800,09:00~19:00 금 09:00~21:00,-월요일 (월요일이 공휴일인 경우 개관) -1월 1일,,"한성백제박물관은 송파구의 고대 역사 유적지에 설립된 시립박물관으로 백제의 역사와 유적을 보존하고 있는 곳입니다. 과거 백제의 유물들을 보존하고 계속해서 연구하고 있는 곳으로 4D 영상 체험을 비롯해 특별 전시관에서는 백제의 역사뿐만이 아닌 다른 시대의 역사도 배울 수 있습니다.",https://korean.visitseoul.net/attractions/%ED%95%9C%EC%84%B1%EB%B0%B1%EC%A0%9C%EB%B0%95%EB%AC%BC%EA%B4%80/KOP011610,2025.07.30
KOP004632,미술관&박물관,서울약령시 한의약박물관,37.580524095,127.037652708,"02570 서울 동대문구 약령중앙로 26 (제기동, 서울한방진흥센터) B2",http://museum.ddm.go.kr,02-969-9241,하절기(3월~10월) 10:00 ~ 18:00 동절기(11월~2월) 10:00 ~ 17:00,-월요일 (월요일이 공휴일인 경우에는 그 다음날을 휴관일로 함) -1월 1일 -설날 -추석,"어린이/청소년 (만 7세-만 18세), 군인 500원 (20인 이상 단체 300원) 어른(만 19세-만 64세) 1,000원 (20인 이상 단체 700원) 동대문구민 어린이, 청소년, 군인 300원 어른 500원","우리나라 최대 한약 유통시장인 약령시에 있는 한의약 박물관은 한의약의 계승과 발전을 위해 다양한 자료를 수집 및 관리, 보존하고 있다. 또한, 한의약의 역사를 비롯해 여러 한약재의 실물 전시를 마련해 한의약에 대한 정보 제공 및 이해를 돕고 있다.",https://korean.visitseoul.net/attractions/%ED%95%9C%EC%9D%98%EC%95%BD-%EB%B0%95%EB%AC%BC%EA%B4%80/KOP004632,2025.06.20
KOP001403,미술관&박물관,허준박물관,37.567868805,126.85102509,07525 서울특별시 강서구 허준로 87 (가양동),https://culture.gangseo.seoul.kr/gsfc/main/contents.do?menuNo=800156,02-3661-8686,하절기(3월~10월) 10:00~18:00 동절기(11월~2월) 10:00~17:00 토/일/공휴일 10:00~17:00 ※ 매표시간은 관람종료시간 1시간 전까지,"-월요일 -1월 1일 -설 당일, 추석 당일","□개인 -일반(19~64세): 1,000원 -학생 및 군경: 500원 □통합관람권(허준박물관과 겸재정선미술관 한 번씩 관람 가능) -일반(19~64세): 1,300원 -학생 및 군경: 700원 ※ 20명 이상 단체는 관람료 할인을 받으실 수 있으며, 사전 예약 필수입니다. ※ 무료 관람의 날 및 무료 관람객에 대한 자세한 사항은 공식 홈페이지를 참고해주세요.","허준박물관은 한의학을 체계화한 구암 허준을 기리기 위해 건립한 한국 최초의 한의학 전문박물관으로 구암공원 내에 위치합니다. 허준 기념실에 허준 관련 유물과 《동의보감(東醫寶鑑)》 제작 과정 및 집필 모형, 허준의 저서와 한의학 관련 고서적 등이 전시되어 있으며 직접 한의학을 체험할 수 있는 체험공간실이 마련되어 있습니다. 체험공간실  :  허준박물관은 자치구에서 운영하는 박물관 가운데 단연 돋보입니다. 체험공간을 엿보면 그 비밀을 알 수 있습니다. 체험공간에는 실재 한약재와 약재 기기를 배치해 누구나 손쉽게 만져볼 수 있습니다. 약재를 직접 갈고 빻는 게 신기하기는 어른이나 아이가 매한가지! 직접 한약재를 만지고 그 향를 맡아보니 절로 호기심이 듭니다. 약재를 약 봉지에 싸보는 체험이나 사상의학에 의거한 스스로의 체질을 알아보는 코너도 인기있습니다.",https://korean.visitseoul.net/attractions/%ED%97%88%EC%A4%80%EB%B0%95%EB%AC%BC%EA%B4%80/KOP001403,2025.07.24
KOP005546,미술관&박물관,호림박물관 (신사분관),37.52269779,127.036421526,"06021 서울 강남구 도산대로 317 (신사동, 호림아트센터 1빌딩)",https://www.horimmuseum.org/ko,02-541-3525,AM 10:30 ~ PM 06:00 (입장 마감 PM 5:00) - 7/27~9/1 신사분관 전시 교체로 인한 임시휴관,"-매주 월, 일 -1월 1일 -설날, 추석 연휴","○ 개인 일반 10,000원 청소년, 대학생 7,000원 경로우대(만 65세이상)/ 장애인 7,000원 문화의 날 (매월 마지막주 목요일) 무료 미취학 아동 무료 * 단체는 20인 이상이며, 전화로 문의 및 예약해주시기를 바랍니다.","호림박물관 신사분관의 외관입니다. 건물 벽면에 '박물관, 도서관을 만나다. The Librarium.'이라고 적혀져 있습니다. 호림박물관 신사분관은 총 세 개의 건물로 이루어져 있으며, 그중 5층 규모의 박물관동 2, 3, 4층에서 고미술품을 비롯한 현대 작가들의 기획전을 전시하고 있습니다. 최근에는 다양한 장르를 아우르는 특별전시전도 제공하고 있습니다. 매월 마지막 주 목요일에 무료 관람을 시행하고 있습니다.",https://korean.visitseoul.net/attractions/%ED%98%B8%EB%A6%BC%EB%B0%95%EB%AC%BC%EA%B4%80%EC%8B%A0%EC%82%AC%EB%B6%84%EA%B4%80/KOP005546,2025.07.27
KOP004101,고궁,홍지문 탕춘대성,37.52269779,127.036421526,03021 서울특별시 종로구 세검정로 212 (홍지동),,02-120,상시개방,,,"홍지동에 자리한 탕춘대성의 성문인 홍지문은 조선시대 숙종 41년에 서울 도성과 북한산성을 보완하기 위해 세워졌습니다. 한성의 북쪽에 있다 하여 한북문이라고도 불렸습니다. 숙종이 친필로 홍지문이라는 편액을 하사하였기 때문에 공식적인 명칭이 홍지문이 되었습니다. 홍지문을 지나면 가장 먼저 홍예교를 만나게 됩니다. 홍예교의 본래 이름은 오간대수문입니다. 홍지문 북쪽으로 홍제천을 가로질러 홍지문과 같이 설치한 것으로 1921년 8월 홍수로 붕괴된 것을 1977년 무지개 모양의 다리인 홍예교로 복원하였습니다.",https://korean.visitseoul.net/attractions/%ED%99%8D%EC%A7%80%EB%AC%B8-%ED%83%95%EC%B6%98%EB%8C%80%EC%84%B1/KOP004101,2025.08.02
KOP001999,고궁,흥인지문(동대문),37.571114031,127.009715719,"03119 서울 종로구 종로 288 (종로6가, 흥인지문)",,02-731-0412,24시간 개방,,,"보물 제1호 흥인지문(興仁之門)은 한성부를 보호하기 위해 만든 서울 성곽의 여덟 성문 가운데 동쪽의 큰 대문에 해당합니다. 동대문이라는 이름도 거기서 기인했습니다. 조선 태조 7년(1398)에 완성되었고 고종 6년(1869)에 개보수되었습니다. 흥인지문은 중앙에 홍예문을 두고 정면 5칸, 측면 2칸의 중층문루를 세워 지은 2층 건물입니다. 지붕은 앞에서 볼 때 사다리꼴 모양을 한 우진각으로 되어 있습니다. 기둥 위의 공포는 다포양식입니다. 모양새가 가늘고 연약해 보이며 장식이 강조된 것이 조선 후기 양식을 잘 드러냅니다. 흥인지문은 조선 후기의 섬세하고 화려한 아름다움을 지닌 문화재로 현재는 좌우의 성벽이 모두 헐러져 나가 도로 가운데 성문만 남았습니다. 하지만 숭례문 화재 이후에 그 소중함이 한층 더해진 우리네 문화재입니다.",https://korean.visitseoul.net/attractions/%ED%9D%A5%EC%9D%B8%EC%A7%80%EB%AC%B8%EB%8F%99%EB%8C%80%EB%AC%B8/KOP001999,2025.08.01
KOPx138ls,미술관&박물관,거안,37.574251002,126.984835792,"03146 서울 종로구 인사동길 44 (관훈동, 쌈지길)",https://www.instagram.com/geoan_official/,0507-1406-8815,11:00~18:00,없음,,"시카고에서 가구를 전공한 아들이 신기술과 디자인 감각을 더해 더욱 아름다운 가구를 만들고 있습니다. 제품은 느티나무를 주로 선택하여 사용하고 질 좋은 최고의 목재들을 가지고 있습니다. 전통과 감성공간에서 나만의 수공예 작품을 직접 만들어볼 수 있는 문화 체험 공방들 새김소리는 인사동에 위치한 수제도장 전문점으로, 세상에 단 하나뿐인 나만의 도장을 만들 수 있는 곳입니다.",https://korean.visitseoul.net/attractions/2023080/KOPx138ls,2025.07.23
KOPrisi5i,미술관&박물관,이길이구 갤러리,37.519749558,127.021480272,06034 서울 강남구 강남대로158길 35 (신사동),https://www.2gil29gallery.com/,02-6203-2015,10:00~18:00,"일요일, 월요일 정기휴무 9/16~18 추석 연휴 휴무",,"다양한 관심과 많은 사람들, 역동적인 서울의 문화를 느낄수 있는 강남 신사동, 가로수길에 위치한 이길이구 갤러리는 2015년에 개관한 이후 지금까지 동시대 예술문화를 대중에게 적극적으로 소개해 왔습니다. 지금까지 홍정희, 최선호, 백남준, 임영균, 강석영 등 한국 미술계의 중심 축 작가들과의 활발한 교류를 비롯해 권영호, 찰리한 등의 작품을 소개하며 한국 미술 시장의 다각화를 목표로 두고 있습니다.  이길이구 갤러리의 전시 큐레이팅은 폭넓은 범위의 창작물을 바탕으로 더욱 긍정적이고 발전적인 예술 담론의 원천을 이끌어 내며 예술을 향한 더 깊은 소통과 교감을 통해 단순히 작품에 대한 시청각적 접근을 넘어서, 작가와의 유의미한 심미적·정신적 교류로써 창작활동의 가치를 한층 더 빛나게 하고 있음을 자부합니다. 뿐만아니라 업사이클 작가 홍지희, 가수에서 화가로 변모한 유현석 작가, 영국 UAL 출신 권재혁 등 신진작가 발굴 및 양성에도 힘쓰고 있습니다.",https://korean.visitseoul.net/attractions/2024-2Gil29Gallery/KOPrisi5i,2025.07.29
KOP72zzo1,미술관&박물관,아트사이드 갤러리,37.578257034,126.972943308,"03044 서울 종로구 자하문로6길 15 (통의동, 갤러리 아트싸이드)",https://artside.org/,02-725-1020,화요일~토요일 10:00~18:00,"일요일,월요일 정기휴무 9/16~18 추석 연휴 휴무",무료,"1999년 인사동에 개관한 아트사이드 갤러리는 사이드(Side), '예술이란 주변의 끊임없는 중심화'라는 신조로, 국내외 작가들에게 창작 활동 방향을 다양하게 제시하며 작가와 미술 시장의 경계를 잇는 통로의 역할을 지향합니다. 아트사이드가 가진 신념과 시각을 바탕으로 한국과 중국 등 아시아와 유럽 각지의 역량 있는 작가들의 다양한 작품세계를 국내외 미술계에 소개해오고 있습니다. 2010년 통의동으로 이전해 꾸준히 아트사이드 갤러리만의 색깔을 지닌 작품들로 전시기획을 해오고 있으며 여러 국내외 아트페어 참여를 통해 국제 미술 시장의 문화를 개방하고 국제적 규모의 갤러리로 자리매김했습니다.",https://korean.visitseoul.net/attractions/2024-artside/KOP72zzo1,2025.06.30
KOPl8f5md,고궁,창덕궁 후원,37.586641863,126.992084992,"03072 서울 종로구 율곡로 99 (와룡동, 창덕궁)",https://royal.khs.go.kr/ROYAL/contents/R702000000.do,02-3668-2300,"한국어 11~2월 10:00~15:00 (1시간 간격으로 입장 가능) 3~10월 10:00~16:00 (1시간 간격으로 입장 가능) 영어 12~2월 10:30 / 11:30 / 14:30 3~11월 10:30 / 11:30 / 14:30 / 15:30 일본어 1~12월 13:30 (매주 수,금,일요일 운영) 중국어 1~12월 12:30 (매주 화,목,토요일 운영) * 언어권별 입장 제한 1회당 100명 (인터넷 예매 50명+현장발매 50명) * 후원 외국인 관람 시간 내국인 입장 불가 (단, 외국인 동반자가 있는 경우 내국인 최대 2명까지 입장 가능)","매주 월요일 휴관(정기휴관일이 공휴일 및 대체휴일과 겹칠 경우에는 개방하며, 그다음의 첫번째 비공휴일이 정기휴일임)","일반 (만 19세 이상, 경로 포함) 5,000원 청소년 (만 7세~만 18세) 2,500원","창덕궁 후원은 창덕궁 내부에 있는 정원으로 조선왕궁의 놀이와 잔치 장소로 활용된 대표적인 조원(造園) 유적입니다. 규모는 약 135,200여 평에 이르는 거대한 왕실 후원으로 현재까지도 들어갈 수 없는 곳이 많습니다. 과거에는 일반 백성들은 접근할 수 없는 조선 왕실의 금원이었습니다. 북악산의 매봉을 등지고 곳곳에 연못이 배치되어 있으며 현재 남아 있는 연못으로는 부용정이 있는 부용지, 애련지, 장방지, 반월지 등이 있다. 후원 속에 배치되어 있는 정자와 건물들의 조성을 보면 우리나라 건축의 특성을 알 수 있는 배치 기법과 자연을 이용하는 법식을 잘 나타내고 있는 것이 특징입니다.",https://korean.visitseoul.net/attractions/2024-cdggarden/KOPl8f5md,2025.08.03
KOP024613,미술관&박물관,그라운드서울,37.573469755,126.983623709,03145 서울 종로구 인사동9길 26,http://www.groundseoul.com/,1661-9131,10:00 ~ 19:00 (전시별 상이),전시별 상이,,"그라운드서울(ground seoul)은 연면적 1,500평에 이르는 공간으로, 특색 있는 지하공간 구성에 따른 자연채광이 아름다운 전시장입니다. 그라운드서울에서는 전시, 공연, 이벤트, 파티 등이 동시에 어우러지며 누구나 쉽게 예술을 접할 수 있는 인사동의 대표 복합문화공간으로 자리매김할 것 입니다.",https://korean.visitseoul.net/attractions/2024-groundseoul/KOP024613,2025.06.05
KOPxua216,미술관&박물관,갤러리모순,37.566244075,126.972201078,"04518 서울 중구 정동길 33 (정동, 신아일보) 203호",https://www.mosoon.co/,0507-1436-0433,12:00~18:00,"일요일, 월요일",,"정동길에 자리한 100년 근대문화유산 '신아기념관' 안에서 한국의 공예와 미술을 전문으로 소개하는 갤러리입니다. 갤러리에 전시된 공예품들부터 먼 길을 찾아오는 관객들이 갤러리를 오고 가는 행위 자체가 전시의 일부처럼 느껴지길 바라며 이 곳에 갤러리를 열었습니다. 신아기념관에 위치한 다른 공간들과 달리 벽면과 천장을 화이트큐브로 리모델링해 조금 더 현대적인 느낌을 받을 수 있습니다. 시기마다 달라지는 전시들에 맞추어서 공간에서 들려오는 플레이리스트, 향기, 가구 등 모든것을 새로 선보입니다.",https://korean.visitseoul.net/attractions/2024-mosoon/KOPxua216,2025.07.29
KOPzcpf02,미술관&박물관,삼세영,37.613631896,126.97829292,03003 서울 종로구 평창44길 2 (평창동) 삼세영,https://www.samseyoung.com/,02-391-0333,11:00-18:00,일요일~월요일,무료,"삼세영은 과거, 현재, 미래를 아우르는 문화 예술 공간이 되고자 합니다. 2021년 12월에 개관한 삼세영은 대표가 20년동안 수집한 고미술을 통해 과거를 돌아보고, 지금 이 시대를 살아가는 문화 예술인들과 함께하며 현재를, 그리고 이를 넘어 미래를 보고자 하는 공간입니다.",https://korean.visitseoul.net/attractions/2024-samsy/KOPzcpf02,2025.07.29
KOPxj9byw,미술관&박물관,갤러리 지우헌,37.583311813,126.98294732,03052 서울 종로구 북촌로11라길 13 (가회동),https://designhouse.co.kr/indexmain/lists?category=J,0507-1342-7964,화요일~토요일 10:00~18:00 (휴게시간 12:30~13:30),"매주 일요일, 월요일, 공휴일",,"갤러리 지우헌은 ㈜디자인하우스에서 운영하는 전시 공간으로 북촌한옥마을에 위치하고 있습니다. 한옥을 개조한 독특한 구조로 전통적인 미감과 현대적인 편의성을 두루 갖추고 있으며, 2016 서울우수한옥으로 선정되었을 만큼 뛰어난 건축미를 갖고 있습니다. 과거의 역사를 담고 있는 공간에서 현대미술을 조명하는 시공간적 특징을 가진 갤러리로서 동시대 미술의 흐름에 동참하며 국내·외 괄목할 만한 신진 작가 발굴을 도모합니다.",https://korean.visitseoul.net/attractions/GalleryJiwooheon/KOPxj9byw,2025.06.30
KOP023606,고궁,혜화문,37.587880893,127.003781834,"03076 서울 종로구 창경궁로 307 (혜화동, 혜화문)",,02-120,24시간,연중무휴,무료,"서울 성북구 동소문동에 있었던 조선시대의 성문. 조선왕조가 건국되고 5년 뒤인 1397년(태조 5)에 도성을 에워싸는 성곽을 축조하면서 함께 세워졌으며, 소문 가운데 동문과 북문 사이에 위치하였으므로 '동소문'이라고도 합니다.",https://korean.visitseoul.net/attractions/Hyehwamun/KOP023606,2025.08.02
KOP037044,미술관&박물관,KCDF갤러리,37.574007057,126.984127356,"03145 서울 종로구 인사동11길 8 (관훈동, 공예종합유통지원센터)",https://www.kcdf.or.kr,02-732-9382,"- 전시장 화요일~일요일 10:00~18:00 - 공예정원 화요일~일요일 10:00 ~ 19:00 (휴게시간 12:00 ~ 13:00) - KCDF 자료실 화요일~금요일 09:00~18:00, 토요일 10:00~19:00 (12:00~13:00 점심시간)",,,"전통의 거리, 인사동에 위치한 공예전시 전문 공간KCDF갤러리는 공예 산업의 진흥을 도모하고, 공예인들을 위한 소통과 일상에서의 공예 소비 문화 확산에 기여하기 위하여 조성되었습니다. 공예디자인 문화 산업 종사자들을 위한 전시와 교육, 세미나 공간과 함께 다양한 공예디자인 관련 서적과 자료를 갖춘 연구 공간인 KCDF 도서관이 위치해 있으며, 1층 KCDF 갤러리샵에서는 한국을 대표하는 장인, 작가들이 만들어낸 우수 공예 상품들을 구입할 수 있습니다. 한국공예·디자인문화진흥원은 공예와 공공디자인, 전통생활문화의진흥을 위하여 설립된 문화체육관광부 산하 공공기관입니다.창의적인 공예문화, 디자인문화, 전통생활문화의 확산과 진흥을 통하여한국 문화의 정체성을 확립하고 경쟁력을 강화하여국민 삶의 질 향상에 기여하고자 합니다.",https://korean.visitseoul.net/attractions/KCDF%EA%B0%A4%EB%9F%AC%EB%A6%AC/KOP037044,2025.07.28
KOP024741,미술관&박물관,국립현대미술관 서울관,37.5786139,126.980570702,03062 서울 종로구 삼청로 30 (소격동),http://www.mmca.go.kr/main.do,02-3701-9500,"10:00 ~ 18:00 (월,화,목,금,일) 10:00 ~ 21:00 (수, 토 야간개장)","1월1일, 설날, 추석",무료,"국립현대미술관 서울관의 입구 사진입니다. 붉은 벽돌로 지어진 3층 건물입니다. 입구 왼쪽에 한글로 '국립현대미술관 서울관'이 쓰여있고, 오른쪽에는 영어로 'National Mueseum of Modern and Contemporary Art, Seoul'이라고 쓰여있습니다. 국립현대미술관 서울관은 민현준 건축가에 의해 설계되어 '문화의 거리' 삼청로에 2013년 11월 개관하였습니다. 서울관 부지는 조선시대 소격서, 종친부, 규장각, 사간원이 있던 자리로서 한국 전쟁 후에는 국군수도통합병원, 기무사 등이 위치했던 역사적 유래를 가진 정치, 문화의 중심지입니다. 국립현대미술관 서울관은 전시동 및 교육동을 비롯하여 디지털정보실, 멀티프로젝트홀, 영화관 등 다양한 시설을 갖춘 복합문화예술센터입니다. 현대미술의 흐름을 한 눈에 볼 수 있는 다채로운 전시와 영화, 공연, 교육 등을 통해 다양한 장르의 문화예술을 만날 수 있습니다. 또한 마당으로 둘러싸인 서울관은 옛 기무사 건물과 종친부가 조화를 이루고, 멀리 겸재 정선의 인왕제색도 안에 담긴 인왕산의 모습도 감상할 수 있습니다.",https://korean.visitseoul.net/attractions/National-Museum-of-Modern-kr/KOP024741,2021.10.15
KOP002885,미술관&박물관,PKM갤러리,37.584090212,126.980085084,"03049 서울 종로구 삼청로7길 40 (삼청동, 피케이엠 갤러리)",http://www.pkmgallery.com/,02-734-9467,10:00 ~ 18:00,월요일,무료,"2001년 개관한 PKM갤러리는 회화, 조각, 영상 등 다양한 매체를 다루고 있습니다. 목표는 컬렉터들이 의지하고 믿을 수 있는 갤러리라고 합니다. 이불, 호르헤 파르도, 마이클 주, 스페판 프리나 등 다양한 작가의 작품을 전시합니다. PKM갤러리 가까이에는 크고 작은 갤러리들이 모여있습니다.",https://korean.visitseoul.net/attractions/PKM%EA%B0%A4%EB%9F%AC%EB%A6%AC/KOP002885,2025.07.24
KOP024732,미술관&박물관,SJ쿤스트할레,37.520508598,127.034917251,06054 서울 강남구 언주로148길 5 (논현동),http://sjkunsthalle.com/,0507-1402-9722,평일 09:00 - 18:00 대관문의 평일 11:00 - 22:00 카페 평일 11:00 - 18:00 피규어갤러리(JDstudio),,,"SJ쿤스트할레는 회의과 토론을 하는 문화예술적 플랫폼으로 만들어져 전시, 파티, 공연, 패션쇼, 워크숍 같은 프로그램과 연계된 일상 예술을 제공합니다. 을 의미, 고정된 갤러리가 담아 내지 못 했던 다양한 문화를 자유롭게 표현하고자 여백의 넓은 공간감의 인테리어로 문화의 다양성을 확고하고 창조적 문화의 실험공간으로 큐레이팅이 가능하며 예술을 시도하여 전 세계의 트렌드 세터 들의 이목을 끄는 문화 예술 혁신의 공간입니다.",https://korean.visitseoul.net/attractions/SJ-KUNSTHALLE-kr/KOP024732,2025.07.27
KOPl3j0oy,미술관&박물관,서울시립 사진미술관,37.655514984,127.048947827,01411 서울 도봉구 마들로13길 68 (창동) 서울시립 사진미술관,https://sema.seoul.go.kr/kr/visit/photo_museum,02-2124-7600,"화~금 10:00-20:00 토,일,공휴일 하절기(3-10월) 10:00-19:00 동절기(11-2월) 10:00-18:00 문화가 있는 날(매월 마지막 주 수요일) 10:00-22:00","1월 1일, 매주 월요일 휴관 * 월요일이 공휴일인 경우 정상 개관",무료,"서울시 도봉구 창동에 새롭게 문을 연 서울시립 사진미술관은 서울시립미술관의 분관이자 10여년 간의 준비기간을 거쳐 탄생한 국내 최초이자 유일의 사진 매체 특화 공립미술관입니다. 사진문화 전반을 아우르는 창의적이고 실험적인 전시와 프로그램 & 심도 있는 연구 & 수집 & 보존 활동으로 국내뿐 아니라 아시아의 새로운 사진 예술 중심지로 거듭나기 위해 다채로운 활동을 이어갈 계획입니다. 특히 전시실 뿐 아니라 전 연령을 아우르는 교육 프로그램이 진행될 교육실과 암실 포토라이브러리 포토북카페 등 방문객들이 사진의 영향력과 예술적 가치를 경험할 수 있는 시설들을 갖추고 있습니다. 건축은 오스트리아 건축가 믈라덴 야드리치(Mladen Jadric, Jadric Architektur ZTGmbH 대표)와 일구구공도시건축(대표 윤근주)이 빛으로 그리는 그림인 사진의 픽셀을 형상화하여 구현하였습니다.",https://korean.visitseoul.net/attractions/SeMA-photo-museum/KOPl3j0oy,2025.06.23
KOPeenv2i,미술관&박물관,서울백제어린이박물관,37.516516391,127.122686652,05540 서울 송파구 올림픽로 424 서울백제어린이박물관,https://baekjemuseum.seoul.go.kr/dreamvillage/,02-2152-5900,[평일] 9:00 ~ 18:00(자율관람) *17:30 입장마감 [주말 및 공휴일] 9:30 ~ 17:30(사전예약),"매주 월요일 휴관, 1월 1일 *월요일이 휴일인 경우 정상개관",무료,"서울백제어린이박물관은 몽촌토성이 고대국가 백제의 왕성이었다는 사실과 서울의 2천년 도시 역사, 한강유역의 고대문화 등을 전시 · 교육하는 강남권 유일의 어린이박물관입니다. 서울백제어린이박물관은 한성백제박물관 소속 박물관으로서, 2024년 5월 재개관하였습니다. 백제의 왕성이었던 풍납동 토성과 몽촌토성 그리고 석촌동 고분군 등에서 출토된 다양한 유물을 전시하고 있으며, 서울의 고대 역사와 문화를 몸소 느끼고 체험할 수 있는 다양한 교육프로그램 및 문화행사를 운영하고 있습니다.",https://korean.visitseoul.net/attractions/SeoulBaekjeChildrensMuseum/KOPeenv2i,2025.07.15
KOPx6grff,미술관&박물관,예술의전당 서울서예박물관,37.479265179,127.013901572,"06757 서울 서초구 남부순환로 2406 (서초동, 예술의전당)",https://www.sac.or.kr,1688-1352,화-일 10:00-19:00,월요일,"전시별 상이, 홈페이지 참조","한가람미술관은 예술의 전당 전면의 왼쪽에 위치해 있습니다. 예술의 전당에서 제공하는 여러 프로그램과 연계된 공간입니다. 전시실과 수장고, 아트숍 등이 갖춰져 있으며 최적의 전시환경을 자랑합니다. 에드바르 뭉크, 베르나르 뷔페, 파블로 피카소 등 세계 유명 화가들의 기호기 전시도 자주 열리는 곳입니다. 대부분의 전시는 사진촬영이 금지되어 있으며 관람 예절을 지키는 것도 중요합니다. 야외 공간에 위치한 계단 광장에서는 아트마켓과 야외 페스티벌, 하절기 시즌 야외 카페 운영 등 열린 공간으로 조성되어 있고, 대중 프로그램을 수용하는 공간으로써 다양한 행사가 진행되고 있어 색다른 문화적 경험을 누릴 수 있습니다.",https://korean.visitseoul.net/attractions/SeoulCalligraphyMuseum/KOPx6grff,2025.08.14
KOPn1ua1r,미술관&박물관,서울시립과학관,37.642606306,127.07699624,"01792 서울 노원구 한글비석로 160 (하계동, 서울시립과학관)",https://science.seoul.go.kr/main,02-970-4500,화요일~금요일 09:30~17:30,"매주 월요일 휴관, 1월 1일, 설·추석 당일","19세 이하(0세~19세) : 무료(티켓 없이 관람) 성인(20세~64세) : 2,000원 20인 이상 성인 단체 입장 시 : 1,000원 ＊관람료 면제 대상 -6세 이하 및 65세 이상인자 -「장애인복지법」 에 의한 장애인 및 동행 보호자 1명 -국민기초생활보장수급자 -다둥이 행복카드 소지자 및 그 가족 -과학의 날(4.21.), 어린이 날(5.5.) -국가유공자와 그 유족 및 가족 -국빈, 외교사절단 및 그 수행자 -서울특별시명예시민증 수여받은자 -병역명문가증 소지자 -공무수행을 위하여 출입하는 자 -20명 이상 단체의 인솔자(20명당 1명)","서울시립과학관은 강북권역에 과학문화시설을 확충해 지역별 과학문화 격차를 해소하고 서울의 권역별 균형발전을 도모하기 위해 노원구 하계동에 서울시 최초로 2017년에 개관하였습니다. 청소년 대상 과학체험관으로 6개 상설전시관에 221종 전시물,수도권과학관 순환전시물인특별기획전(사물의 역사2) 전시장을 운영하고 있으며, 가족이 함께 즐기는 과학 만들기 체험학습, 초․중․고 단체과학수업, 전문가 특강, 과학실험, 자연생태 프로그램 등 다양한 교육 및 행사를 진행하고 있습니다.",https://korean.visitseoul.net/attractions/SeoulScienceMuseum/KOPn1ua1r,2025.06.23
KOP022888,고궁,숭례문(남대문),37.559925768,126.975364906,04528 서울 중구 세종대로 40 (숭례문(남대문)),,02-779-8547,화요일~일요일 09:00-18:00,월요일,무료,"서울 도성의 남쪽 정문이라서 통칭 남대문(南大門)이라고 불립니다. 1395년(태조 4)에 짓기 시작하여 1398년(태조 7)에 완성되었고, 1447년(세종 29)에 개축하였습니다. 이 문은 중앙부에 홍예문(虹 門)을 낸 거대한 석축기단 위에 섰으며, 현존하는 한국 성문 건물로서는 가장 규모가 큽니다. 1962년 12월 20일 국보 제1호로 지정되었습니다. 현존하는 서울의 목조건물(木造建物) 중 가장 오래된 건물로, 2008년 2월 10일에 발생한 화재로 2층 문루가 소실되고 1층 문루 일부가 불에 타 복구했습니다.",https://korean.visitseoul.net/attractions/Sungnyemun/KOP022888,2025.06.24
KOP9q04ig,미술관&박물관,THEO 띠오,37.509105241,127.052810615,"06156 서울 강남구 봉은사로68길 55-3 (삼성동, BANG2011) 지하 1층",https://gallerytheo.com/,02-556-7290,13:00~19:00,"월요일, 일요일, 공휴일",무료,"한국미술의 폭 넓은 스펙트럼과 다양성이 돋보이는 갤러리 띠오(THEO)는, 2020년 영국과 미술 시장에서 경력을 쌓은 두 명의 디렉터가 국제적 전문성과 네트워크를 한국 미술계에 도입하기 위해 설립되었습니다. 세계 문화유산으로 지정된 선정릉 앞에 위치한 띠오는, 예술 장르에 관계 없이 젊고 재능 있는 한국 예술가들을 지원하고 그들의 작품에서 잠재력을 찾아내는 데 전념하고 있습니다. 한국의 예술가들에게 플랫폼을 제공하여 그들이 성장하고 발전할 수 있도록 적극적으로 지원합니다. 또한 띠오는 해외 작가들을 한국 및 아시아 작가들에게 소개하며, 국가를 넘어 세계의 문화 간 교류를 촉진하고 예술적 담론을 확장하기 위해 노력하고 있습니다. 현재까지도 띠오는 전 세계 다양한 작가들의 전시회를 개최하고 있습니다. 이곳은 도전적인 프로젝트와 예술가들의 우수성에 대한 헌신을 바탕으로, 예술가들이 함께 공존하고 번영할 수 있는 공간으로 나아갈 예정입니다.",https://korean.visitseoul.net/attractions/THEO/KOP9q04ig,2025.07.29
KOP023761,미술관&박물관,돈의문 박물관 마을,37.568825387,126.968525681,"03178 서울 종로구 송월길 14-3 (신문로2가, 국도빌딩)",http://dmvillage.info/,02-739-6994,10:00~19:00,"월요일, 1월1일",무료,"2017년 9월, 서대문역 근처 강북삼성병원과 서울시립박물관 사이에 '돈의문 박물관 마을'이 개장했습니다. 돈의문 터 근처의 돈의문 박물관 마을은 근현대에 조성되었던 골목길과 주택들을 활용한 공간으로 새롭게 조성한 서울의 새 명소입니다. 돈의문 박물관마을은 옛 새문안동네를 '서울형 도시재생'방식으로 개조해 만들어졌습니다. 기존 가옥 63채 가운데 총 40채를 유지·보수했고, 일부 집을 허문 자리에 넓은 마당을 조성했습니다. 근현대 건축물과 조선시대 골목길, 언덕 등이 어우러져 전체가 박물관마을이 되는 새로운 문화의 장으로 재탄생했습니다. - 돈의문역사관, 돈의문구락부, 서울미래유산관, 6080감성공간(생활사전시관, 새문안극장, 서대문사진관 등) ○ 고즈넉한 한옥에서 근현대 문화예술을 배워보는 ‘예술가의 시간’(한옥동 9곳) -양말목 공예, 한지 공예, 매듭 공예, 전통 탈 시계 만들기, 단오선 만들기 등 다채로운 체험프로그램 진행-돈의문마켓, 돈의문시간여행클럽, 이머시브시어터(‘백년의 밤’),추억의 음악다방(토요일 오전12시~오후3시), 돈의문 야학당 건물 내부는 물론 마당, 골목길, 담벼락 등 마을 곳곳이 전시관이자 놀이터입니다. '마을마당'에서는 공연, 플리마켓, 푸드트럭 등 연중 문화행사가 열리고, '마을골목'은 철거민의 애환 등 옛 새문안동네의 이야기를 말하고 있습니다. 돈의문은 서울 도성의 서쪽 문으로, 흔히 ‘서대문’이라고 불리며 1915년 3월 도로 확장공사를 위해 철거되었습니다.",https://korean.visitseoul.net/attractions/doneuimunmuseumvillage/KOP023761,2025.06.08
KOP023605,고궁,광희문,37.564440586,127.010459411,04612 서울 중구 퇴계로 350 (신당동),,02-3369-5882,24시간,연중무휴,무료,"시구문(屍軀門) ·수구문(水口門)이라고도 하였으며 서소문(西小門)과 함께 시신(屍身)을 내보내던 문입니다. 1719년 문루를 세워서 광희문이라는 현판을 걸었습니다. 그 후 1975년 도성복원공사의 일환으로 석문을 수리하고 문루를 재건하였습니다.",https://korean.visitseoul.net/attractions/gwangheemun/KOP023605,2025.08.02
KOPbnvhzx,미술관&박물관,호호재 서울,37.582100324,126.981153106,03054 서울 종로구 삼청로 71-7 (팔판동),https://www.instagram.com/hohojae_seoul,0507-1363-8598,화-일 11:00-19:00,매주 월요일,,"공간과 작품이 잘 어우러지는 전시를 볼 수 있는 한옥 갤러리입니다. 나비 호(蝴)자를 쓰지만 ‘호호’ 웃음이 나는 공간으로 만들고 싶다는 마음을 담은 이름으로 대중이 쉽게 공감할 수 있는 작품 위주로 선보입니다. 1층에는 아늑한 마당과 작은 화단이 있고, 2층에는 커다란 창 너머로 팔판동의 한옥 지붕을 감상할 수 있어 한국적인 아름다움을 만끽할 수 있습니다.",https://korean.visitseoul.net/attractions/hohojae-seoul/KOPbnvhzx,2025.06.04
KOP023533,미술관&박물관,서울하수도과학관,37.557556,127.06525,"04809 서울 성동구 자동차시장3길 64 (용답동, 중랑물재생센터)",https://sssmuseum.org/main/,02-2211-2540,09:00~17:00,"-월요일 -1월 1일 -설날, 추석 당일",무료,"서울하수도과학관은 우리나라 최초의 하수처리장 부지에 2017년 설립되어 하수도의 과거와 현재 그리고 미래를 전시하고 있습니다. 다양한 볼거리와 교육프로그램을 통해 환경교육의 중심지이자 생활 속의 문화시설로 굳건히 자리매김하고 있습니다.",https://korean.visitseoul.net/attractions/seoulnew/KOP023533,2020.11.27
KOP038858,랜드마크,가을단풍길(월드컵로),37.578185581,126.881709498,03906 서울 마포구 월드컵로42길 9-1 (가로판매대07),,,,,,"월드컵로 단풍길에서 산책을 하고 있는 흰색 강아지와 사람 다리 한쪽의 모습 난지천공원을 따라 쭉 펼쳐지는 월드컵로 가을단풍길은 끝없이 펼쳐진 나무와 양옆의 푸르른 공원 뷰로 산책하기 좋은 곳입니다. 특히 가을이 되면 월드컵경기장 사거리부터 구룡사거리까지 알록달록한 단풍들이 길을 더욱 아름답게 만들어줍니다.",https://korean.visitseoul.net/attractions/%EA%B0%80%EC%9D%84%EB%8B%A8%ED%92%8D%EA%B8%B8%EC%9B%94%EB%93%9C%EC%BB%B5%EB%A1%9C/KOP038858,2025.08.01
KOP001151,역사적 장소,경교장,37.568396079,126.968026238,03181 서울 종로구 새문안로 29 (경교장),https://museum.seoul.go.kr/www/intro/annexIntro/annex_21/annex_21_01.jsp?sso=ok,02-735-2038,09:00 ~ 18:00 (17:30까지 입장 가능),-월요일 -1월 1일,무료,"경교장은 대한민국 임시정부의 주석이었던 백범 김구(金九)가 사용했던 개인 사저로 서울 종로구에 있습니다. 민족진영 인사들의 집결처로 이용되었으며 김구가 집무실에서 안두희의 흉탄에 의해 서거한 곳이기도 합니다. 경교장의 발자국 경교장 방 한가운데에는 두 개의 발자국이 있습니다. 안두희가 김구 선생에게 총을 쐈던 위치입니다. 발자국은 백범의 책상이 있는 창가를 향합니다. 아마도 두 발의 총알은 백범의 얼굴을 관통하고 창문을 지났을 것입니다. 그 자리에 서면 오늘을 살아가는 자신의 모습을 되돌아보게 됩니다.",https://korean.visitseoul.net/attractions/%EA%B2%BD%EA%B5%90%EC%9E%A5/KOP001151,2025.08.04
KOP016319,랜드마크,광화문야경,37.571620049,126.976764929,03154 서울 종로구 세종대로 지하 172,http://plaza.seoul.go.kr/gwanghwamun,02-120,도심 열린 광장으로 연중 24시간 상시 개방,연중무휴,무료,"종로구 세종로에 위치한 광화문광장은 크게 광화문에서 청계천 방향으로 '광화문의 역사를 회복하는 광장', '육조거리의 풍경을 재현하는 광장', '한국의 대표 광장', '시민들이 참여하는 도시문화 광장', '도심 속의 광장', '청계천 연결부'로 나뉩니다. 개별 공간의 특성을 바탕으로 역사성을 부활하고 문화와 휴식의 공간으로서 기능을 갖습니다. 특히 '한국의 대표 광장'은 세종대왕 동상이 자리해 광장의 구심점 역할을 합니다. 오가는 사람들의 발길로 항상 떠들썩한 광화문 광장이지만 밤에는 고요하고 아름다운 야경 명소가 됩니다. 인왕산 자락을 배경으로 600년을 내려온 서울 경관의 중심이기에 야경뿐만 아니라 우리 민족의 얼과 역사까지도 느낄 수 있습니다.",https://korean.visitseoul.net/attractions/%EA%B4%91%ED%99%94%EB%AC%B8%EA%B4%91%EC%9E%A5%EC%9D%98-%EB%B0%A4/KOP016319,2025.07.30
KOP001899,랜드마크,광화문광장,37.571620049,126.976764929,03154 서울특별시 종로구 세종대로 172,http://plaza.seoul.go.kr/gwanghwamun,02-120,도심 열린 광장으로 연중 24시간 상시 개방,연중무휴,무료,"조선 태조는 1394년에 도읍을 한양으로 옮기고 주 궁궐인 경복궁을 지었습니다. 그리고 궁의 정문인 광화문 앞 도로 양옆에 의정부를 포함해 육조 관아 거리를 건설했습니다. 한양 최고의 길이었습니다. 2009년 그 길이 다시 열렸습니다. 광화문에서 청계광장에 이르는 광장이 들어선 것입니다. 광장은 크게 '광화문의 역사를 회복하는 광장', '육조거리의 풍경을 재현하는 광장', '한국의 대표 광장', '시민들이 참여하는 도시문화 광장', '도심 속의 광장', '청계천 연결부'로  나뉩니다. 역사성과 문화, 휴식의 공간으로서 기능을 갖습니다. 특히 '한국의 대표 광장'은 세종대왕 동상이 자리해 광장의 구심점 역할을 합니다. 이순신 장군 동상 주변부인 '도심 속의 광장'도 시민들에게 사랑받는 공간입니다. 그뿐만 아니라 인공연못과 분수를 설치해 여름철에는 시민들의 더위를 식혀줍니다. 이 밖에도 서울시의 상징인 해치 조형물과 잔디광장도 조성했습니다. 세종대왕 이야기 전시관은 세종문화회관쪽과 KT홀, 세종대왕 동상 기단부 뒤편에 설치된 입구로 출입이 가능합니다. 지상에서는 보이지 않는 넓고 아늑한 전시공간입니다. 세종대왕에 관한 업적을 한눈에 관람할 수 있습니다. 스트리텔링 구조를 가져 터치스크린 등의 시설을 통한 체험도 가능합니다.",https://korean.visitseoul.net/attractions/%EA%B4%91%ED%99%94%EB%AC%B8%EA%B4%91%EC%9E%A5/KOP001899,2025.07.29
KOP002027,역사적 장소,구암공원,37.567597929,126.853729889,"07525 서울 강서구 허준로5길 42 (가양동, 구암공원관리사무실)",,02-2600-4196,,,,"구암공원은 허준의 출생지인 서울 강서구 가양동에 위치해있습니다. 공원 뒤편에는 <동의보감>의 저자인 허준에 관한 박물관이 있습니다. 공원 내에 있는 허가바위는 성인 남성 스무 명이 들어갈 정도로 큰 바위로 임진왜란, 병자호란 등 난리 때 사람들의 피신처로 쓰이기도 했습니다.",https://korean.visitseoul.net/attractions/%EA%B5%AC%EC%95%94%EA%B3%B5%EC%9B%90/KOP002027,2025.06.05
KOP003387,역사적 장소,구 공업전습소 본관 (구 중앙시험소 청사),37.579508715,127.00297375,03087 서울 종로구 대학로 86 한국방송통신대학교 역사관,http://www.knou.ac.kr,1577-9995,한국방송통신대학교 개방일,,,"종로구 동숭동에 위치한 구공업전습소보관은 1981년 사적 제289호로 지정되었고 1906년 대한제국 때 설립된 것으로 알려져 있습니다. 탁지부 건축소에서 설계한 곳으로 염직, 직조, 제지, 금은세공, 목공 등의 근대기술을 교육하였다고 합니다. 대학로 서울대 병원 내에는 중앙시험소 청사와 비슷한 시기에 지은 구 대한의원이 있습니다. 구 중앙시험소 청사와 마찬가지로 탁지부(度支部) 건축소에서 1907년에 설계 시공해 1908년 완공한 건축물로 당시의 목조와 석조 건축 양식을 비교해볼 수 있습니다.",https://korean.visitseoul.net/attractions/%EA%B5%AC-%EA%B3%B5%EC%97%85%EC%A0%84%EC%8A%B5%EC%86%8C-%EB%B3%B8%EA%B4%80%EA%B5%AC-%EC%A4%91%EC%95%99%EC%8B%9C%ED%97%98%EC%86%8C-%EC%B2%AD%EC%82%AC/KOP003387,2025.08.04
KOP029767,랜드마크,국궁전시관,37.578144263,126.963838535,03027 서울 종로구 사직로9길 15-32 (사직동),https://www.jfac.or.kr/site/main/content/kbow01,02-722-1600,10:00~17:00,-월요일 -1월 1일 -설날·추석 당일,무료,"국궁전시관은 국궁의 역사, 우리 활의 우수성과 특수성 등을 살펴볼 수 있는 자료들이 전시된 곳입니다. 5개의 전시관과 체험관, 기증유물을 전시하는 기획상설 전시공간, 그리고 체험관으로 구성되어 있습니다. 체험관은 우리 전통 활 제작 기법을 체험해볼 수 있는 활 만들기, 활쏘기 등 다양한 체험프로그램 등을 운영하여 국궁을 보다 쉽고 재미있게 이해할 수 있는 공간입니다.",https://korean.visitseoul.net/attractions/%EA%B5%AD%EA%B6%81%EC%A0%84%EC%8B%9C%EA%B4%80/KOP029767,2025.08.07
KOP001965,역사적 장소,국립서울현충원,37.500205558,126.978187195,"06984 서울 동작구 현충로 210 (동작동, 국립현충원)",https://www.mpva.go.kr/snmb/www/index.do,1522-1555,06:00 ~ 18:00 (정문.동문.통문 5개소) 09:00 ~ 18:00 (업무 시설 개방 시간),"11월 공휴일, 12~2월 토요일.공휴일은 전시관 휴관",,"국립서울현충원은 나라와 민족을 위해 순국한 영령들이 안장된 국립묘지입니다. 국가유공자의 유골, 유해를 안장하고, 그 충과 의를 기리기 위해 설립되었습니다. 현충원 내에는 무용용사탑, 전쟁박물관, 현충관, 충렬대 등이 있습니다. 매년 6월 6일에는 현충일 추념식이 진행됩니다.",https://korean.visitseoul.net/attractions/%EA%B5%AD%EB%A6%BD%ED%98%84%EC%B6%A9%EC%9B%90/KOP001965,2025.08.06
KOP001776,역사적 장소,국립 4.19민주묘지,37.64969985,127.00793721,01009 서울 강북구 4.19로8길 17,http://419.mpva.go.kr/,02-996-0419,묘지 - 여름(3월-10월) 06:00~18:00 - 겨울(11월-2월) 07:00~17:00 기념관 및 유영봉안소 - 여름(3월-10월) 09:30~17:30 - 겨울(11월-2월) 09:30~16:30,묘지: 연중무휴 기념관: 월요일(월요일이 공휴일인 경우 그 다음날 휴관),,"4.19혁명은 민주주의에 대한 열망을 그대로 드러낸 일대 사건으로 이때 목숨을 잃은 사이버 참배 4.19혁명 희생자들의 죽음을 되새기고 추모할 수 있는 공간이 온라인에도 있습니다. 홈페이지를 방문하여 사이버 참배를 통해 위로하는 방법입니다. 또한 하늘편지를 통해 추모의 글을 남길 수 있어 아이들도 참여할 수 있습니다.",https://korean.visitseoul.net/attractions/%EA%B5%AD%EB%A6%BD-419%EB%AF%BC%EC%A3%BC%EB%AC%98%EC%A7%80/KOP001776,2025.08.04
KOP005763,랜드마크,국회의사당,37.531891684,126.914137285,07233 서울특별시 영등포구 의사당대로 1 (여의도동),http://www.assembly.go.kr,02-6788-2114,"평일 10:00 ~ 17:00 (10시, 11시, 14시, 15시, 16시, 17시 총 6회 입장가능 *1회 최대 150명) 토요일 10:00 ~ 12:00 (10시, 11시, 12시 총 3회 입장가능 *1회 최대 150명)","일요일, 공휴일, 근로자의 날(5.1), 국회개원기념일(5.31)",,"여의도에 위치한 국회의사당은 한국의 민주주의와 인권을 상징하는 건물입니다. 국회의사당 본관이 있고 그 오른쪽에는 국회도서관이, 왼쪽에는 의원회관이 있습니다. 국회 참관은 참관희망일 기준 3일 전까지 온라인 예약을 해야 합니다.",https://korean.visitseoul.net/attractions/%EA%B5%AD%ED%9A%8C%EC%9D%98%EC%82%AC%EB%8B%B9/KOP005763,2025.07.29
KOP042288,랜드마크,그래픽,37.540898098,126.993579431,04344 서울 용산구 회나무로39길 33 (이태원동),https://www.instagram.com/graphic.fan/,070-4070-0204,"화요일 ~ 금요일 13:00~23:00 토요일, 일요일 11:00~23:00",매주 월요일 휴무,입장료 20000원 20:00시 이후 10000원,"겹겹이 쌓인하얀색 원기둥이 일부 잘린 형태는 마치 새하얀 생크림으로 뒤덮인 3단 케이크 같기도 합니다. 3층 높이의 거대한 크기에 창문 하나 없는 이 건물은 겉모습만 봐서는 도통 쓰임을 짐작할 수 없습니다. 멀리서 보면 미스터리한 이 건물을 자세히 들여다보면 건물 외벽에 오돌토돌한 주름이 세로로 이어진 것이 보입니다. 책 낱장의 결을 표현한 이 주름은 서점 ‘그래픽’ 의 정체성을 보여주고 있습니다.  웅장한 벽으로둘러싸여 내부를 짐작할 수 없던 외관처럼 ‘그래픽’ 내부공간 또한 비밀스럽습니다. 매달 약 100권에 달하는 책을 새로들여서 같은 공간이지만 매번 새로운 경험을 선사합니다. 만19세이상의 성인만 출입할 수 있다는 점 또한 공간을 더욱 비밀스럽게 만듭니다. 시간의 제약 없이 책을 읽을 수 있는 독서 공간은 책과 함께 가볍게 술 한 잔을 기울이면서 삶의 고단함을 털어낼 수 있는 안식처가 됩니다.",https://korean.visitseoul.net/attractions/%EA%B7%B8%EB%9E%98%ED%94%BD/KOP042288,2025.08.07
KOP003255,역사적 장소,길상사,37.599147578,126.994804738,136-022 서울특별시 성북구 선잠로5길 68 (성북동),http://www.kilsangsa.info/home/default_in.asp,02-3672-5945,대중법회 및 연중기도 일정에 따라 이용 시간에 차이가 있음,,,"성북동의 복잡한 다운타운을 뚫고 들어가면 길상사가 보입니다. 정문을 지나면 기둥과 서까래가 그대로 보이는 기와집 한 채가 서 있습니다. 대웅전 격인 극락전입니다. 죽은 이의 극락왕생을 비는 지장전은 범종각과 함께 사찰 기능을 보완하려는 차원에서 새로 지은 건물이지만 한국 전통 미를 그대로 간직하고 있습니다. 일반적인 절과 차별되는 건축물, 색다른 분위기를 자아내는 조경 외에도 길상사는 이례적인 모습을 품고 있는 절입니다. 절 행사 때마다 신부나 수녀 등 천주교 성직자들이 자주 참석하는 장면을 볼 수 있습니다. 종교적 갈등을 벗어나 진정으로 참 선을 추구하는 공간입니다. 길상사 내에 위치한 ‘침묵의 집’에서는 매일 오전 10시부터 오후 5시 사이에 자유롭게 명상을 할 수 있습니다. 길상사는 가까운 도심 속에서 평안함을 얻을 수 있는 특별한 곳입니다.",https://korean.visitseoul.net/attractions/%EA%B8%B8%EC%83%81%EC%82%AC/KOP003255,2025.06.05
KOP042446,미술관&박물관,김중업 건축문화의집,37.615022615,127.044069843,02755 서울 성북구 장위로21나길 11 (장위동),,02-6906-3136,화요일 ~ 토요일 10:00 ~ 17:00,"매주 일요일, 월요일 휴관",,"좌측에 신발장이 있고, 정면 벽면에 커다란 스테인글라스 창문이 있는 모습 책이 가득 꽂힌 책장과 책을 읽을 수 있는 커다란 책상과 의자들이 놓인 모습 1970 년대 지어진 이 2 층짜리 단독주택을 1986 년 김중업이 한국 전통 건축을 바탕으로 집 안 곳곳에 이국적인 요소들을 가미하여 리모델링했습니다. 이곳은 당시 중산층의 주택 문화를 엿볼 수 있으며, 2017 년 '서울미래유산' 으로 지정되었습니다. '김중업 건축문화의집' 은 우리나라와 서양의 건축 양식을 주택 안에 조화롭게 담고 있습니다. 2 층 거실은 한옥에 주로 쓰이는 우물마루 와 서까래 구조, 창호지가 발린 창문을 현대적 감각으로 풀어냈고 화장실은 유럽풍으로 설계되었습니다. 1970-80 년대 당시 우리나라에서는 찾아보기 힘든 드레스룸이 딸린 건식 화장실로 빈티지한 옥색 인테리어가 돋보입니다.  단아하게 꾸며진 정원으로 나가면, 김중업 건축의 특징 중 하나인 수 ( 水 ) 공간이 마당 한 켠에 자리하고 있습니다.  작은 온실까지 더해진 '김중업 건축문화의집'은 정원 안에 거대한 자연이 담겨있습니다.",https://korean.visitseoul.net/attractions/%EA%B9%80%EC%A4%91%EC%97%85-%EA%B1%B4%EC%B6%95%EB%AC%B8%ED%99%94%EC%9D%98%EC%A7%91/KOP042446,2025.07.28
KOP000276,역사적 장소,남산골 한옥마을,37.556840275,126.99361994,"04626 서울 중구 퇴계로34길 28 (남산골한옥마을)",https://www.hanokmaeul.co.kr/,02-6358-5533,하절기(4월~10월) 09:00 - 21:00 동절기(11월~3월) 09:00 - 20:00 -전통정원 개방시간 24시간 개방,월요일,무료,"충무로의 대로변에서 100미터 남짓 지나면 예스런 한옥마을과 자연 공원이 등장합니다. 조선시대의 한옥 다섯 채를 이전해 조성한 남산골 한옥마을입니다. 남산골 한옥마을은 골짜기를 만들어 물이 흐르게 하고 전통 조경을 되살렸습니다. 그 너머로 남산이 병풍처럼 마을을 둘러 한층 운치 있습니다. 물론 초입의 한옥촌도 빠질 수 없습니다. 남산골 한옥마을에 있는 한옥들은 원래 남촌에 있었던 것이 아닙니다. 1998년 한옥마을을 조성하면서 제각기 흩어져 있던 5채의 전통 가옥을 이전했습니다. 명성황후의 친척 민영휘의 가옥, 경복궁 중건 당시 도편수였던 이승업 가옥, 조선말 오위장을 지낸 김춘영의 가옥 등이 포함됩니다. 무엇보다 북촌과 비교하면 집 안의 내부를 속속들이 들여다볼 수 있다는 점이 매력입니다. 다양한 행사와 체험 프로그램도 남산골 한옥마을만의 장점입니다. 한국어, 영어, 일어, 중국어 해설 가능",https://korean.visitseoul.net/attractions/%EB%82%A8%EC%82%B0%EA%B3%A8-%ED%95%9C%EC%98%A5%EB%A7%88%EC%9D%84/KOP000276,2025.08.02
KOP016321,랜드마크,남산서울타워,37.551069574,126.98787105,"04340 서울 용산구 남산공원길 105 (YTN서울타워)",https://www.seoultower.co.kr/,02-3455-9277,평일 10:00-22:30 주말 및 공휴일 10:00-23:00 * 마감시간 30분 전까지 입장 가능 *,연중무휴,,"남산서울타워에서 내려다보이는 야경은 서울을 대표하는 10대 한류 명소로 손꼽힙니다. 별에서 온 그대를 비롯한 각종 인기 드라마와 예능 프로그램에도 자주 등장하는 장소입니다. 많은 커플이 변치 않을 사랑을 약속하며 철제 난간에 걸어놓은 수천 개의 자물쇠를 볼 수 있습니다.",https://korean.visitseoul.net/attractions/%EB%82%A8%EC%82%B0%EC%84%9C%EC%9A%B8%ED%83%80%EC%9B%8C-%EC%95%BC%EA%B2%BD/KOP016321,2025.07.29
KOP035015,랜드마크,남산케이블카,37.556585678,126.984024064,"04630 서울 중구 소파로 83 (남산케이블카)",http://www.cablecar.co.kr/,02-753-2403,"10:00 ~ 23:00",,이용요금 대인 15000원(왕복) / 12000원(편도) 소인 11500(왕복) / 9000원(편도) ※ 자세한 요금정보는 홈페이지를 참고해주세요,"남산케이블카의 모습, 산과 하늘의 풍경 그리고 선으로 연결되어있는 케이블카 남산을 오르는 가장 손쉽고 재미있는 방법. 서울 한복판에 우뚝 솟은 N 서울타워가 있는 남산 정상까지 약 3분 정도를 케이블카를 타고 이동하면서 멋진 서울의 전경을 감상할 수 있습니다. 가을의 단풍과 겨울의 눈쌓인 남산 등 계절감을 즐기며 이동하는 재미도 있지만 빛으로 둘러싸인 서울의 야경을 내려다보는 로맨틱한 체험도 가능합니다. 남산케이블카 주차장 인근에는 맛집으로 유명한 왕돈가스와 산채비빔밥 음식점들이 있어 이용에 참고하면 좋습니다. 140m 길이의 긴 경사형 엘리베이터인 남산오르미를 이용하면 편리하게 케이블카 승강장까지 이동이 가능합니다.",https://korean.visitseoul.net/attractions/%EB%82%A8%EC%82%B0%EC%BC%80%EC%9D%B4%EB%B8%94%EC%B9%B4/KOP035015,2025.07.30
KOP005015,역사적 장소,대각사,37.573686701,126.992026487,03134 서울 종로구 율곡로10길 87 (대각사),http://daegaksa.kr/ ,02-744-4502,일출 시 ~ 일몰 시,연중무휴,,"대각사 내부 사진입니다. 정면에 불상이 있고, 불교식으로 꾸며져 있습니다. 창덕궁 후원 앞에 위치한 대각사는 1911년 창건되었습니다. 불교 포교단체 중 하나인 대각회의 사찰입니다. 용성스님의 제자들이 스님의 창립 정신과 대각사상을 드러내기 위해 설립한 것으로 알려져 있습니다. 1986년 대각사 내의 건물을 철거하고 신축건물을 지었다고 합니다.",https://korean.visitseoul.net/attractions/%EB%8C%80%EA%B0%81%EC%82%AC-kr/KOP005015,2025.08.03
KOP002030,역사적 장소,대한성공회서울주교좌성당 (서울성공회성당),37.567033598,126.97599948,서울특별시 중구 세종대로21길 15 (정동),http://www.cathedral.or.kr,02-730-6611,평일 11:00 ~16:00 통화가능시간: 화요일 ~ 일요일 (09:00 ~ 18:00),일요일에는 예배만 가능,,"대한성공회 서울주교좌성당은 서울 중구 정동에 위치해 있습니다. 서울특별시 시도유형문화재 제35호로 지정되어 있습니다. 한국 전통 기법을 접목한 로마네스크양식으로 설계되었습니다. 서양인에 의해 일제 침략기에 지어졌다는 점에서 역사적 의의가 있습니다. 서울성공회성당에는 옛 풍모를 간직한 물건들이 고스란히 남아 있습니다. 신자들은 불편함을 감수하면서 예전에 사용하던 의자 등의 집기조차 그대로 사용하고 있습니다. 세월의 손때가 묻어 더욱 의미 있는 이곳의 성물들은 변치 않는 가치와 신앙을 느끼기에 부족함이 없습니다.",https://korean.visitseoul.net/attractions/%EB%8C%80%ED%95%9C%EC%84%B1%EA%B3%B5%ED%9A%8C%EC%84%9C%EC%9A%B8%EC%A3%BC%EA%B5%90%EC%A2%8C%EC%84%B1%EB%8B%B9%EC%84%9C%EC%9A%B8%EC%84%B1%EA%B3%B5%ED%9A%8C%EC%84%B1%EB%8B%B9/KOP002030,2025.06.15
KOP001789,역사적 장소,도산공원,37.523952865,127.035605624,06020 서울 강남구 도산대로45길 20 (도산전시관),,02-3423-6285,24시간 개방 * 도산 안창호 기념관 매일 10:00 ~ 18:00,"도산 안창호 기념관 1월 1일, 명절 연휴 휴무",,"도산공원은 서울 강남구 신사동에 있는 공원으로 도산 안창호의 애국정신과 교육 정신을 기리고자 조성되었습니다. 매년 3월 10일 추모기념행사가 열립니다. 기념관에는 임시정부 사료집과 도산일기 등이 전시되어 있으며 터치스크린을 이용해 도산어록을 볼 수 있습니다. 현재 도산공원을 중심으로 많은 레스토랑과 카페들, 갤러리, 의류 상가 등이 들어서면서 강남에 간다면 꼭 들려야 하는 곳이 되었습니다. 또한 도산공원 근처에 해외 유명 브랜드의 플래그십 스토어들이 위치하고 있어 쇼핑을 즐기기에도 좋습니다. 화려한 건물과 자동차로 즐비한 강남 한복판에 자리한 도산공원은 잠시 쉬었다 가기에 좋은 휴식 공간입니다. 아담한 규모로 가볍게 산책하기 좋으며 공원 내부도 깔끔하게 정리되어 있습니다.",https://korean.visitseoul.net/attractions/%EB%8F%84%EC%82%B0%EA%B3%B5%EC%9B%90/KOP001789,2025.06.05
KOP023759,역사적 장소,돈의문 터 (옛 서대문),37.5688758959702,126.968709533621,서울 종로구 신문로2가 170,,,24시간,연중무휴,무료,"돈의문은 서울 도성의 서쪽 문으로, 흔히 ‘서대문’이라고 불립니다. 원래 서울 성곽의 서쪽 문은 태조 5년에 사직단 부근에 세워진 서전문이었으나, 그 후 도성을 고치면서 문의 위치를 남쪽으로 옮겨, 세종 4년에 이 지점에 돈의문을 세웠습니다. 돈의문은 새로 세운 문이라 하여 ‘새문’ 또는 ‘신문’이라고도 하였으며, 1915년 3월 도로 확장공사를 위해 철거되었습니다.",https://korean.visitseoul.net/attractions/%EB%8F%88%EC%9D%98%EB%AC%B8-%ED%84%B0%EC%98%9B-%EC%84%9C%EB%8C%80%EB%AC%B8/KOP023759,2025.06.08
KOP021278,랜드마크,롯데월드타워,37.512836032,127.101711815,05551 서울 송파구 올림픽로 300 (신천동),http://www.lwt.co.kr/,02-3213-5000,"매일 09:00 - 20:30 롯데면세점, 연중 무휴 매일 10:00 - 23:00 롯데마트, 격주 일요일 휴무 매일 10:00 - 20:00 롯데아쿠아리움, 연중 무휴 매일 10:30 - 20:00 에비뉴엘, 월 1회 정기 휴무 매일 10:30 - 22:00 쇼핑몰, 연중 무휴 서울스카이 평일 10:30 - 22:00 (월~목요일, 일요일) 주말 10:30 - 23:00 (금, 토, 공휴일 前일) ※시설별 상이 (홈페이지 참조)",연중무휴,,"글로벌 상징성과 한국의 전통미, 인간과 기술, 첨단과 자연이 공존하는 롯데월드타워는 하나의 건축물에 도시생활의 모든 것을 구현한 수직도시입니다. 555m, 123층의 거대한 수직도시 롯데월드타워에는 국내 최고 높이(500m) 전망대인 서울스카이(SEOUL SKY), 국내 최고 수준의 호텔 시그니엘서울(SIGNIEL SEOUL), 프리미엄 헬스케어센터와 피트니스센터, 파이낸스센터가 입점한 포디엄이(PODIUM) 위치하여 그 높이만큼 특별한 가치를 경험할 수 있습니다. 또한 글로벌 패션 허브 롯데월드몰에는 국내 최대 규모의 시내 면세점인 롯데면세점, 대한민국 최고, 최대의 명품 백화점 에비뉴엘, 국내 최대 도심형 수족관 롯데월드 아쿠아리움, 국내 최초 빈야드 스타일 클래식 전용 홀인 롯데콘서트홀과 아시아 최대 규모의 멀티플렉스 롯데시네마 등이 자리하여 첨단 라이프스타일과 놀랍고 차별화된 경험을 할 수 있습니다.",https://korean.visitseoul.net/attractions/%EB%A1%AF%EB%8D%B0%EC%9B%94%EB%93%9C%ED%83%80%EC%9B%8C/KOP021278,2025.07.19
KOP001399,역사적 장소,만해한용운 심우장,37.593545812,126.991715764,02879 서울 성북구 성북로29길 24 (만해 한용운 심우장),https://www.sb.go.kr/tour/contents.do?key=136,02-2241-2652,09:00 - 18:00,연중무휴,무료,"만해한용운 심우장은 일제강점기인 1933년에 만해(萬海)  한용운이 지은 집으로 남향을 선호하는 한옥에서는 흔히 볼 수 없는 북향집입니다. 독립운동가였던 그가 남향으로 터를 잡으면 조선총독부와 마주보게 되므로 산비탈의 북향터를 선택했습니다. 정면 4칸, 측면 2칸 규모의 장방형 평면에 팔작지붕을 올린 민도리 소로수장집으로 한용운이 쓰던 방에는 그의 글씨, 연구논문집, 옥중공판기록 등이 그대로 보존되어 있습니다. 그가 죽은 뒤에도 외동딸 한영숙이 살았는데 일본 대사관저가 이곳 건너편에 자리잡자 명륜동으로 이사를 하고 심우장은 만해의 사상연구소로 사용했습니다. 마당 한쪽에는 커다란 향나무 한 그루가 있습니다. 입구의 소나무와 더불어 성북구의 보호수입니다. 평범해 보이지만 만해의 손길이 닿은 생명입니다. 만해는 심우장을 지은 후에 향나무 한 그루를 심었습니다. 바깥 세상과 경계를 이루는 지점입니다.",https://korean.visitseoul.net/attractions/%EB%A7%8C%ED%95%B4%ED%95%9C%EC%9A%A9%EC%9A%B4-%EC%8B%AC%EC%9A%B0%EC%9E%A5/KOP001399,2025.08.03
KOP004036,역사적 장소,명동성당,37.56346163,126.986140953,04537 서울 중구 명동길 74 (명동성당),http://www.mdsd.or.kr,02-774-1784,,없음,무료,"명동성당은 우리나라 최초의 본당이며 한국 천주교회의 상징입니다. 고종 29년(1892)에 착공, 광무 2년(1898)에 준공되었습니다. 명동성당은 우리나라 기독교 역사뿐 아니라 정치, 사회, 문화 전반에 걸쳐 큰 영향을 미친 터전입니다. 개발 독재의 서슬이 퍼렇던 1970년대 이후 시대의 요구와 아픔, 민중의 눈물을 품어 이 땅에 민주주의를 탄생시킨 모태와도 같은 곳이기도 합니다. 명동성당은 벽돌로 쌓은 우리나라 최초의 교회입니다. 프랑스 신부 코스트가 설계했습니다. 내부는 십자형 평면에 공중 회랑과 높은 창, 무지개 형상의 궁륭 천장으로 되어 있고, 외부는 고딕 장식을 통해 웅장함을 드러내고 있습니다. 빼놓지 말고 들러 봐야 할 곳은 제단 아래쪽에 있는 지하 성당입니다. 여기엔 19세기 천주교 박해로 희생당한 성인 유해 5위와 일반 순교자 유해 4위를 봉안하고 있습니다. 성당 주변에는 가톨릭회관과 다양한 문화시설이 있습니다. 건물의 특징을 살리기 위해 대규모 건물을 건축하고 색채가 풍부하고 화려한 스테인드글라스로 창문을 장식했습니다. 명동 성당은 고딕 양식을 볼 수 있는 우리나라 대표적인 건축물입니다.",https://korean.visitseoul.net/attractions/%EB%AA%85%EB%8F%99%EC%84%B1%EB%8B%B9/KOP004036,2025.06.08
KOP002220,랜드마크,반포대교 달빛무지개분수,37.505767634,126.98108757,"06500 서울 서초구 동작대로 350 (반포동, 동작대교 전망카페)",https://hangang.seoul.go.kr/archives/474,02-3780-0578,"비수기(5~6월, 9~10월): (매회 20분) - 12:00, 19:30, 20:00, 20:30, 21:00 성수기(7~8월): (매회 20분) - 12:00, 19:30, 20:00, 20:30, 21:00, 21:30 ＊기상조건(우천, 강풍) 및 공원 이용시민의 다소 등의 요인에 따라 분수가동이 정지될 수 있습니다. ＊분수 가동 정지 : 분수 가동시간 중 강수 예보 시 ※ 비온 뒤 갠 날의 경우 시설점검 후 이상 없을 시 가동(습기에 의한 고장 예방), 7m/s 이상 강풍 시, 한강의 탁도가 15NTU 이상 시",,,"달빛무지개분수는 서울 한강만이 가지고 있는 넓은 강폭 전체를 연출하기 위해 반포대교 구간에 낙하용 수중펌프를 이용하고 음악에 맞추어 물을 분사하여 연출합니다. 200개의 조명이 색색의 아름다운 무지갯빛 야경을 선사하는데 물줄기는 음악에 맞춰 몸을 흔들며 시민들의 눈을 사로잡습니다. 4월부터 10월까지 하루 3~7차례 가동합니다. 달빛무지개분수의 모습을 볼 수 있는 가장 좋은 장소는 분수와 함께 새 단장을 마친 반포대교 남북단 반포한강공원입니다. 이곳에는 분수를 한눈에 내려다볼 수 있는 조형 언덕을 비롯해 야외 무대, 달을 형상화한 4만 제곱미터의 달빛광장, 글로벌광장, 각종 스포츠 시설을 조성해 분수를 감상하는 즐거움 외에도 다양한 즐길거리가 넘쳐납니다. 잠수교 내에 테라스식 데크를 설치해 만든 한강 조망대 역시 최고의 뷰포인트로 손색이 없습니다.",https://korean.visitseoul.net/attractions/%EB%B0%98%ED%8F%AC%EB%8C%80%EA%B5%90-%EB%8B%AC%EB%B9%9B%EB%AC%B4%EC%A7%80%EA%B0%9C%EB%B6%84%EC%88%98/KOP002220,2025.07.30
KOP016325,랜드마크,반포대교 야경,37.512422815,126.995948447,06500 서울 서초구 올림픽대로 2085-14,https://hangang.seoul.go.kr/www/bbsPost/30/list.do#list/1,02-3780-0578,,,,"반포대교에서 나오는 달빛무지개분수의 모습, 멀리 보이는 남산타워와 반포대교 위로 줄지어 있는 가로등의 모습 서울 야경 명소인 반포대교는 용산구와 서초구를 잇는 2층 교량으로 무지개 분수 쇼와 여의도 불꽃축제 기간에는 불꽃놀이를 구경할 수 있는 곳입니다. 데이트 코스로도 많이 이용되며, 야경이 매우 아름답습니다. 주로 커플이나 가족 단위로 방문하여 야식과 함께 반포대교의 야경을 보곤 합니다. 서울의 낭만적인 야경에 취하고 싶다면 보기만 해도 시원해지고 아름다운 반포대교를 추천합니다.",https://korean.visitseoul.net/attractions/%EB%B0%98%ED%8F%AC%EB%8C%80%EA%B5%90-%EC%95%BC%EA%B2%BD/KOP016325,2025.07.29
KOP002544,역사적 장소,방이동 백제고분군,37.507575805,127.11816406,05644 서울특별시 송파구 오금로 219 (방이동),,02-2147-2800,09:00 ~ 20:00,연중무휴,,"방이동 백제고분군은 사적 제270호로 지정된 방이동 일대에 있는 백제전기의 무덤들입니다. 가락동·석촌동 무덤과 함께 한성백제의 문화를 알 수 있는 유적으로 1975년 잠실지구 토지구획정리사업 중 발견되었습니다. 대부분 도굴되어 유물은 많이 없지만, 고분의 구조·형태는 볼 수 있습니다.",https://korean.visitseoul.net/attractions/%EB%B0%A9%EC%9D%B4%EB%8F%99-%EB%B0%B1%EC%A0%9C%EA%B3%A0%EB%B6%84%EA%B5%B0/KOP002544,2025.06.15
KOP021128,역사적 장소,백인제가옥,37.580586967,126.984209165,03055 서울 종로구 북촌로7길 16 (가회동),https://yeyak.seoul.go.kr/web/reservation/selectReservView.do?rsv_svc_id=S250220094425372104,"02-724-0232, 0200",09:00~18:00 (입장마감 17:30) ※ 자유관람시 외부 관람만 가능,월요일(월요일이 공휴일인 경우 개관) & 1월 1일,무료,"북촌 가회동에 위치한 백인제가옥은 근대 한옥의 양식을 고스란히 보존하고 있는 대표적인 전통 가옥입니다. 일제강점기 시대에 지어진 목조가옥이지만 보존 상태가 양호한 점, 전통 한옥의 아름다움에 근대적 변화가 수용되었다는 점에서 그 가치를 인정받아 서울시 민속 문화 유산으로 선정되었습니다. 북촌이 한눈에 내려다보이는 대지 위에 사랑채를 중심으로 넉넉한 안채와 넓은 정원이 자리하고, 가장 높은 곳에는 아담한 별당채가 들어서 있습니다. 고즈넉하고 예스러운 분위기 속에서 당대 부유층의 생활사를 엿볼 수 있으며, 동시대의 전형적인 상류주택과 구별되는 여러가지 특징들을 찾아볼 수 있습니다. 백인제 가옥의 역사와 시대적 배경, 특징 등에 대한 자세한 설명은 행랑채와 작은 사랑방에 마련되어있습니다.",https://korean.visitseoul.net/attractions/%EB%B0%B1%EC%9D%B8%EC%A0%9C%EA%B0%80%EC%98%A5/KOP021128,2025.08.04
KOP001904,역사적 장소,보신각(상설타종행사),37.569765369,126.983676082,"03189 서울 종로구 종로 54 (관철동, 보신각)",https://culture.seoul.go.kr/culture/main/contents.do?menuNo=200046,02-2133-0983,보신각 타종의식 11:00 - 12:30 * 타종 체험은 사전예약 필수,"-월 -3.1절, 8.15광복절, 제야의 종 등 기념일타종행사 -혹한기, 혹서기",,"옛날 한국 전통 관리옷을 입은 두 사람,  종을 치는 사람의 모습과 뒤에 소품 칼을 들고 있는 사람의 모습 보신각은 종로구 종로 2가에 있는 종각으로, 보물 제2호 보신각종이 있던 자리입니다. 보신각종은 현재에는 종에 균열이 생겨 더 이상 타종할 수 없게 되어 용산 국립중앙박물관에서 보관 중이며 지금 보신각에 걸려있는 종은 국민의 성금에 의하여 새로 주조된 종입니다. 1985년 8월 14일에 처음 보신각에 걸렸고 다음 날인 8월 15일에 처음 타종되었습니다. 대한민국의 대표적인 새해맞이 행사인 제야의 종 타종식이 보신각에서 열립니다. 이는 매년 12월 31일이 되면 총 33번에 걸쳐 종을 치는 행사입니다. 또한 평소에도 월요일을 제외한 매일 정오에 종을 12번 타종하고 있습니다. 보신각 상설타종행사는 덕수궁의 왕궁수문장 교대의식의 연장선에 있습니다. 수문장 교대의식을 마친 수문군은 청계천을 따라 보신각에 도착해 타종행사를 준비합니다. 물론 취타대도 함께합니다. 그 행로를 따라 두 가지 프로그램을 함께 관람하면 한층 유익합니다.",https://korean.visitseoul.net/attractions/%EB%B3%B4%EC%8B%A0%EA%B0%81%EC%83%81%EC%84%A4%ED%83%80%EC%A2%85%ED%96%89%EC%82%AC/KOP001904,2025.08.04
KOP028339,역사적 장소,봉원사,37.570856993,126.94824116,03721 서울 서대문구 봉원사길 120 (봉원사),http://www.bongwonsa.or.kr/index.php,02-392-3007,,,,"봉원사는 신라 진성여왕 3년(889년)에 현 연세대 터에 창건한 절로, 조선 영조 24년(1748년) 때 지금의 터전으로 이전했습니다. 마당엔 수조에 빼곡하게 심어놓은 연꽃이 가득해 특히 여름이면 큼지막한 연꽃과 어우러진 독특한 절 풍경을 축제와 함께 즐길 수 있습니다. 마음을 정화하고 싶을 때 힐링하기 딱 좋은 곳입니다.",https://korean.visitseoul.net/attractions/%EB%B4%89%EC%9B%90%EC%82%AC/KOP028339,2025.06.08
KOP000411,역사적 장소,봉은사,37.515459612,127.057117725,06087 서울 강남구 봉은사로 531 (봉은사),http://www.bongeunsa.org/,02-3218-4800,법회 확인, 기도 불공 등 사찰 일정에 따라 이용 시간에 차이가 있음,,"삼성역 맞은편엔 비교적 큰 규모의 사찰이 있습니다. 바로 봉은사입니다. 서울의 대표적인 사찰로 그 역사만도 1000년이 넘습니다. 봉은사는 794년(원성왕 10) 연회국사가 견성사(見性寺)라는 이름으로 창건했습니다. 성종의 무덤인 선릉을 조성하며 사찰을 중창했고 그 때부터 봉은사라 불렀습니다. 그 역사만큼 역사 유물도 풍성합니다. 보물 제321호 고려청동루은향로(현재 동국대학교 박물관 소장)와 추사 김정희가 쓴 판전 현판을 비롯해 ‘화엄경소’ ‘금강경’ 등의 목판본이 보존돼 있습니다. 봉은사는 서울 시민들에겐 더없이 좋은 휴식처입니다. 아울러 바쁜 현대인들에게 스스로를 돌아볼 수 있는 성찰의 기회도 제공합니다. 대표적인 예가 템플스테이입니다. 사찰의 일상생활을 체험하고 불교의 문화와 정신을 배우는 프로그램입니다. 템플스테이는 불교를 체험하는 것을 넘어 자신을 되돌아보는 기회가 될 것입니다.",https://korean.visitseoul.net/attractions/%EB%B4%89%EC%9D%80%EC%82%AC/KOP000411,2025.07.20
KOP003305,역사적 장소,봉황각,37.660327383,127.006149153,서울특별시 강북구 삼양로173길 107-12 (우이동),,02-120,,,,"봉황각은 1912년 천도교의 지도자를 양성하기 위해 손병희가 설립한 2층 목조 기와집의 교육시설입니다. 봉황각이라는 명칭은 천도교 교조 최제우가 남긴 시에 자주 나오는 ‘봉황’이라는 낱말을 딴 것이라고 합니다. 현재 걸려있는 현판은 오세창이 썼습니다. 의암 손병희 선생은 1920년 병 보석으로 풀려나 치료하던 중 운명했습니다. 그의 무덤은 봉황각과 마주보는 언덕에 마련됐습니다. 선생의 묘소는 비개방 구간이라 참배를 하기 위해서는 의창수도원에 사전 허가를 얻어야 합니다.",https://korean.visitseoul.net/attractions/%EB%B4%89%ED%99%A9%EA%B0%81/KOP003305,2025.06.08
KOP011117,랜드마크,북악스카이웨이 북악팔각정,37.601974088,126.980550714,03010 서울시 종로구 북악산로 267 (평창동),,02-725-6602,,,,"연인들의 데이트 코스로 손꼽히는 북악스카이웨이는 남산서울타워와는 또 다른 각도로 서울 전체를 볼 수 있는 곳입니다. 1970년대만 해도 신혼부부들에게 최고의 드라이브 코스를 선사하는 신혼여행지였습니다. 나선형으로 구불구불 이어지는 도로에는 잘 정비된 가로수와 계절마다 피고 지는 다양한 꽃의 향연이 펼쳐집니다. 빽빽하게 들어선 수풀 사이를 달리는 동안 ‘서울의 하늘길’ 아래로 시내 전경이 보입니다. 정상에 있는 팔각정에 오르면 산등성이를 휘감아 도는 성벽과 빌딩숲이 한눈에 들어옵니다. 앞쪽으로 북한산 능선이 선명하게 보이고 뒤쪽으로는 남산, 관악산 등이 있어 조망이 좋습니다. 밤이면 2층 전망대에서 남산과 남산서울타워, 광화문 사거리의 화려한 조명 등 서울 중심부의 야경을 감상할 수 있습니다. 600여 년 동안 서울을 지켜온 성곽에 불이 훤히 밝혀진 모습도 볼 수 있습니다. 드라이브 코스를 즐긴 뒤에는 창의문 쪽 산책로나 성북구 쪽 산책로를 걸으며 잠깐 쉬어가도 좋습니다. 부암동의 능금나무 길을 따라 올라가다 보면 드라마 <커피프린스 1호점>의 ‘산모퉁이’카페가 나오는데, 여기서 조금만 더 가면 산책로 초입이 보입니다. 산책로는 팔각정을 지나 성북구 경계까지 연결되어 있습니다. 2007년, 40년 만에 일반인들에게 전 구간이 개방된 북악 성곽 탐방로도 인기 산책로입니다. 오랫동안 민간인 출입이 통제된 터라 산림이 잘 보존되어 있습니다. 부암동 창의문에서 와룡공원에 이르는 구간으로 창의문보다는 와룡공원에서 출발하는 게 오르기 쉽습니다. 성곽길의 정상인 백악마루에 올라서면 시원한 바람을 맞으며 서울 전경을 한눈에 내려다볼 수 있습니다.",https://korean.visitseoul.net/attractions/%EB%B6%81%EC%95%85%EC%8A%A4%EC%B9%B4%EC%9D%B4%EC%9B%A8%EC%9D%B4-%ED%8C%94%EA%B0%81%EC%A0%95/KOP011117,2025.04.20
KOP000261,랜드마크,북촌한옥마을,37.579148821,126.986462934,03059 서울 종로구 계동길 37 북촌문화센터 일대 (계동),  https://hanok.seoul.go.kr/front/kor/town/town01.do,02-2133-1372,"10:00 ~ 17:00 (제한시간 17:00 ~ 익일 10:00, 제한시간 내 제한구역의 관광객 방문 금지) (한옥 마을은 관광지이기에 앞서 지역 주민들의 거주 공간 입니다.)",,,"한옥의 기와로 지어진 지붕들과, 기와로 이루어진 담벼락, 곳곳의 나무, 꽃, 풀이 어우러진 풍경 북촌한옥마을 길 양옆으로 붙어있는 한옥 집들과 멀리 보이는 산 앞의 서울의 건물들 모습 북촌한옥마을은 600년 수도의 역사를 자랑하듯 전통 한옥들이 즐비한 동네로 보통 경복궁에서 창덕궁에 이르는 지역을 가리킵니다. 무엇보다 지금도 사람들이 실생활 공간으로 삼고 있는 생활한옥촌이라는 점이 특색입니다. 그 가운데 옛 한옥의 정취를 가장 잘 느껴볼 수 있는 지역은 아무래도 가회동 인근입니다. 북촌한옥마을은 우리 전통 한옥의 매력이 재발견되면서 서울의 여행지로 많은 사람들의 사랑을 받고 있습니다. 한옥 갤러리나 전통 공방, 한옥을 개조한 한옥 레스토랑도 있어 전통적이면서도 이색적인 매력이 있습니다. 골목마다 역사와 과거부터 이어오는 시간이 담긴 북촌한옥마을안에는 우리의 전통문화와 전통 주거문화에 대한 의미를 전달하는 북촌문화센터, 주민들과 방문객들을 위한 한옥에서 책을 읽을 수 있는 공간, 북촌마을서재와 작은 전시가 있는 공간인 작은 쉼터 갤러리가 있습니다.",https://korean.visitseoul.net/attractions/%EB%B6%81%EC%B4%8C%ED%95%9C%EC%98%A5%EB%A7%88%EC%9D%84/KOP000261,2025.07.29
KOP004513,역사적 장소,사육신공원,37.514278756,126.949556111,"06902 서울 동작구 노량진로 191 (노량진동, 사육신묘지공원)",https://parks.seoul.go.kr/parks/detailView.do?pIdx=103#,02-813-2130,09:00~18:00,,,"사육신공원은 한강대교와 노량진역 언덕에 있는 서울특별시 유형문화재 8번 사육신묘를 가꾸어 만들어졌습니다. 사육신묘는 조선 제6대 왕 단종을 쫓아내고 왕위에 오른 세조에 반대하던 일곱 충신 성삼문, 박팽년, 하위지, 이 개, 유성원, 유응부, 김문기를 모신 곳입니다. 사육신공원에는 시민들이 쉴 수 있는 간단한 운동 기구들과 산책로가 있습니다. 그리고 한강이 보이는 조망대도 있습니다. 휴식 공간과 역사적인 문화유산이 자유롭게 어우러지는 곳입니다.",https://korean.visitseoul.net/attractions/%EC%82%AC%EC%9C%A1%EC%8B%A0%EA%B3%B5%EC%9B%90/KOP004513,2025.06.20
KOP001824,역사적 장소,사직단,37.575984337,126.968735402,03027 서울 종로구 사직로 89,,02-739-7205,,,,"종로구 사직동에 있는 사직단은 조선 당시 토지신과 곡물신에게 풍년을 기원하며 제사를 드리기 위해 쌓은 제단입니다. 사직단 내에는 궁술 연습장이었던 황학정, 단군성전, 시립종로도서관, 시민을 위한 공원 등이 조성되어 있습니다. 경복궁역 1번 출구로 나오면 쉽게 찾을 수 있습니다. 삼국 시대부터 전해 내려온 사직대제는 매년 2월과 8월, 그리고 동지와 섣달 그믐날 밤에 거행되었습니다. 1908년 일제의 강압으로 폐지되었다가 1988년 서울올림픽 개최 당시 복원한 이후 해마다 개천절에 서울 사직단(사적 121호)에서 전주 이씨 대동종약원(大同宗約院) 주관으로 봉행해오고 있습니다.",https://korean.visitseoul.net/attractions/%EC%82%AC%EC%A7%81%EB%8B%A8/KOP001824,2025.06.19
KOP002372,역사적 장소,살곶이다리 (전곶교),37.5540874111816,127.045526404599,서울 성동구 행당동 61-1,,02-2286-5204,,,,"조선시대의 석조 다리인 살곶이다리는 1967년 사적 제160호로 지정되었다가 2011년 보물 제1738호로 승격되었습니다. 청계천과 중랑천이 만나 한강으로 흘러드는 곳으로 조선시대 최장교라고 알려져 있습니다. 지금의 한양대학교 동쪽에 위치해 있습니다. 살곶이다리 옆으로는 갈대밭과 하천변에 닿을 수 있는 샛길이 있습니다. 그 길을 이용하면 살곶이다리의 아랫부분으로도 이어지는데, 포석과 마름모형 구조, 정 자국 등 돌기둥에 나타난 옛 건축 공법을 좀 더 가까이에서 관찰할 수 있습니다.",https://korean.visitseoul.net/attractions/%EC%82%B4%EA%B3%B6%EC%9D%B4%EB%8B%A4%EB%A6%AC%EC%A0%84%EA%B3%B6%EA%B5%90/KOP002372,2025.08.04
KOP002121,역사적 장소,삼청동 골목길,37.58005429,126.984793763,서울특별시 종로구 가회동 일대,,02-120,,,,"골목길 양편에 한옥 양식의 건물과 푸른 나무들이 있고, 건물들 앞에 입간판이 있는 삼청동 골목길 전경 서울에서 가장 스타일리시한 골목, 삼청동. 언제부터인가 가난한 예술가들이 삼청동으로 찾아들었습니다. 거리에 예술적 향취가 묻어나기 시작했고, 지금의 삼청동 거리가 만들어졌습니다. 골목길 구석구석에 보물같이 예쁜 가게들이 숨어 있지만 중심 거리 양쪽으로 늘어선 색색의 쇼윈도 먼저 구경해보세요. 재기발랄한 인테리어 숍이 눈을 끄는가 하면 바로 옆 가게에는 고풍스러운 전통숍이 자리 잡고 있는데 서로 훌륭한 조화를 이룹니다. 거리를 거니는 사람들도 무척 다채롭습니다. 카페를 배경 삼아 사진을 찍는 젊은이들, 한옥 갤러리에서 작품을 감상하는 이들, 이색 박물관에서 다양한 전시품을 감상하는 가족 단위 관람객들이 모두 같은 길에서 호흡합니다. 메마른 감성을 충전시키고 발길 닿는 집에 들어가 맛난 음식을 즐길 수도 있는 곳, 삼청동은 바로 그런 동네입니다.",https://korean.visitseoul.net/attractions/%EC%82%BC%EC%B2%AD%EB%8F%99-%EA%B3%A8%EB%AA%A9%EA%B8%B8/KOP002121,2025.06.20
KOP001831,역사적 장소,서대문형무소역사관,37.574558179,126.957193977,"03732 서울 서대문구 통일로 251 (현저동, 독립공원)",https://sphh.sscmc.or.kr/,02-360-8590,여름철(3월~10월): 09:30~18:00 겨울철(11월~2월): 09:30~17:00 입장 마감은 관람 종료 30분 전,-월요일(공휴일인 경우 그 다음날) -1월1일 -설날·추석 당일,"일반(19세~64세) 3,000원 청소년(13세~18세), 군인 1,500원 어린이(7세~12세) 1,000원 6세 이하, 65세 이상, 장애인 및 국가유공자(장애인 수첩 및 국가유공자증 소지자) 무료 *단체(20인 이상)은 개인 입장료의 20% 할인 *서대문거주 주민(신분증 소지자에 한함), 관내학교(초/중/고) 50% 할인 (단, 중복할인 불가) *서대문자연사박물관 입장권 소지자 20% 할인(단, 개인관람객에 한함) ※ 무료 대상자 및 상세 할인혜택은 공식 홈페이지를 참고해주세요.","서대문형무소는 현존하는 건축물 중 유일한 일본풍 목조 건물입니다. 1923년 지은, 사형 선고를 받고 투옥된 전국의 애국지사들이 이감 후 생을 마감한 장소입니다. 형무소는 죄인들을 감금하는 곳이지만, 서대문형무소에서 온갖 고초를 당한 이들은 목숨을 바칠 만큼 나라를 사랑한 애국지사들이었습니다. 서대문형무소를 걷는 내내 얼굴도 모르는 그들의 모습이 떠나지 않았습니다. 서대문형무소는 전시관, 중앙사, 12옥사, 공작사, 한센병원, 순국선열추모비, 사형장과 시구문, 유관순 지하 옥사, 담장과 망루의 순으로 관람합니다. 전시 공간을 두루 돌아보고 나오면 강우규, 안창호, 유관순 열사 등 순국열사의 이름을 기록한 추모비가 보입니다. 채 100년도 되지 않은 지난날의 기록입니다. 서대문형무소역사관은 과거의 의미를 아로새겨 부끄럽지 않은 미래를 준비하는 역사의 장입니다. 1919년 4월 1일 천안 병천의 아우내 장터에서 독립만세를 외치다 한 소녀가 체포당합니다. 그녀는 3년형을 선고받고 그 해 8월 서대문 감옥으로 옮겨졌으나 법정모독죄로 7년형이 추가됩니다. 또한 동료 수감자와 함께 대규모 만세운동을 벌이다 지하 독방에 감금되고 고문과 영양실조를 견디다 못해 1920년 10월 12일 옥중에서 순국했습니다. 바로 유관순 열사의 이야기입니다. 서대문형무소에는 유관순 열사가 투옥되었던 지하 감옥도 보존되어 있습니다.",https://korean.visitseoul.net/attractions/%EC%84%9C%EB%8C%80%EB%AC%B8%ED%98%95%EB%AC%B4%EC%86%8C%EC%97%AD%EC%82%AC%EA%B4%80/KOP001831,2025.06.20
KOP001538,랜드마크,서울광장,37.566700969,126.97834678,100-101 서울특별시 중구 세종대로 110 (태평로1가),http://plaza.seoul.go.kr/,02-120,매주 월요일 '잔디 쉬는 날' 운영,,,"서울에서 신발을 벗고 걸을 수 있는 곳. 따스한 햇살을 이불 삼아 낮잠을 청할 수 있는 곳. 바로 서울광장입니다. 2002년 월드컵과 함께 시청 앞 광장은 다시 태어났고, 지금은 일반 시민들은 물론 서울을 찾는 외국 관광객들에게 서울의 다양한 문화 체험이 가능한 새로운 명소로 자리매김했습니다. 광장은 잔디 상태가 나쁘지 않은 날을 제외하곤 시민들에게 개방됩니다. 잔디광장 옆에는 바닥분수도 준비되어 있습니다. 무더운 여름이면 옷이 젖는 줄도 모르고 깔깔 거리며 뛰어 노는 개구쟁이들로 정신이 없습니다. 서울광장에서는 빛의 축제, 하이서울페스티벌 등 다양한 문화 행사도 진행합니다. 겨울에는 스케이트장으로 변신해 색다른 즐거움을 선사합니다. 나른한 오후 기분 전환이 필요하다면 서울광장 잔디밭에 누워 꿀맛 같은 휴식을 취해보세요. 하이서울페스티벌 축제의 현장  :  전통과 미래가 하나 되는 화합의 한마당인 하이서울페스티벌은 계절마다 총 4회 진행된다. 꿈꾸고 즐기고 충전하는 축제의 주인공은 바로 시민들. 청계천, 5대 궁궐 등에서 진행되는데 서울광장은 서울 시민과 외국인이 모여 함께 즐기는 잔치의 중심이다. 역대 서울시장이 사용했던 집무공간으로 그 당시의 사무집기와 가구 등이 그대로 재현. 기록을 매개로 서울의 다채로운 모습을 보여주고, 서울과 함께한 시민 여러분의 기억을 공유하는 공간입니다.",https://korean.visitseoul.net/attractions/%EC%84%9C%EC%9A%B8%EA%B4%91%EC%9E%A5/KOP001538,2025.06.23
KOP023496,랜드마크,서울로7017,37.55895089,126.97020171,"04509 서울 중구 청파로 432 (봉래동2가, 코레일서울본부)",https://parks.seoul.go.kr/template/sub/seoullo7017.do,02-313-7017,,,,"서울로 7017 고가 다리 상부에서 찍은 서울의 풍경, 구름이 있는 예쁜 하늘과, 건물들, 그리고 나무와 식물들이 모여있는 화단의 모습. 서울로 7017 고가 다리 상부에서 찍은 서울의 풍경, 구름이 있는 예쁜 하늘과, 건물들 그리고 나무의 모습, 고가 다리 상부에 있는 분홍색 꽃과, 흰색 꽃의 큰 화분이 놓여 있는 모습 서울로 7017 고가 다리 상부에서 보이는 도시의 건물들, 서울로 7017의 파란색 조명과 나무 그리고 뒤로 보이는 두 개의 높은 건물 서울로 70171 고가 다리 상부에서 찍은 서울의 야경, 파란색 조명이 들어오는 서울로 7017의 다리와 그 뒤로 보이는 불빛이 반짝이는 건물들 서울로7017은 70년에 만들어진 서울역고가가 안전에 문제점이 도출되면서 철거가 될 상황에 놓여지게 되었는데 이를 서울의 관문이자 지역재생의 촉매제 역할을 담당하는 17개의 사람길로 재탄생시킨 도시재생 사업입니다. 6개 구역을 잇는 공중보행로의 기능과 녹지광장을 결합하는 살아있는 식물도감이자 1km 도심전망대가 있고, 찻길에서 사람길로 재탄생했습니다.",https://korean.visitseoul.net/attractions/%EC%84%9C%EC%9A%B8%EB%A1%9C7017/KOP023496,2025.06.23
KOP037164,역사적 장소,석파정,37.594959478,126.962631969,03021 서울 종로구 창의문로11길 4-1,https://seoulmuseum.org/INTRO,02-395-0100,10:00 ~ 18:00,"월요일, 화요일 (※ 내부 공사 및 차기 전시를 위해 02/26 ~ 05/31 휴무)","성인 통합입장권 20,000원 청소년 통합입장권(만13~18세) 15,000원 어린이(만12세이하) 통합입장권 13,000원 우대(만65세/유공자) 통합입장권 13,000원 석파정 개별 입장 불가","석파정은 과거 흥선대원군의 별서에 자리잡은 정자로 흥선대원군의 호를 따 '석파' 라는 이름이 붙여진 곳입니다. 석파정은 한국의 전통 건축양식과 중국의 건축양식이 적절히 조합된 정자로 '물을 품고 구름이 발을 치는' 아름다운 풍경을 볼 수 있는 곳으로 유명합니다.",https://korean.visitseoul.net/attractions/%EC%84%9D%ED%8C%8C%EC%A0%95/KOP037164,2025.07.21
KOP001414,역사적 장소,선정릉(선릉),37.507367676,127.047166015,06153 서울특별시 강남구 선릉로100길 1 (삼성동),http://royaltombs.cha.go.kr/html/HtmlPage.do?pg=/new/html/portal_01_08_01.jsp&mn=RT_01_08,02-568-1291,06:00 ~ 21:00 (3월 ~ 10월) 06:00 ~ 17:30 (11월 ~ 1월) 06:00 ~ 18:00 (2월),월요일,"○ 개인 - 만 25세 ~ 64세(내국인), 만 19세 ~ 64세(외국인) : 1,000원 ○ 단체(10인 이상) - 만 25세 ~ 64세(내국인), 만 19세 ~ 64세(외국인) : 800원 ※ 무료 대상자 및 상세 할인혜택은 공식 홈페이지를 참고해주세요.","선정릉의 전경입니다. 가운데에 전통적인 목조 건축물이 있고, 그 뒤로 무덤이 있습니다. 선릉은 서울 시민들에게 가장 귀에 익은 능입니다. 지하철 선릉역이 지나는 까닭입니다. 임금의 능이기도 하지만 점심시간 전후로는 직장인들의 공원 역할도 합니다. 그래서 사적 제199호인 선릉은 선릉공원이라고도 불립니다. 선릉은 조선 9대 임금 성종과 그의 계비인 정현왕후의 능을 말합니다. 하지만 선릉에는 두 사람의 아들인 중종의 능도 가까이 위치해 있습니다. 중종의 무덤은 정릉이라 합니다. 이렇듯 역사의 체험과 피크닉을 한 장소에서 누릴 수 있는 선정릉은 인근 직장인뿐 아니라 주말에는 가볍게 나들이 나온 연인이나 가족들로 북적이는 곳입니다. 접근성도 좋아 부담 없이 찾을 수 있다는 장점도 있습니다. 특히 벚꽃이 피는 4월에는 산책로를 따라 봄날의 화사함을 만끽하려는 이들로 더욱 분주합니다.",https://korean.visitseoul.net/attractions/%EC%84%A0%EC%A0%95%EB%A6%89%EC%84%A0%EB%A6%89/KOP001414,2025.06.20
KOP003176,역사적 장소,성균관 명륜당,37.586571436,126.996164392,110-812 서울특별시 종로구 성균관로 25-1,,02-760-1472,하절기(3월~10월) : 09:00 ~ 18:00 동절기(11월~2월) : 09:00 ~ 17:00,,,"성균관 유생들에게 학문을 가르치던 강당이었던 성균관 명륜당은 현재 성균관대 안에 위치하고 있습니다. 삼강오륜 등 ‘인륜을 밝히는 성균관의 명륜당이 자리’한 데서 붙여진 이름이라고 합니다. 성균관 명륜당 은행나무는 천연기념물 제59호로 아름답기로 유명합니다.",https://korean.visitseoul.net/attractions/%EC%84%B1%EA%B7%A0%EA%B4%80-%EB%AA%85%EB%A5%9C%EB%8B%B9/KOP003176,2025.06.24
KOP002395,역사적 장소,세검정,37.600891644,126.959704115,03018 서울특별시 종로구 세검정로 244 (세검정),http://tour.jongno.go.kr,02-731-0412,,,,"1976년 서울특별시 기념물 제4호로 지정된 세검정은 예로부터 널리 알려진 정자로 이것을 중심으로 한 일대를 통틀어 가리키는 대명사로도 쓰입니다. 인조반정 시기에 반란군이 세검정에서 창의문을 통과하여 궁궐을 공략했다고도 합니다. 세검정 앞에 있는 너럭바위를 차일암이라 부릅니다. 이곳은 조선 시대 실록 편찬을 완료한 후 사초나 초고들을 물에 씻어 글씨를 지우고 종이를 재생, 활용하도록 하는 세초를 하던 장소입니다. 세초는 사초의 유출을 막아 시비의 소지를 예방하기 위해 시행된 제도로 차일암에서 세초가 끝나면 세초연이 베풀어졌다고 합니다.",https://korean.visitseoul.net/attractions/%EC%84%B8%EA%B2%80%EC%A0%95/KOP002395,2025.06.20
KOP023758,역사적 장소,소덕문 터 (옛 서소문),37.562320263,126.972591859,04513 서울 중구 서소문로 100 (중앙일보 구관),,02-120,24시간,연중무휴,무료,"소덕문은 도성의 서남쪽인 숭례문과 돈의문의 중간지점에 있었습니다. 도성의 4개의 소문(小門) 중 하나로서 태조 5년에 다른 성문들과 함께 건설되었습니다. 일제 때인 1914년 도시 계획이라는 구실로 철거되었고 지금은 그 흔적을 찾아볼 수 없습니다.",https://korean.visitseoul.net/attractions/%EC%86%8C%EB%8D%95%EB%AC%B8-%ED%84%B0%EC%98%9B-%EC%84%9C%EC%86%8C%EB%AC%B8/KOP023758,2025.08.04
KOP010567,역사적 장소,송월동 일대,37.5700771,126.9652153,110-101 서울특별시 종로구 송월동 일대,,02-120,,,,"종로구 송월동 일대에는 덕수궁, 서울역사박물관, 경희궁, 숭례문, 서대문형무소역사관, 독립문 등 대한민국의 다양한 역사적 유적지들이 위치해 있습니다. 대한민국의 역사를 직·간접적으로 배우고 체험해 볼 수 있으며 서대문역 또는 독립문역을 이용하면 쉽게 접근할 수 있습니다.",https://korean.visitseoul.net/attractions/%EC%86%A1%EC%9B%94%EB%8F%99-%EC%9D%BC%EB%8C%80/KOP010567,2025.06.24
KOP001932,역사적 장소,순라길,37.577381141,126.991789831,03134 서울시 종로구 서순라길 161 (권농동) 일대,,02-120,,,,"순라길은 서울 종로구 원남동에 위치해 있습니다. 동순라길은 원남동 15106번지에서 인의동 90-5번지를, 서순라길은 권농동 113번지에서 봉익동 36-1번지를 말합니다. 자연적으로 발생한 골목길로 그 형태를 유지하고 있어 ‘역사문학 탐방로’로 지정되었습니다.",https://korean.visitseoul.net/attractions/%EC%88%9C%EB%9D%BC%EA%B8%B8/KOP001932,2025.06.21
KOP002010,역사적 장소,안동교회 소허당,37.578363258,126.983161276,03061 서울 종로구 윤보선길 57 (안동교회),http://www.andong-ch.org,02-733-3395,* 예배 종류에 따라 예배 시간이 상이하므로 홈페이지 확인 바람,,,"안동교회는 서울 종로구 안국동에 위치한 장로교회이다. 당시의 교회들은 서양선교사들의 주도로 지어졌으나 안동교회는 한국인들에 의해 북촌 양반마을에서 시작되었다는 점에서 의의가 있다고 합니다.",https://korean.visitseoul.net/attractions/%EC%95%88%EB%8F%99%EA%B5%90%ED%9A%8C-%EC%86%8C%ED%97%88%EB%8B%B9/KOP002010,2025.06.30
KOP004281,역사적 장소,안중근의사기념관,37.553472728,126.980403172,"04636 서울 중구 소월로 91 (남대문로5가, 안중근의사기념관)",http://www.ahnjunggeun.or.kr/,02-3789-1016,하절기(3월~10월) 10:00 ~ 18:00 동절기(11월~2월) 10:00 ~ 17:00 * 종료 1시간 전 입장 마감,-월요일 (월요일이 공휴일인 경우 개관하고 다음 날 휴관) -1월 1일 -설날(당일) -추석(당일),무료,"안중근의사 기념관은 1909년 이토 히로부미를 사살한 독립운동가 안중근 의사를 추모하는 기념관입니다. 총 12개의 전시실과 강당, 자료실, 휴게실 등이 있습니다. 또한, 매년 안중근의사 학술회와 해외 독립운동 사적지 탐방, 서예 백일장 등의 행사를 개최합니다.",https://korean.visitseoul.net/attractions/%EC%95%88%EC%A4%91%EA%B7%BC%EC%9D%98%EC%82%AC%EA%B8%B0%EB%85%90%EA%B4%80/KOP004281,2025.06.30
KOP002174,역사적 장소,암사동 선사주거지,37.561646503,127.130990961,05239 서울 강동구 올림픽로 875 (서울 암사동 유적),http://sunsa.gangdong.go.kr,02-3425-6520,AM 09:30 ~ PM 06:00 (입장 마감 PM 05:30),"월요일·신정 휴관 (단, 월요일이 공휴일일 때에는 공휴일 다음의 첫 번째 평일)","성인 500원, 어린이 300원 7세 이하 어린이, 65세 이상 노인, 국가유공자, 장애인, 국민기초생활 수급자 무료 30인 이상 단체 : 어른 400원, 학생 300원 축제 기간 중 무료 입장","우리나라의 대표적인 신석기시대 유적인 암사동 선사 유적지에서는 기원전 5,000년 전후의 선사시대 사람들의 생활상을 엿볼 수 있습니다. 탄화된 도토리와 그물추, 뗀석기와 간석기가 함께 출토되었습니다. 또한, 발굴 당시 총 25기의 집터가 있었지만, 현재는 그중 아홉 채만이 복원되어 있습니다. 유치원, 초등학생들을 대상으로 마련된 토기 제작 체험 프로그램이 있습니다. 토기를 가상으로 발굴해 볼 수 있는 프로그램도 있습니다.",https://korean.visitseoul.net/attractions/%EC%95%94%EC%82%AC%EB%8F%99-%EC%84%A0%EC%82%AC%EC%A3%BC%EA%B1%B0%EC%A7%80/KOP002174,2025.06.30
KOP001845,역사적 장소,약현성당,37.559148151,126.967452796,04506 서울시 중구 청파로 447-1,http://www.yakhyeon.or.kr/,02-362-1891,"전시관 09:00~18:00 미사시간 월요일 06:00 / 화요일 19:00 / 수요일 10:00 / 목요일 19:00 / 금요일 10:00 / 토요일 18:00 / 일요일 09:30, 11:00. 18:00 (*금요일 성지 미사 - 서소문 공원 안 서소문 순교성지 현양탑 아래에서 함) 미사 시간 전후로 성당 개방하지 않음","-월요일 -설날, 추석 연휴",,"중구 중림동에 있는 약현성당은 우리나라 최초의 서양식 벽돌조 고딕 성당으로 1892년 지어졌습니다. 1891년 박해가 끝나고 교회의 전통에 따라 서소문 성지가 내려다보이는 언덕 위에 순교자들의 넋을 기리고 그 정신을 본받기 위해 약현성당을 세웠습니다. 한국 근대 건축사의 중요한 의의를 지녀 건축된 이후 한국 교회 건축의 본보기가 되었습니다. 현재 건물은 1998년 화재로 훼손되었다가 복원 공사를 거쳐 완성된 것입니다.",https://korean.visitseoul.net/attractions/%EC%95%BD%ED%98%84%EC%84%B1%EB%8B%B9/KOP001845,2025.06.30
KOP001153,역사적 장소,양화진외국인선교사묘원,37.546515612,126.911755992,"04084 서울 마포구 양화진길 46 (합정동, 양화진홍보관)",http://www.yanghwajin.net/,02-332-9174,"개방시간 10:00~17:00 안내시간 월~토요일 AM 10:00, 11:30 / PM 02:00, 03:30 (※ 신정 (1월 1일), 설 연휴, 추석 연휴, 성탄절에는 안내를 제공치 않습니다.)","일요일 ※신정 (1월 1일), 설 연휴, 추석 연휴, 성탄절에는 안내를 제공치 않습니다.)",,"양화진외국인선교사묘원 전경입니다. 잔디 위에 10여 개의 묘비가 세워져 있습니다. 양화진외국인선교사묘원은 서울 마포구 합정동에 위치한 외국인 선교사들의 공동묘지입니다. 한국을 사랑하고 한국에 묻히기를 원했던 외국인 선교사들과 그 가족의 안식처입니다. 한국기독교 선교 100주년기념교회가 관리하고 있으며 한국선교기념관이 설립되어 있습니다.양화진대 양화진은 외국인 선교사 묘원이 들어서기 전부터 있었습니다. 한강에 자리한 한양의 천연 방어선이었는데 이에 진대(鎭臺)를 설치하고 방어 진지를 구축한 것입니다. 묘지공원과 절두산 사이에 그 진대가 남아 있습니다. 커다란 사각 틀을 따라 주춧돌이 남은 형태의 작은 공원으로 양화진의 역사를 상징합니다.",https://korean.visitseoul.net/attractions/%EC%96%91%ED%99%94%EC%A7%84%EC%99%B8%EA%B5%AD%EC%9D%B8%EC%84%A0%EA%B5%90%EC%82%AC%EB%AC%98%EC%9B%90/KOP001153,2025.06.22
KOP002435,역사적 장소,연세대학교 스팀슨관&언더우드관&아펜젤러관,37.565686941,126.945515444,03722 서울특별시 서대문구 연세로 50 (신촌동),http://www.yonsei.ac.kr/sc/intro/building2016.jsp,1599-1885,월요일~토요일 오전 9:00~5:00 연세대학교 캠퍼스 개방일 학교 내부 사정에 따라 이용 시간 및 이용 여하에 차이가 있음,,,"연세대학교 스팀슨관 사진입니다. 서양식 석조 건물이고, 담쟁이 덩굴로 덮여 있습니다. 건물 입구 앞으로 보행로가 있고, 양옆에 정원이 가꾸어져 있습니다. 연세대학교 스팀슨관은 신촌동 연세대학교에 있는 근대식 건물로 1981년 사적 제275호로 지정되었습니다. 연희전문학교 캠퍼스 당시 세워진 최초의 석조건물이었다고 합니다. 연세대학교 언더우드관은 스팀슨관에 이어 지어진 대한민국의 사적 제276호입니다. 연세대학교 아펜젤러관은 사적 제277호로 배재학당을 설립한 아펜젤러를 기념하기 위한 건물입니다.",https://korean.visitseoul.net/attractions/%EC%97%B0%EC%84%B8%EB%8C%80%ED%95%99%EA%B5%90-%EC%8A%A4%ED%8C%80%EC%8A%A8%EA%B4%80%EC%96%B8%EB%8D%94%EC%9A%B0%EB%93%9C%EA%B4%80%EC%95%84%ED%8E%9C%EC%A0%A4%EB%9F%AC%EA%B4%80/KOP002435,2025.06.22
KOP002250,역사적 장소,영학정,37.528324612,126.879009564,07990 서울 양천구 목동동로 316-8 (영학정),http://www.hwalsarang.com,010-5234-2322,"양궁 일일체험 평일[화,수] 오후 2시 ~ 4시 평일 선예약 반드시 인터넷이나 전화로 예약 요망. 주말에는 회원들만 이용할 수 있음.",,약 2만 5천원선,"옛 군사들의 훈련장이었던 영학정은 양궁장·국궁장·정자로 이루어져 있습니다. 월회비 2만 원의 회원제로 운영되고 있으며 예약 후 활·화살·강습이 모두 포함된 액티비티 프로그램을 이용할 수 있습니다. 영학정에서는 국내 최초의 전통 활인 국궁과 서양 활인 양궁을 모두 함께 체험할 수 있습니다.",https://korean.visitseoul.net/attractions/%EC%98%81%ED%95%99%EC%A0%95/KOP002250,2025.06.22
KOP004524,역사적 장소,영휘원 숭인원(홍릉),37.588686672,127.043698446,02456 서울 동대문구 홍릉로 90 (영휘원),http://royaltombs.cha.go.kr/tombs/selectTombInfoList.do?tombseq=135&mn=RT_01_07_02,02-962-0556,"2월 ~ 5월, 9월 ~ 10월 09:00 - 18:00 (매표 시간09:00 - 17:00) 6월 ~ 8월 09:00 - 18:30 (매표 시간 09:00 - 17:30) 11월 ~ 1월 09:00 - 17:30 (매표 시간 09:00 - 16:30)",월요일,"○ 개인 만 25세 ~ 64세(내국인), 만 19세 ~ 64세(외국인) : 1000원 지역주민: 500원 만 24세 이하 청소년, 만 65세 이상 어르신, 장애인, 유공자: 무료 ○ 단체(10인 이상) - 만 25세 ~ 64세(내국인), 만 19세 ~ 64세(외국인) : 800원 ※ 무료 대상자 및 상세 할인혜택은 공식 홈페이지를 참고해주세요.","청량리동에 위치한 조선 제26대 왕 고종 후비 순헌귀비 엄씨의 묘소인 영휘원은 1991년 사적 제361호로 지정되었습니다. 영휘원 내에 위치한 숭인원은 의민황태자의 아들 원손 이진의 무덤입니다. 1919년 고종이 죽었을 때 경기도 남양주시 금곡동으로 묘를 옮겼기 때문에 홍릉이라고 불립니다.",https://korean.visitseoul.net/attractions/%EC%98%81%ED%9C%98%EC%9B%90-%EC%88%AD%EC%9D%B8%EC%9B%90%ED%99%8D%EB%A6%89/KOP004524,2025.06.22
KOP003629,역사적 장소,예술가의 집 (구 서울대학교 본관),37.579921056,127.002938395,110-809 서울특별시 종로구 동숭길 3 (동숭동),https://www.arko.or.kr/arthouse/,02-760-4715,"층별로 상이 (일요일, 법정 공휴일 제외)",,,"대학로의 한국문화예술위원회 건물은 로마네스크 풍의 붉은 석조 건물입니다. 1928년 지어졌으니 80년이 된 건물. 최초의 용도는 경성제국대학의 본관이었습니다. 경성제국대학 본관 건물에는 우리나라 최초의 건축가라고 불리는 박길룡(朴吉龍)도 참여했습니다. 그는 조선총독부 설계에도 참여했으며 화신백화점과 간송미술관 등을 설계했습니다. 경성제국대학 본관은 철근 콘크리트 구조에 벽돌로 벽체를 쌓고 황갈색의 스크래치 타일로 마감했는데 비교적 단순하면서도 견고한 형태입니다. 광복 이후에는 서울대학교 본부로 이용됐습니다. 대학로라는 일대의 지명도 서울대학교에서 기인합니다. 현재는 예술가의 집으로 사용하고 있습니다. 예술가의 집은 우리나라 최초의 대학 본부이자 대학로라는 이름의 근원을 설명하는 유일한 증거기도 합니다. 지난 1981년 사적 제278호로 지정돼 보존해오고 있는 공연,연극 시설입니다.",https://korean.visitseoul.net/attractions/%EC%98%88%EC%88%A0%EA%B0%80%EC%9D%98-%EC%A7%91-%EA%B5%AC-%EC%84%9C%EC%9A%B8%EB%8C%80%ED%95%99%EA%B5%90-%EB%B3%B8%EA%B4%80/KOP003629,2025.06.30
KOP001862,역사적 장소,원효로성당,37.534209335,126.954593354,04361 서울 용산구 원효로19길 49 (원효로4가),http://songsim.org,02-701-5501,성지순례 시간 09:00 ~ 17:00,학교 측 사정에 따라 차이가 있음,,"원효로성당은 서울 용산구 원효로에 위치해 있으며 서울 용산신학교와 나란히 세워져 있습니다. 서울 용산신학교의 부속성당이며 프랑스 고딕풍 건축물로 한국 근대식 성당입니다. 규모는 작으나 단단하고 균형 잡힌 모습을 갖추고 있습니다.",https://korean.visitseoul.net/attractions/%EC%9B%90%ED%9A%A8%EB%A1%9C%EC%84%B1%EB%8B%B9/KOP001862,2025.06.30
KOP019540,역사적 장소,위안부 '기억의 터',37.558823253,126.990459366,04628 서울 중구 퇴계로26가길 6 (예장동) 서울종합방재센터,,,,,,"일본군 위안부 기억의 터는 서울특별시 중구 예장동 남산에 있는 공간으로 2016년 개장했습니다. '기억의 터'는 위안부 피해자 할머니들을 기리는 추모공원으로 그들의 증언록과 피해기록, 일제의 만행 등을 기록한 내용을 중심으로 조성되었고 인권과 평화의 의미를 담고있는 공간입니다.",https://korean.visitseoul.net/attractions/%EC%9C%84%EC%95%88%EB%B6%80-%EA%B8%B0%EC%96%B5%EC%9D%98-%ED%84%B0/KOP019540,2025.06.30
KOP003759,역사적 장소,윤봉길 의사 기념관,37.473082252,127.036983657,06773 서울 서초구 매헌로 99,http://www.yunbonggil.or.kr,02-578-3388,하절기(3월~10월) : 10:00 ~ 18:00 동절기(11월 ~ 3월) : 10:00 ~ 17:00 *종료 30분전 입장마감,"- 월요일 (월요일이 공휴일인 경우 개관, 다음 날 휴관) - 1월 1일 - 설날, 추석 연휴",무료,"서초구 양재동에 위치한 윤봉길의사 기념관은 지상 2층 규모로 설립되었습니다. 1층 유물전시실에서는 유물과 함께 윤봉길의사의 생애를 시기별로 소개하며 2층 독립운동 사진 전시실에서는 독립운동활동 자료들을 주제별로 제공합니다. 매주 월요일과 공휴일 다음 날은 휴관합니다. 1층 유물전시실을 관람하다 보면 윤봉길 의사의 유시 ´강보에 싸인 두 병정에게´(두 아들 모순과 담에게)가 전시돼 있습니다. 상하이 홍구공원 의거를 결행하기 앞서 남긴 유시로 두 아들에게 남긴 마지막 글입니다. ´너희도 만일 피가 있고 뼈가 있다면 반드시 조선을 위해 용감한 투사가 되어라´로 시작하는 유시를 읽어 내려가다 보면 나라의 독립에 목숨을 걸었던 윤봉길 의사의 숭고한 정신에 눈시울이 뜨거워집니다.",https://korean.visitseoul.net/attractions/%EC%9C%A4%EB%B4%89%EA%B8%B8-%EC%9D%98%EC%82%AC-%EA%B8%B0%EB%85%90%EA%B4%80/KOP003759,2025.08.06
KOP005205,역사적 장소,의릉,37.605931656,127.053834544,02789 서울 성북구 화랑로32길 146-37 (의릉),http://royaltombs.cha.go.kr/html/HtmlPage.do?pg=/new/html/portal_01_07_01.jsp&mn=RT_01_07,02-964-0579,"2월 ~ 5월, 9월 ~ 10월 09:00~18:00 (매표시간 09:00~17:00) 6월 ~ 8월 09:00~18:30 (매표시간 09:00~17:30) 11월 ~ 1월 09:00~17:30 (매표시간 09:00~16:30)",월요일,,"왼쪽 위 가운데에 비각이 보이고, 그 뒤에 무덤이 보이는 의릉(경종, 선의왕후) 전경과 오른쪽 위 기와 건축물과 뒤로 보이는 의릉 전경과 왼쪽 아래 기와 건축물 전경과 오른쪽 아래 건축물 내부 전경 성북구 석관동 한국예술종합학교 내부에 자리해 있는 조선 20대 왕 경종과 선의왕후의 무덤인 의릉은 일반적으로 나란히 놓이는 쌍릉과 달리 왕과 왕비의 능이 앞뒤로 배치돼 있습니다. 앞서 자리한 것이 선의왕후의 무덤이고, 뒤가 경종의 능입니다.",https://korean.visitseoul.net/attractions/%EC%9D%98%EB%A6%89/KOP005205,2025.08.06
KOP004863,역사적 장소,서울중앙성원,37.533279807,126.997297988,04405 서울 용산구 우사단로10길 39,http://www.koreaislam.org,02-793-6908,방문가능시간 10:30~17:00,,,"이슬람 서울중앙성원의 외관 사진입니다. 아치형 입구가 여러개 있고, 양쪽에 첨탑이 높이 솟아 있습니다. 건물의 위쪽 부분에 아랍어로 쓴 현판이 있습니다. 서울 용산구 한남동에 위치한 서울 중앙 성원은 1969년 5월 한국정부의 특별배려에 따라 약 1,500평원의 성원건립 부지를 마련해주고 사우디아라비아를 비롯한 전세계 이슬람국가들이 성원건립 비용을 지원하며 1974년 10월 착공, 1976년 5월 21일에 개원한 한국 최초의 이슬람 성원입니다. 한강과 남산의 중간지점에 자리한 서울 중앙 성원은 1층과 2층에 예배실이, 별관건물 지하 1층에 남녀 우두실, 1층에는 강의실 2층에는 사무실이 자리해있습니다. 부속건물인 이슬람센터에는 무슬림 어린이들을 위한 이슬람선교원, 무슬림 신도회, 여성회, 도서실 등이 마련되어 있습니다. 서울 중앙 성원 외부에는 무슬림과 일반인들이 편리하게 구경할 수 있는 할랄음식점, 할랄 정육점, 이슬람서점, 할랄슈퍼, 여행사 등으로 이루어져 있습니다.",https://korean.visitseoul.net/attractions/%EC%9D%B4%EC%8A%AC%EB%9E%8C-%EC%84%9C%EC%9A%B8%EC%A4%91%EC%95%99%EC%84%B1%EC%9B%90/KOP004863,2025.08.02
KOP037008,랜드마크,익선동 한옥거리,37.573393308,126.990918853,03133 서울 종로구 돈화문로11가길 17 (익선동),,,,,,"서울 익선동은 1920년대 한옥이 아름답게 보존된 골목 사이로 트렌디한 카페, 개성 있는 맛집, 감성적인 소품 가게들이 어우러져 과거와 현재가 공존하는 독특한 분위기를 자아내는 매력적인 동네입니다. 근처 인사동 거리와는 또 다르게 퓨전식으로 개조된 카페, 음식점, 각종 샵들이 자리잡고 있어서 많은 연인들이 찾는 서울 대표 데이트 코스입니다. 작은 거리지만 겨울이나 밤에 방문하면 더 운치 있는 곳입니다.",https://korean.visitseoul.net/attractions/%EC%9D%B5%EC%84%A0%EB%8F%99%ED%95%9C%EC%98%A5%EA%B1%B0%EB%A6%AC/KOP037008,2025.04.23
KOP037130,랜드마크,일자산허브천문공원,37.5374126696949,127.154246407064,134-060 서울 강동구 둔촌동 산86,http://cafe.daum.net/herbparks/,,,,무료,"일자산허브천문공원의 일부 장소, 붉은 조명이 들어오는 데크로 된 계단과 계단의 끝으로 보이는 밤 하늘 서울 강동구 둔촌동에 위치한 일자산 허브천문공원, 작지만 예쁘게 꾸며진 자연을 만끽할 수 있는 공원입니다. 24시간 이용 가능한 천문대가 있으며 싱그러운 허브가 펼쳐져 있어 허브향을 맡으며 잘 가꾸어진 산책로와 조깅 코스를 통해 여유를 느낄 수 있는 공간입니다. 특히 야간에는 바닥 곳곳에 설치된 수백 개의 오색 별자리를 볼 수 있어 더욱 아름답습니다.",https://korean.visitseoul.net/attractions/%EC%9D%BC%EC%9E%90%EC%82%B0%ED%97%88%EB%B8%8C%EC%B2%9C%EB%AC%B8%EA%B3%B5%EC%9B%90/KOP037130,2025.07.30
KOP037158,랜드마크,자하문터널,37.5931112,126.9639106,서울 종로구 부암동,,,,,,"자하문 터널은 서울의 청운동과 부암동을 잇는 터널로 영화 기생충 촬영지로 급부상한 관광지입니다. 영화에서 기택과 가족들이 비를 맞으며 이곳을 지나가는 장면이 화제가 되어 수많은 관광객들이 이곳을 방문하고 있습니다.",https://korean.visitseoul.net/attractions/%EC%9E%90%ED%95%98%EB%AC%B8%ED%84%B0%EB%84%90/KOP037158,2025.08.01
KOP034860,역사적 장소,전태일기념관,37.568473554,126.989287832,"03191 서울 종로구 청계천로 105 (관수동, 전태일기념관)",http://taeil.org,02-318-0903,하절기 (3월~10월) 10:00 ~ 18:00 동절기 (11월~2월) 10:00 ~ 17:30,"월요일, 1월 1일, 명절 당일 휴무",무료,"아름다운청년 전태일기념관은 한국노동운동사에서 중요한 기점을 마련한 전태일의 역사적 의미를 재조명하기 위해 서울시가 건립한 노동복합시설입니다. 전태일은 노동자가 건강하게 일하고 공부할 수 있는 사람 중심의 세상을 만들기 위해 자신의 모든 것을 바쳤습니다. 아름다운청년 전태일기념관은 전태일의 꿈을 이루기 위한 사랑, 연대의 정신으로 노동자, 청년, 시민과 함께 행동하고자 합니다.",https://korean.visitseoul.net/attractions/%EC%A0%95%EB%8F%99%EA%B7%B9%EC%9E%A5/KOP001421,2025.08.03
KOP000889,역사적 장소,정동길,37.567976384,126.969251506,04516 서울 중구 정동길 2 (충정로1가),,,,,,"정동길 하면 떠오르는 이미지들이 몇 개 있습니다. 서울에 몇 안 남은 고풍스러운 동네, 사람으로 들끓지 않고 여유로운 분위기를 잘 지킨 동네, 산책하기 좋은 동네 등등. 모두 맞는 말입니다. 하지만 정동길에는 개화기에서 근대 초기에 이르기까지 우리의 역사를 관통하는 유서 깊은 건물들도 많이 남아 있습니다. 정동길은 근대 서구 열강들의 영사관들이 밀접했던 장소입니다. 러시아 대사관, 미국 대사관, 독일 대사관, 영국 대사관 등이 정동길을 따라 자리했습니다. 정동교회와 이화여고, 예원여고 등 근대 초기에 지은 종교 및 교육 시설도 남았습니다. 한 세기 가까이 지난 지금은 그 역사의 흔적을 뒤로하고 문화의 거리로 거듭나고 있습니다. 이화여고와 예원여고의 담장에는 공공 미술의 아름다움이 깃들어 있고, 난타 전용관과 정동극장, 서울시립미술관 등의 문화 시설도 자리하고 있습니다.",https://korean.visitseoul.net/attractions/%EC%A0%95%EB%8F%99%EA%B8%B8/KOP000889,2025.08.03
KOP002132,역사적 장소,정동제일교회,37.564866222,126.972525166,04516 서울특별시 중구 정동길 46 (정동),http://chungdong.org/,02-753-0001~3,"만곤 기독교 역사자료실 (사전 예약 필요) 화 ~ 금요일 10:00 ~ 17:00, 토요일 10:00 ~ 14:00 예배와 기도 일정에 따라 이용 시간에 차이가 있음","만곤 기독교 역사자료실은 월요일, 일요일",,"1885년 미국인 목사 아펜젤러가 마련한 정동제일교회는 한국 최초의 프로테스탄트 교회 건축물이자 한국 기독교대한감리회의 대표적인 교회입니다. 배움의 집, 무의촌 진료, 직장인을 위한 예배, 군선교, 방송선교, 미자립교회 보조, 해외선교사 파송 등 여러 선교프로그램을 진행하고 있습니다. 화 ~ 금요일 10:00 ~ 17:00, 토요일 10:00 ~ 14:00 교회 건물 앞의 원형 로터리 광장 바닥에는 정동의 옛 지도가 그려져 있습니다. 타일에 박힌 이 지도에는 18세기 중엽, 구한말, 해방 후, 현재의 정동으로 나뉘어 시간의 흐름에 따라 변해온 정동의 모습이 담겨 있습니다. 그동안 못 보고 지나쳤다면 교회에 들어서기 전 한번쯤 눈을 돌려보세요.",https://korean.visitseoul.net/attractions/%EC%A0%95%EB%8F%99%EC%A0%9C%EC%9D%BC%EA%B5%90%ED%9A%8C/KOP002132,2025.08.06
KOP003459,역사적 장소,정릉,37.601314766,127.006632809,"02813 서울 성북구 아리랑로19길 116 (정릉동, 정릉)",https://royaltombs.cha.go.kr/html/HtmlPage.do?pg=/new/html/portal_01_06_01.jsp&mn=RT_01_06,02-914-5133,"2월 ~ 5월, 9월 ~ 10월 06:00~18:00 (매표 시간06:00~17:00) 6월 ~ 8월 06:00~18:30 (매표 시간06:00~17:30) 11월 ~ 1월 06:30~17:30 (매표 시간06:30~16:30)",월요일,"○ 개인 - 만 25세 ~ 64세(내국인), 만 19세 ~ 64세(외국인) : 1,000원 ○ 단체(10인 이상) - 만 25세 ~ 64세(내국인), 만 19세 ~ 64세(외국인) : 800원 ※ 무료 대상자 및 상세 할인혜택은 공식 홈페이지를 참고해주세요. ※ 연산군묘는 무료 관람","정릉은 태조의 계비 신덕왕후의 능으로, 극진히 사랑했던 신덕왕후가 갑자기 승하하자 태조는 도성 안 덕수궁 뒤편에 능역을 조성했습니다. 강씨의 봉분 우측에 훗날 자신이 묻힐 자리까지 함께 마련하여 능호를 정릉으로 정하였던 것입니다. 실제로 정릉은 다른 왕릉과 비교했을 때 석물이 빈약합니다. 병풍석이나 난간석은 봉분에서 사라지고 4각 장명등, 고석, 상석 등만이 원래의 것으로 추정됩니다. 장명등의 경우 생김새가 독특한데, 고려 시대 공민왕릉의 양식을 따른 것으로 조선 시대 능역의 가장 오래된 석물인 동시에 예술적 가치가 높습니다. 정릉의 공간은 자연 지형에 맞추어 절선축(折線軸) 기법으로 조성됐습니다. ‘절선축 기법’이란 진입로와 중심 영역의 축이 일직선이 아니라 축을 꺾어서 연결시켜 시각적 흐름을 단절시키는 기법입니다. 걷는 방향에 따라 눈앞에는 새로운 풍경이 펼쳐지고, 이리저리 꺾으면서 거니는 재미가 쏠쏠합니다.",https://korean.visitseoul.net/attractions/%EC%A0%95%EB%A6%89/KOP003459,2025.08.04
KOP002586,역사적 장소,조계사,37.573893212,126.981881741,03144 서울특별시 종로구 우정국로 55 (조계사),http://www.jogyesa.kr,02-768-8600,"법회, 기도 불공 등 사찰 일정에 따라 이용 시간에 차이가 있음",,,"조계사는 1910년, 조선불교의 자주화와 민족자본 회복을 염원하는 스님들에 의해 각황사란 이름으로 창건되었습니다. 당시 각황사는 4대문 안에 최초로 자리 잡은 사찰이었습니다. 1937년에 각황사를 현재의 조계사로 옮기는 공사를 시작했고 현재의 조계사는 서울의 도심인 종로 한가운데 위치한 유일한 전통 사찰로서, 휴식과 여유를 느낄 수 있는 곳입니다. 또한 24시간 경내 개방을 통해 내국인, 외국인 상관없이 누구나 원하는 시간에 들를 수 있습니다. 매년 석가탄신일을 기념하여 조계사와 종로 인근에서 성대하게 펼쳐지는 연등축제는 일반인과 외국인 관광객에게 좋은 볼거리가 되고 있습니다.",https://korean.visitseoul.net/attractions/%EC%A1%B0%EA%B3%84%EC%82%AC/KOP002586,2025.07.19
KOP000507,역사적 장소,종묘,37.574918958,126.994963506,"03135 서울 종로구 종로 157 (훈정동, 종묘공원)",http://jm.cha.go.kr/agapp/main/index.do?siteCd=JM,02-765-0195,"월요일, 수요일~금요일: 시간제 관람 (정해진 시간에 입장해 해설사와 동행하며 단체로 관람하고 함께 퇴장하는 제도) 한국어 해설 관람시간 9:20 / 10:20 / 11:20 / 12:20 / 13:20 / 14:20 / 15:20 / 16:20 / (3~9월) 16:40 *1시간 소요 영어 해설 관람시간 10:00 / 12:00 / 14:00 / 16:00 일본어 해설 관람시간 09:30 / 11:40 / 13:40 / 15:40 중국어 해설 관람시간 11:00 / 15:00 토요일, 일요일, 공휴일, 매월 마지막 수요일 일반관람 가능 2월 ~ 5월, 9월 ~ 10월 09:00~18:00 (입장마감 17:00) 6월 ~ 8월 09:00~18:30 (입장마감17:30) 11월 ~ 1월 09:30~17:30 (입장마감16:30) (※ 자세한 사항은 홈페이지를 참고해주세요.)",화요일,"1,000원","왕의 위패를 모시고 제를 올리는 종묘는 조선의 역사에 더없이 중요한 장소였습니다. 임금이 새로 왕위에 오르면 가장 먼저 종묘와 사직에 나아가 절을 하며 제사를 드렸습니다. 종묘는 단순한 구조의 재실을 길게 연결해 장엄한 엄숙미를 연출합니다. 이곳에서 지내는 제사인 종묘대제(宗廟大祭)는 삼국 시대부터 있었던 국가적인 행사로 국가 통치 질서의 기본이었습니다. 종묘제례는 1975년 중요무형문화재 제56호로 지정되었고 유네스코는 1995년 종묘를 세계문화유산으로 지정하였습니다. 궁궐의 건축이 화려하다면 종묘는 조용하고 단아합니다. 특히 맞배지붕이 보여주는 건축미는 빼어난 한국의 전통 건축기술을 자랑합니다. 종묘는 신주를 모시고 제사를 지내는 정전, 조종과 자손이 길이 평안하라는 의미를 담고 있는 영녕전, 그리고 전사청, 어숙실, 향대청, 신당 등으로 이루어져 있습니다. 종묘제례 매해 5월 첫째 주 일요일이 되면 종묘에서는 종묘제례 의식이 진행됩니다. 이 역시 세계무형유산으로 지정된 문화재로 조선 시대에는 춘하추동의 첫 달과 그해 12월 섣달에 대제를 올렸습니다. 각 제사 의례에 맞추어 경건한 분위기에 어울리는 춤과 음악이 곁들여지는데 이를 종묘제례악이라 합니다. 그 음악성이 매우 뛰어나고 장엄해 역사적으로 큰 가치를 지닙니다. 이 음악 역시 세계무형유산으로 지정되었습니다. 영녕전 제례는 오전 9시 30분부터 11시 30분까지 진행되고 정전 제례는 오후 1시부터 3시까지 진행됩니다.",https://korean.visitseoul.net/attractions/%EC%A2%85%EB%AC%98/KOP000507,2025.08.03
KOP041904,역사적 장소,중랑망우공간,37.598977509,127.114382819,"02178 서울 중랑구 망우로91길 2 (망우동, 중랑 망우공간)",https://manguripark.or.kr/,02-496-8974~6,월요일~금요일 09:00-18:00,,무료,"바닥과 천장, 벽이 콘크리트로 둘러싸인 공간 한 켠에 미디어 월이 설치된 모습 오랫동안 공동묘지로 사용되었던 망우리가 유관순, 한용운, 안창호, 방정환 등 독립운동가들의 얼을 기리기 위한 '망우역사문화공원'으로 재탄생했습니다. 그 속에 위치한 '중랑망우공간'은 망우산의 고요한 자연을 거닐며 위인들의 숭고한 뜻을 기릴 수 있도록 새롭게 조성된 공간입니다. 중랑망우공간은 크게 관리동과 전시동의 두 건물로 이루어져 있습니다. 관리동은 망우역사문화공원의 묘역 관리와 추모식 등을 진행하며, 전시동에서는 망우리에 잠든 문인들의 작품 등이 전시됩니다. 중랑망우공간 내 카페와 기획전시실은 운영 시간이 다르므로 별도 확인이 필요합니다.",https://korean.visitseoul.net/attractions/%EC%A4%91%EB%9E%91%EB%A7%9D%EC%9A%B0%EA%B3%B5%EA%B0%84/KOP041904,2025.08.05
KOP006251,역사적 장소,진관사,37.637793842,126.947151724,03308 서울특별시 은평구 진관길 73 (진관동),http://www.jinkwansa.org,02-359-8410,,,,"진관사 대웅전의 외관 사진입니다. 지붕이 기와로 된 전통적인 사찰 건물입니다. 건물 상단 중앙에 한자로 대웅전이라고 써진 현판이 있습니다. 고려시대 고찰인 진관사는 고려 현종이 진관조사를 위해 지은 절입니다. 대웅전, 명부전, 홍제루, 동정각, 나한전, 독성전, 칠성각, 나가원, 객실 등으로 구성돼 있습니다. 휴식형, 불교 문화체험형, 단체형으로 나뉜 템플스테이와 어린이와 청소년 대상의 템플스테이도 진행하고 있습니다. 북한산 국립공원 내에 위치하고 있어 아름다운 자연 경관을 가지고 있습니다. 산책로를 따라 트래킹을 하거나 카페에서 차를 마시며 여유로운 시간을 보내기에 좋습니다",https://korean.visitseoul.net/attractions/%EC%A7%84%EA%B4%80%EC%82%AC/KOP006251,2025.08.04
KOP005538,랜드마크,청와대 사랑채,37.584090625,126.974815085,03048 서울 종로구 청와대로 1 (세종로),https://www.opencheongwadae.kr/mps,02-730-5800,3월~11월 09:00 ~ 18:00 (입장마감 17:00 / 실내입장마감 17:30) 12월~2월 09:00 ~ 17:30 (입장마감 16:30 / 실내입장마감 17:00) *2025년 8월 1일~ 관람 임시 중단. 자세한 사항은 홈페이지를 참고해주세요.,"화요일에는 개방하지 않습니다. (*다만 화요일이 공휴일 또는 대체공휴일과 겹치는 경우에는 화요일은 정상 개방되며, 그 다음날이 휴관일이 된다.)",,"푸른 기와집을 뜻하는 '청와대'는 대한민국 대통령의 관저였지만 2022년 6월, 국민들에게 개방되며 하나의 관광 명소로 자리잡았습니다. 본관에는 대통령 집무실, 접견실, 회의실 등이 있으며 부속 건물로는 춘추관, 영빈관, 후원 등이 있습니다. 청와대는 매주 화요일 휴무이며, 청와대 사이트에서 관람 예약이 가능합니다. 청와대 경내를 돌아보는데에는 녹지원, 상춘재, 관저, 영빈관, 본관 등 청와대 경내 전체를 여유 있게 둘러보는 데, 평균적으로 1시간 30분~2시간 정도 소요됩니다.",https://korean.visitseoul.net/attractions/%EC%B2%AD%EC%99%80%EB%8C%80/KOP005538,2025.08.01
KOP027112,역사적 장소,초대길,37.643445069,127.002840874,01013 서울 강북구 4.19로 114 (수유동) 근현대사기념관 (출발),,02-901-6114,,,무료,"초대길은 강북구 근현대사기념관 개관을 기념하여 새롭게 기획된 둘레길 코스입니다. 초대 검사 이준, 초대 국회부의장 신익희, 초대 대법원장 김병로, 초대 부통령 이시영 선생 등 대한민국 근현대사 초대 직위를 역임하신 분들의 묘역 길을 탐방합니다. 근현대사 기념관-신익희선생묘역-이준열사묘역-김병로선생묘역-광복군합동묘역-이시영선생묘역 등이 있습니다. 강북구에는 일성 이준, 해공 신익희 등 순국선열•애국지사와 4.19혁명을 기리는 국립4.19민주묘지, 3.1운동의 발원지 봉황각 등 근현대사 역사문화 유산이 산재해 있습니다.",https://korean.visitseoul.net/attractions/%EC%B4%88%EB%8C%80%EA%B8%B8/KOP027112,2025.08.06
KOP039629,역사적 장소,춘당지,37.581302011,126.995079441,"03072 서울 종로구 창경궁로 185 (와룡동, 창경궁)",http://cgg.cha.go.kr/agapp/public/html/HtmlPage.do?pg=/cgg/01/virtual_01.jsp&pageNo=79010000&siteCd=CGG,02-762-4868,09:00 ~ 20:00 (매표 및 입장시간) 09:00 ~ 21:00 (관람시간),매주 월요일 (휴무일이 공휴일일 경우 익일 휴무),"<내국인> 1,000원 (만 25세 ~ 만 64세 내국인) * 만 24세 이하 및 만 65세 이상 국민 무료 (내국인) / 추가적인 무료 관람 기준은 홈페이지에서 확인해 주세요. (무료입장 시 확인을 위해 신분증을 꼭 지참해 주세요.) <외국인> 1,000원 (만 19세 ~ 64세 외국인) 무료 (만 18세 이하 외국인) * 매월 마지막 수요일, 한복착용자, 만 65세 이상 무료 (외국인)","창경궁 뒤뜰에서는 아름다운 춘당지를 만나 볼 수 있습니다. 북악산에서 흘러 내려온 물이 모여 연못이 되어 춘당지가 되었습니다. 작은 연못을 소춘당지라고 하고, 큰 연못을 대춘당지라 하는데 지금의 대춘당지는 1984년 창경궁이 복원되면서 한국식 정원으로 바뀌었다고 합니다. 특히 궁의 고즈넉한 분위기와 잔잔한 연못 위에 비추는 알록달록한 단풍의 아름다움은 가을에 놓치지 말아야 할 풍경입니다. 연못가 근처에서 창경궁 팔각칠층석탑도 만나 볼 수 있으며 고요한 분위기 속에 천천히 걷기 좋은 힐링 산책 명소입니다.",https://korean.visitseoul.net/attractions/%EC%B6%98%EB%8B%B9%EC%A7%80/KOP039629,2025.08.04
KOP002299,역사적 장소,"태릉, 강릉",37.63014563,127.097478309,"01794 서울 노원구 화랑로 681 (공릉동, 태강릉)",http://royaltombs.cha.go.kr/html/HtmlPage.do?pg=/new/html/portal_01_05_01.jsp&mn=RT_01_05,02-948-5668,"2월 ~ 5월, 9월 ~ 10월 06:00~18:00 (매표시간 09:00~17:00) 6월 ~ 8월 06:00~18:30 (매표시간 09:00~17:00) 11월 ~ 1월 06:30~17:30 (매표시간 09:00~17:00)",월요일,"○ 개인 - 만 25세 ~ 64세(내국인), 만 19세 ~ 64세(외국인) : 1,000원 ○ 단체(10인 이상) - 만 25세 ~ 64세(내국인), 만 19세 ~ 64세(외국인) : 800원 ※ 무료 대상자 및 상세 할인혜택은 공식 홈페이지를 참고해주세요.","태릉과 강릉은 서울 노원구 화랑로에 위치한 조선시대 왕릉으로 태릉과 강릉 중간 지역엔 대한체육회에서 운영하는 태릉선수촌이 있습니다. 문정왕후의 능인 태릉과 명종과 인순왕후의 능인 강릉의 합장으로 서울 노원구 공릉동에 위치해 있습니다. 2월 ~ 5월, 9월 ~ 10월 06:00~18:00 (매표시간 09:00~17:00) 정자각 태릉으로 가기 위해선 홍살문을 통과해야 합니다. 태릉은 다른 능과 마찬가지로 홍살문에서 정자각을 거쳐 능원까지 일직선으로 배치되어 있습니다. 정자각 오른쪽에는 두 개의 계단이 있습니다. 그중 왼쪽의 화려한 계단은 선왕의 혼령이, 오른쪽의 계단은 왕이 오르는 계단입니다. 선왕의 혼령은 제향 후 능으로 올라가고 왕은 정자각 왼쪽에 있는 한 개의 계단으로 내려오게 됩니다.",https://korean.visitseoul.net/attractions/%ED%83%9C%EB%A6%89-%EA%B0%95%EB%A6%89/KOP002299,2025.08.04
KOP001953,역사적 장소,풍납토성,37.538694783,127.120860156,05512 서울특별시 송파구 한가람로20길 30 (풍납동),,02-2147-2800,,,,"풍납토성은 서울 송파구 풍납동에 있는 백제시대 토성 터입니다. 삼국시대의 토기 조각들이 많이 발견된 곳이며 당시 주민이 생활하던 주거지역으로 추정됩니다. 한강 유역의 백제 유적 중에서 최대 규모를 자랑하는 토성 유적입니다. 몽촌토성은 풍납토성과 더불어 백제 위례성 시대의 대표적인 토성으로 평가됩니다. 올림픽공원을 조성하며 발굴이 이뤄졌습니다. 아직 완전히 복원되지 않은 풍납토성에 비해 비교적 잘 가꿔져 시민들의 산책로로도 애용됩니다. 풍납토성과 비교하며 걸어봐도 좋을 듯합니다.",https://korean.visitseoul.net/attractions/%ED%92%8D%EB%82%A9%ED%86%A0%EC%84%B1/KOP001953,2025.08.06
KOP042255,랜드마크,피겨앤그라운드,37.520162346,127.023901452,"06036 서울 강남구 논현로153길 53 (신사동, 피겨앤그라운드)",,,1층 카페(컨플릭트스토어) 매일 10:00 ~ 22:00,,,"건물 전체를 연결하는 중앙 나선형 계단을 둘러싼 원통형 기둥 벽면에 아치형 출입구가 나 있는 모습 붉은색 가벽 2개를 이용해 공간을 셋으로 나누고, 각 공간마다 철재로 만든 테이블과 검정색 의자가 놓여 있는 모습 원기둥 모양의 구조물이 중앙에 있고, 하늘이 탁 트여 있는 피겨앤그라운드 옥상 정원의 모습 ‘피겨앤그라운드’는 건축에서 흔히 사용되는 재료인 적벽돌옷을 입고 있지만 얇은 띠를 두른 듯한 외관이 강렬한 세련미를 내뿜습니다. 지어진 지 30여 년이 넘은 오래된 건축물의 특색을 남긴 채 재구성하여 리모델링 했다는 점에서 더 의미가 있습니다. 저층부에는 카페와 편집숍이, 상층부에는 공유 오피스가 한 건물에 함께 공존하는 ‘피겨앤그라운드’는 평일과 주말, 낮과 밤 모두 활기를 갖습니다.",https://korean.visitseoul.net/attractions/%ED%94%BC%EA%B2%A8%EC%95%A4%EA%B7%B8%EB%9D%BC%EC%9A%B4%EB%93%9C/KOP042255,2025.08.02
KOP002126,랜드마크,한강 이랜드크루즈,37.524963927,126.939019009,"07337 서울 영등포구 여의동로 280 이랜드크루즈 매표소, 서울 송파구 백제고분로 2 잠실 이크루즈",https://blog.naver.com/ecruise00,02-6291-6900,"10:00 ~ 22:00 (운항 코스별 상이) - 출발지, 회항/편도 노선에 따라 소요 시간 상이 - 자세한 운행 시간은 홈페이지 참고 혹은 전화 문의 부탁드립니다.","천재지변, 기상 악화시",,"한강을 즐기기에 가장 좋은 방법은 바로 유람선입니다. 시원한 강바람을 맞으며 한강 양쪽의 경치를 모두 감상할 수 있기 때문입니다. 한강의 낮과 밤 풍경을 충분히 즐길 수 있도록, 다양한 시간대의 크루즈가 준비되어있습니다. '한강 투어 크루즈'는 매일 낮시간에 운행되는 크루즈로, 라이브 공연을 즐기며 서울의 도심을 구경할 수 있습니다. 매일 오후 6시에는 '선셋 크루즈'가 운행되어 로맨틱한 노을을 감상할 수 있고, 저녁과 밤 시간대에는 '달빛 뮤직 크루즈'와 '별빛 크루즈'가 운행되어 선상에서 아름다운 한강의 야경을 바라볼 수 있습니다. 이외에도 화려한 불꽃놀이를 함께 즐기는 불꽃 뮤직 크루즈, 뷔페나 샴폐인을 곁들이는 디너 크루즈도 마련되어있습니다. 새빛 둥둥섬, 노들섬, 여의도, 국회의사당, 잠실 등 서울 곳곳의 명소를 선상에서 라이브 음악을 감상하며 즐길 수 있습니다. 연인, 친구, 가족들과 함께 오붓한 시간을 보내기에도 좋고, 혼자 방문하여 사색을 즐기는 시간을 갖기에도 좋습니다. 코스 별로 운항 정보가 상이하므로 자세한 내용은 홈페이지를 참고하는 것을 추천합니다.",https://korean.visitseoul.net/attractions/%ED%95%9C%EA%B0%95-%EC%9D%B4%EB%9E%9C%EB%93%9C%ED%81%AC%EB%A3%A8%EC%A6%88/KOP002126,2025.07.29
KOP005240,역사적 장소,헌인릉,37.465377823,127.083715654,06795 서울 서초구 헌인릉길 36-10 (헌인릉),http://royaltombs.cha.go.kr/html/HtmlPage.do?pg=/new/html/portal_01_09_01.jsp&mn=RT_01_09,02-445-0347,"2월 ~ 5월, 9월 ~ 10월 09:00 ~ 18:00 6월 ~ 8월 09:00 ~ 18:30 11월 ~ 1월 09:00 ~ 17:30 (매표는 관람종료 1시간 전까지만 가능)",월요일,"일반(만25세~만64세) 1,000원 외국인 (만19세~만64세) 1,000원 지역주민 500원","헌인릉의 입구 사진입니다. 입구 뒤로 보이는 잔디 언덕 너머에 헌인릉이 있습니다. 헌인릉의 입구 사진입니다. 입구 뒤로 보이는 잔디 언덕 너머에 헌인릉이 있습니다. 헌인릉은 조선 제3대 임금인 태종과 왕비의 능인 헌릉과 제23대 순조와 왕비의 인릉을 합쳐 부르는 말입니다. 조선 초기의 왕릉과 후기의 왕릉을 한 자리에서 볼 수 있는 이곳에서는 음력설마다 전통 민속놀이마당이 열립니다. 매주 토요일에는 왕릉 지킴이의 설명도 들을 수 있습니다.",https://korean.visitseoul.net/attractions/%ED%97%8C%EC%9D%B8%EB%A6%89/KOP005240,2025.08.03
KOP002021,역사적 장소,화계사,37.63241902,127.0070404,"01095 서울 강북구 화계사길 117 (수유동, 화계사)",http://www.hwagyesa.org,02-902-2663,"법회, 기도 불공 등 사찰 일정에 따라 이용 시간에 차이가 있음",,,"화계사는 강북구 수유동 삼각산 숲 내에 위치한 사찰로 도심과도 인접해 있어 자연의 정취를 느끼고자 많은 시민이 방문하고 있습니다. 외국인 승려들과 불자들이 수행하고 있으며 일반인 방문객 역시 체험형, 휴식형, 당일형 등 필요에 따라 템플스테이 프로그램을 체험할 수 있습니다.",https://korean.visitseoul.net/attractions/%ED%99%94%EA%B3%84%EC%82%AC/KOP002021,2025.08.04
KOP004198,역사적 장소,환구단(원구단),37.564498901,126.98021491,서울시 중구 소공로 106 (소공동),,02-3396-5880,,,,"환구단은 하늘에 천자가 제사를 드리는 제천단입니다. 서울특별시 중구에 있는 조선시대 제단으로 1967년 사적 제157호로 지정된 바 있습니다. 조선시대 고종 광무 원년에 조성된 환구단은 다른 이름으로 환단이라고도 불렸으며, 최근 환구단의 명칭을 원구단으로 통일하였습니다. 지금의 환구단은 1897년 고종의 황제 즉위식과 제사를 지낼 수 있도록 옛 남별궁 터에 단을 만들어 조성한 단지입니다. 처음 조성된 단지는 1913년 일제에 의해 철거되고 그 자리에 철도호텔이 들어서면서 축소되었으며, 지금은 황궁우와 석고 그리고 3개의 아치가 있는 석조 대문만이 보존되어 조선호텔 경내에 남아있습니다. 고종 즉위 40주년을 기념해 만든 제례 악기 석고는 돌로 만든 북으로 몸체에 화려한 용 무늬를 새겨넣었습니다. 조선 말기 조각의 걸작으로 꼽힙니다.",https://korean.visitseoul.net/attractions/%ED%99%98%EA%B5%AC%EB%8B%A8%EC%9B%90%EA%B5%AC%EB%8B%A8/KOP004198,2025.08.04
KOP029766,역사적 장소,황학정,37.578144263,126.963838535,03027 서울 종로구 사직로9길 15-32 (사직동),http://www.hwanghakjeong.org/,02-738-5785,국궁전시관 10:00~17:00,"월요일, 1월 1일, 설 당일, 추석 당일",,"황학정은 국민들의 심신단련을 위해 궁술은 장려되어야 한다고 생각하는 고종황제의 뜻에 따라 지어진 유서 깊은 활터입니다. 본래 경희궁 내에 위치하고 있었지만, 1922년 이후 지금의 인왕산 아래로 자리를 옮겼습니다. 황학정의 활터는 수려한 광경으로 이름을 날렸으며 아래에는 국궁 전시관이 자리하여 국궁에 관한 모든 정보를 습득할 수 있습니다.",https://korean.visitseoul.net/attractions/%ED%99%A9%ED%95%99%EC%A0%95/KOP029766,2025.08.04
KOP011112,역사적 장소,흑성동 효사길,37.510134,126.961291,"06910 서울 동작구 흑석동 효사 4, 5길",,,,,,"흑석동 효사길은 대한민국 60~70년대의 분위기를 담고 있는 과거와 현재가 공존하는 곳으로 드라마<보고 싶다>의 촬영지로 화제가 되기도 했습니다. 효사길의 전망대에 오르면 마포대교, 한강대교, 남산타워 등을 볼 수 있고 특히 야경이 아름다워 서울 불꽃축제를 감상하기 좋습니다.",https://korean.visitseoul.net/attractions/%ED%9D%91%EC%84%9D%EB%8F%99-%ED%9A%A8%EC%82%AC%EA%B8%B8/KOP011112,2025.08.03
KOP015338,랜드마크,1898 명동성당,37.56346163,126.986140953,"04537 서울 중구 명동길 74 (명동2가, 명동성당)",https://1898.catholic.or.kr/plaza.asp,02-727-2332,09:00~22:00,"설날, 추석 당일 (성당사무실: 월요일 휴무)",,"1898 myeongdong cathedral(명동대성당)은 많은 이들과 소통하고 나눔을 실천하고자 만들어진 복합문화공간입니다. 1898년, 종현언덕에 최초로 빨간 벽돌로 만들어진 명동성당의 건축적 고딕양식을 이어받아 현대적으로 재해석하여 입체적으로 표현된 천정의 모습이 친근하지만 신선한 모습입니다. 아늑한 햇살처럼 비춰지는 천정 조명 아래에서면 행복하고 특별한 느낌이 드는 따스한 공간은, 많은 이들의 쉼터가 되고자 합니다. 쉽게 들러 맛있는 차와 소박한 다과를 나누며 이야기도 담아낼 수 있는 다정한 공간이 되기도 하고, 누군가를 위한 아름다운 꽃과 정성스러운 선물을 고를 수 있는 설레는 공간이 되기도 하며, 특별한 가르침과 배움이 이루어지기는 교육의 공간이 되기도 하고, 책과 음악과 그림을 편안히 즐길 수 있는 문화예술 공간이 되기도 하는.. 모든 이를 위해 열려 있는 공간이 바로 1898 입니다. 1898은 명동성당 성당 아래 자리잡고 있으며, 명동을 방문하는 모든 분들에게 개방된 복합문화공간입니다.",https://korean.visitseoul.net/attractions/1898-%EB%AA%85%EB%8F%99%EC%84%B1%EB%8B%B9/KOP015338,2025.07.30
KOPfk9nxi,역사적 장소,경복궁 집옥재,37.577244461,126.976289443,"03045 서울 종로구 사직로 161 (세종로, 경복궁)",,070-7795-4309,10:00 ~ 16:00,화요일 휴무,,"경복궁 건천궁 서쪽에 위치한 전각입니다. 청나라에서 구매한 서양 문물 관련 4만 여 권의 서적들이 이곳에 보관되었고 고종의 서재로 주로 사용되었습니다. 이외에도 어진을 모시거나 외국 사신들을 접견하는 장소로 활용되었습니다. 과거에는 창덕궁 함녕전의 별당으로 지어졌으나 1891년에 경복궁으로 이전되었습니다. 2006년부터 시민들에게 공개되었고 과거에 있던 서적들은 현재 서울대학교 규장각한국학연구원과 한국학중앙연구원 장서각에서 보관하고 있습니다. 2016년, 집옥재를 도서관으로 꾸며 개방했습니다. 7,8월을 제외한 4월부터 10월까지 개방하는 곳이니 해당 기간에 경복궁에 방문하게 된다면 함께 둘러보기 좋습니다. 경복궁 내부에 있어 경복궁을 통해 들어와야 합니다. (경복궁 입장티켓 발권 필요) 조선시대의 궁궐이 다섯 개 남아 방문객들에게 과거 궁중에서의 삶에 대해 짐작케 합니다. 조선의 법궁인 경복궁에서 재현하는 본 행사의 시대배경은 수문장 제도가 정비되는 15세기 조선전기로 당시 궁궐을 지키던 군인들의 복식과 무기, 각종 의장물을 그대로 재현했습니다.",https://korean.visitseoul.net/attractions/2024-Jibokjae/KOPfk9nxi,2025.08.06
KOPgvo4y2,역사적 장소,창신동 절벽마을,37.578252684,127.011604179,03091 서울 종로구 낙산5길 51,,,,,,"창신동 절벽마을은 채석장에서 60년대 판자촌, 90년대 봉제공장, 2000년대 봉제마을로 다양한 탈바꿈을 하며 서울 동대문구 창신 1,2,3동에 위치한 마을입니다. 밀집되어 있는 불량주택과 노후 주택, 낭떠러지와 절벽 위에 지어진 '주택촌'과 돌산 아래 형성된 '돌밑 마을'로 구분됩니다.",https://korean.visitseoul.net/attractions/2024-changsincliff/KOPgvo4y2,2025.08.05
KOPlpqd8k,역사적 장소,청전이상범 가옥,37.578865599,126.968401816,03039 서울 종로구 필운대로 31-7 (누하동),,,3-10월 09:00-18:00 11-2월 09:30-17:00,월요일,,"경복궁 서쪽에 위치한 누하동에는 한국 남종화의 새로운 방향을 개척한 작가로 평가받는 청전 이상범의 집과 화실이 있습니다. 1929년에 지은 이상범 가옥은 ‘ㄱ’자형 안채와 ‘ㅡ’자형 행랑으로 구성된 도시형 한옥으로 드물게 부엌에 찬마루가 있는 것이 특징입니다. 그는 누하동의 작은 개량한옥에서 43년간 살며 많은 작품을 발표했고 청전화숙이라고 불리던 그의 화실에서 배렴과 박노수 등의 탁월한 제자들을 배출했습니다. 서촌 입구에 있는 구루루는 ‘마음먹은 대로, 굴러가는 대로 움직이자’는 의미를 담고 있는 지하 1층, 지상 2층 규모의 복합문화공간입니다.",https://korean.visitseoul.net/attractions/2024-cjisbhouse/KOPlpqd8k,2025.08.06
KOPhvgb2b,랜드마크,명동재미로,37.559242362,126.985575445,"04631 서울 중구 퇴계로20길 24 (남산동2가, 남산동공영주차장)",,,,,,"서울 중구 명동에 위치한 만화의거리 ‘재미로’는 (구)서울애니메이션센터(현재 재건축 진행)를 중심으로 조성된 문화콘텐츠 클러스터링 상상타운의 ‘콘텐츠 특화 거리’입니다. 명동역 3번출구에서 (구)서울애니메이션센터까지 이어지는 약 450m의 거리를 국내 만화, 애니메이션, 캐릭터, 일러스트 등의 콘텐츠로 조성한 테마거리로, 서울의 대표 관광명소인 명동과 남산을 잇는 ‘재미로’는 서울 도심 속에서 다채로운 문화체험을 즐길 수 있는 소중한 경험을 제공합니다.",https://korean.visitseoul.net/attractions/2024-jaemiro/KOPhvgb2b,2025.07.21
KOPcyd45f,역사적 장소,장희빈 우물터,37.570507568,126.929177066,03702 서울 서대문구 연희로15길 74 (연희동),,,,,,"장희빈 우물터 일대는 조선시대 초부터 이궁(離宮)인 연희궁이 있어 예로부터 이곳은 궁말, 궁뜰, 대궐재와 왕실 최초의 뽕밭을 일궈 서잠실, 장희빈 우물이란 이름으로 전해지고 있습니다. 최초의 이궁은 정종 3년(1400), 정종이 아우인 태종에게 왕위를 선위 후 이 곳을 피궁으로 사용하여 세종 7년 (1425) 8월 연희궁이라 칭하게 되었으며, 이에 궁실관리들과 궁녀들의 사가가 있어 궁말 여러 곳에 우물들이 있었다고 하나 오늘날까지 그 명맥을 간직하고 있는 샘이 바로 ""장희빈 우물""입니다. 그 후 숙종(1674-1720)때 폐비된 인현왕후를 뒤 이은 희빈장씨(1659=1701)가 폐서인의 몸으로 이 곳 사가에 잠시 머물 때 마셨던 우물로 전해지고 있으나 검증된 바는 없습니다. 그러나 연희동에서 오래 전부터 구전(口傳)으로 ""이 우물은 장희빈이 마신 물"" 이라고 옛 어른들이 대대로 가꾸어 오고 있어 우리동 보물찾기 사업으로 선정하여 복원하게 되었습니다.",https://korean.visitseoul.net/attractions/2024-jangheebin/KOPcyd45f,2025.08.06
KOP0wav1s,역사적 장소,종묘돌담길,37.5759,126.9896,03135 서울 종로구 권농동 104-1,,,,,,"종묘 돌담길은 세계문화유산으로 선정된 종묘의 서쪽 담장을 따라 길게 뻗은 고즈넉한 돌담길입니다. 우리에게 이미 익숙한 역사문화명소인 북촌과 인사동 등과는 다르게, 최근 들어 새롭게 떠오르고 있는 골목입니다. 정갈하고 단아한 돌담을 따라 천천히 걸으며 주변의 카페와 공예작업실 등을 천천히 구경하기에 좋은 산책로이며, 골목 골목 한옥을 개조한 상점과 카페를 볼 수 있습니다.  고풍스러운 돌담과 울창한 나무가 어우러져 사계절 내내 아름다운 경관을 선사합니다. 특히 봄에는 벚꽃과 새싹이 돌담을 감싸며 화사한 분위기를 자아내고, 가을에는 단풍이 물든 돌담길이 그림처럼 펼쳐져 낭만적인 산책을 즐기기에 좋습니다. 이곳은 번잡한 일상에서 벗어나 여유롭게 산책하기 좋은 장소로, 전통 건축미와 자연이 조화롭게 어우러진 모습이 마음을 차분하게 만들어 줍니다. 종묘돌담길은 한국 전통문화의 흔적을 느끼며 사진을 찍기에도 훌륭한 포토 스팟입니다. 또한, 길을 따라 걸으면 인근의 창경궁, 창덕궁, 인사동과 삼청동 같은 전통과 현대가 어우러진 명소들도 함께 둘러볼 수 있어 다양한 문화 체험을 즐길 수 있습니다.",https://korean.visitseoul.net/attractions/2024-jongmyostonewall/KOP0wav1s,2025.08.03
KOPkxi16h,역사적 장소,경국사,37.613877634,127.005617963,"02705 서울 성북구 보국문로 113-10 (정릉동, 경국사)",,02-914-2828,,,,"삼각산(현 북한산) 동쪽 기슭에 자리잡은 경국사는 고려 말에 창건된 오래된 사찰입니다. 주변 산세가 좋고 약수가 있어 많은 사람들이 찾아오는 곳입니다. 경국사는 극락보전, 영산전, 명부전, 관음전, 시방선원 등 17동의 건물으로 이루어져 있습니다. 그 중 극락보전에는 아미타삼존불을 비롯하여 보물 제748호로 지정된 목각탱화 및 신중탱화·팔상탱화 등이 봉안되어 있습니다. 또한 시방선원에서는 매주 일요일에 일요선방이 개설되며, 환희당과 만월당에서는 템플 스테이가 진행되고 있습니다. 서울 주위의 대표적인 사찰로 이승만(李承晩)이 대통령 시절 자주 찾던 곳이며, 부통령시절에 방한 했던 미국의 닉슨(Nixon,R.M.)은 그의 『회고록』에서, 이 절에 참배했던 것이 가장 인상적이었다는 것과 함께 사진을 수록하기도 했습니다.",https://korean.visitseoul.net/attractions/2024-kgtemple/KOPkxi16h,2025.08.06
KOPexzzw3,역사적 장소,인왕산 석굴암,37.5846076,126.9605341,03034 서울 종로구 옥인동 산3-14,,02-720-1418,,,,"석굴암은 인왕산 중턱, 치마바위 아래쪽에 자리해 있습니다. 인왕산 자락길을 따라 올라가다보면 만날 수 있는 곳입니다. 석굴암 내부에는 삼존 석불이 모셔져 있고, 주변 숲길에는 부처님 동상과 바위에 새겨진 미륵불을 볼 수 있습니다. 법당 바로 위 산신각에는 큰 바위에 인왕산을 지키는 산신과 호랑이의 모습이 그려져 있습니다. 석굴암에서 우측으로 30M쯤 가면 천향암도 볼 수 있습니다. 인왕산에 위치한 석굴암까지 오르게되면 서울의 전경이 펼쳐집니다. 남산타워가 맞은편 산으로 보이고 날씨가 좋은 날이면 롯데타워까지 보입니다. 밑으로는 경복궁이 왼편으로는 청와대를 볼수 있습니다.",https://korean.visitseoul.net/attractions/2024-seokguram/KOPexzzw3,2025.06.23
KOPjkm9y3,역사적 장소,신아기념관,37.566244075,126.972201078,"04518 서울 중구 정동길 33 (정동, 신아일보)",,02-777-9875,업체별 상이,,,"정동에 위치한 특이하게 쌓여진 붉은 벽돌이 인상적인 건물로, 1930년대 지하 1층, 지상 2층으로 건축된 철근콘크리트 건물입니다. 100년이라는 세월을 건물 속에 구조와 마감, 설비들을 통해 알수 있습니다. 국내 최초로 판매된 미국 미싱 브랜드 '싱거미싱' 회사 한국지부로 사용되다가 1963년 한국 최초의 상업신문이었던 신아일보가 매입하여 1975년 3,4층을 증축해 별관으로 사용했습니다. 그 이후 <신아일보>의 창업주 장기봉과 <신아일보>를 기억하기 위해 기념관으로 사용중입니다. 현재는 각 층마다 기념관, 카페, 편집샵 등 다양한 업체들이 들어와있습니다. 정동마루는 정동극장에서 개관한 독특한 장소로, 서울 도심의 한복판, 한국의 근대사회의 문화유산이 자리한 정동길에 위치합니다.",https://korean.visitseoul.net/attractions/2024-shina/KOPjkm9y3,2025.06.24
KOP000210,랜드마크,63스퀘어,37.519576192,126.93983758,"07345 서울 영등포구 63로 50 (여의도동, 63한화생명빌딩)",,1833-7001,임시휴업,임시휴업,"약 2만원대 66세 이상은 어린이 요금이 적용됨(주민등록증, 경로우대증 지참) 36개월 미만 유아는 부모 동반시 무료 입장(의료보험증 지참)","여의도 63빌딩은 볼거리, 먹을거리, 즐길거리 등을 갖춘 복합 공간입니다. 빌딩의 맨 꼭대기, 63 스카이텍은 전망 하나만으로 모든 걸 압도합니다. 59층 스카이라운지 '워킹 온 더 클라우드'는 아름다운 전망을 보며 식사를 할 수 있는 이탈리아 레스토랑입니다. 57층에 위치한 중식당 '백리향'도 특별한 맛이 있는 곳입니다. 백리향은 국내 최초로 철갑상어 특선 요리를 개발해 유명해진 곳입니다. 63스퀘어는 63씨월드, 63아트홀, 카페와 레스토랑, 편의 시설등 모든 것을 갖추고 있습니다. 63스퀘어 내 대표 관광명소였던 '아쿠아플라넷63'은 2024년 6월 30일을 기준으로 운영이 종료되었습니다. 또한 서울의 전경과 예술작품을 함께 감상할 수 있었던 전망대 '63아트'도 같은날 운영이 종료되었습니다. 63스퀘어에는 추후 '퐁피두센터 한화 서울'이 2025년에 개관될 예정입니다.",https://korean.visitseoul.net/attractions/63%EC%8A%A4%ED%80%98%EC%96%B4/KOP000210,2025.07.27
KOPgcblme,랜드마크,중앙고등학교,37.584092613,126.987475407,"03051 서울 종로구 창덕궁길 164 (계동, 중앙고등학교)",,02-742-1321,,,,"심화숙 한지공방은 한지를 활용한 다양한 공예품들을 접해 볼 수도, 직접 만들어 볼 수도 있는 곳입니다. 전통혼례보 공방에서는 천연염색을 하여 풀을 먹이고 손 다듬이질을 거친 우리의 전통 비단으로 공예품을 직접 만들어 볼 수 있습니다.",https://korean.visitseoul.net/attractions/ChoongAngHighSchool/KOPgcblme,2025.08.01
KOP024663,랜드마크,코엑스,37.51201831,127.059037019,"06164 서울 강남구 영동대로 513 (삼성동, 코엑스)",https://www.coex.co.kr,02-6000-0114,매일 10:00 - 18:00 (행사 종료시간 상이),,,"코엑스는 전시, 국제회의 유치 및 운영, 글로벌 컨벤션센터 운영, 디지털미디어 홍보컨설팅 등 대규모 이벤트를 제공하는 콘퍼런스홀이 특징입니다. 실제로 음식, 문화예술, 글로벌, 에너지, 모빌리티 등 다양한 분야의 박람회가 코엑스에서 열리고 있습니다. 이외에도 서울에서 진행되는 여러 정상회의가 코엑스에서 개최되는 등 규모가 큰 서비스를 제공하고 있습니다. 코엑스 일대의 광장과 실내 로비 공간도 다양한 프로모션을 진행하고 있어 삼성역과 봉은사역을 오가는 유동인구, 전시회와 코엑스몰, 파르나스몰 방문객에게 다양한 경험을 제공하도록 합니다.",https://korean.visitseoul.net/attractions/Coex-convention-center-kr/KOP024663,2025.06.16
KOP024679,랜드마크,동대문디자인플라자 (DDP),37.567070249,127.009878803,"04566 서울 중구 을지로 281 (을지로7가, 디자인장터)",https://ddp.or.kr/,02-2153-0000,"10:00 ~ 20:00 (공간별 운영시간 상이, 홈페이지 참조)",,,"2006년 서울특별시청이 계획한 동대문디자인플라자(DDP)는 2014년 3월 21일 문을 열었습니다. DDP의 목적은 혁신과 개발의 위해 디자인적 사고를 이용하는 것입니다. 또한 세계의 디자인 경향과, 21세기 창조적 지식 탄생지로서의 디자인 혁신을 소개하고 있습니다. 복합 문화 공간으로 사용되고 있는 동대문디자인플라자에서는 개관한 이래 각종 전시, 패션쇼, 신제품 발표회, 포럼, 컨퍼런스 등 다양한 문화행사가 진행되어 오고 있습니다. 또한 계절별로 진행되는 서울라이트 이벤트는 DDP의 외벽이 굴곡진 은빛 캔버스로 변해 다양한 경관을 선사하고 있습니다.",https://korean.visitseoul.net/attractions/Dongdaemun-Design-Plaza-kr/KOP024679,2025.07.26
KOPidz0r2,랜드마크,홍대R1레드컬처마켓,37.5564346247377,126.926273606023,04055 서울 마포구 서교동 348-24,,02-120,,,,"홍대의 '레드로드(RED ROAD)'는 서울 마포구가 조성한 약 2km 길이의 관광특화 거리로 각기 다른 테마와 매력을 지니고 있습니다. R1 구역은 서울시와 함께 문화관광명소화 사업의 일환으로 조성되었습니다. 레트로 감성과 문화 콘텐츠가 어우러진 공간으로, 플리마켓, 캐리커처, 전통놀이 체험, 버스킹 등 다양한 프로그램이 진행됩니다.",https://korean.visitseoul.net/attractions/HONGDAE-R1/KOPidz0r2,2025.05.30
KOPmluo32,랜드마크,한강버스,37.5200459437783,127.082821269841,05500 서울 송파구 잠실동 1-2 일대 잠실 선착장,https://www.hgbus.co.kr/,02-2203-3450,"주중(일68회) 6:30-22:30 / 주말(일48회) 09:30-22:30 급행노선 주중 일16회 *평일 출근(06:30-09:00), 퇴근(18:00-20:30)",,"일반 탑승권 : 3,000원 / 어린이 탑승권 : 1,100원(만6세~만12세) / 청소년 탑승권 : 1,800원(만13세~만18세) *기후동행카드/T머니 환승 가능 *맞춤형 요금제(이용자 특성별 할인 요금제)","서울시가 새롭게 도입한 누구나 일상속에서 경험하는 차별화된 이동수단으로 미래 서울의 편리함과 여가를 책임지는 한강버스를 운영합니다. 한강버스는 도심 속 혼잡에 벗어난 새로운 수상 교통수단을 제공하고 한강을 즐길 수 있는 기회와 지역 명소와의 연계를 통해 이동수단인 동시에 관광수단의 역할을 수행합니다. 랜드마크 입지 구축을 위해 계절별 위치별 특색에 맞춘 행사를 기획 및 유치할 예정이오니 세계인이 사랑하는 한강에 새로운 수상대중 교통 한강버스를 이용해보세요. (9월부터 정상운영)",https://korean.visitseoul.net/attractions/HanRiverBus/KOPmluo32,2025.07.24
KOPb3chj1,랜드마크,서울로봇인공지능과학관(RAIM),37.655574434,127.049506199,01411 서울 도봉구 마들로13길 56 (창동),https://science.seoul.go.kr/RAIM/index.do,02-920-4300,09:30-17:30,"매주 월요일 신정 1월 1일, 설날/추석 당일 월요일이 공휴일인 경우 익일 휴관","*3층 상설전시/RAIM 아뜰리에 성인 : 개인 2,000원 / 단체(20인 이상) 1,000원 어린이(0~13세), 청소년(중·고등학생), 성인(65세 이상) : 무료 *4층 기획전시 : 무료","서울로봇인공지능과학관(RAIM)에서는 인류의 지성과 상상력으로 개발하고 발전시킨 로봇과 인공지능을 직접 즐기고 배울 수 있습니다. 현란하게 움직이는 로봇과 흥미로운 인공지능 기술을 경험하고, 배우는 것을 넘어 이러한 기술이 우리의 삶과 사회를 어떻게 변화시키고 있는지에 대해서도 살펴봅니다. 로봇·인공지능이 관람객을 환영하는 공용공간, 기업의 로봇·인공지능 기술을 소개하고 체험하는 다목적 공간, 로봇, 인공지능, 인간과의 관계를 사유하고 질문하는 상설전시실, 기획전 및 특별전이 진행되는 기획전시실 층별로 공간이 나눠져 있습니다.",https://korean.visitseoul.net/attractions/RAIM/KOPb3chj1,2025.06.26
KOPhyd9ee,랜드마크,서촌한옥마을,37.580172266,126.968508421,03037 서울 종로구 필운대로 45 (누하동),,,,,,"경복궁에 서쪽에 있는 마을로, 조선시대에 역관이나 의원 등 중인 계급이 많이 모여 살았던 동네입니다. 오랫동안 골목을 지켜온 낡은 상점들과 한옥집, 그리고 새로 생겨난 가게들의 조화로 특유의 정겨움과 소박함을 느낄 수 있습니다. 최근에는 다양한 팝업스토어가 서촌한옥마을에서 열리기도 하며, 한옥마을의 분위기에 맞춰 꾸며진 여러 맛집과 카페들이 즐비합니다.",https://korean.visitseoul.net/attractions/SeochonHanokVillage/KOPhyd9ee,2025.06.23
KOPowtoyc,랜드마크,서울스카이,37.512469244,127.102740477,"05551 서울 송파구 올림픽로 300 (신천동, 롯데월드타워앤드롯데월드몰) 117~123층",https://seoulsky.lotteworld.com/ko/main/index.do,02-1661-2000,"일~목 10:30~22:00, 금~토 10:30~23:00",,"어른(만 13세 이상) 31,000원 어린이(36개월~12세 이하) 27,000원 FAST PASS(전 연령) 62,000원","잠실 롯데월드타워 최상층에 위치한 서울스카이 전망대(세계 5위, 500M)는 대한민국에서 가장 높은 곳으로, 서울의 찬란하고 아름다운 모습을 360도 뷰를 통해 한눈에 담을 수 있는 곳입니다. 낮과 밤 그리고 4계절에 따라 다양한 매력을 선보이는 서울의 모습을 500m 상공 위에서 감상해볼 수 있습니다. 뿐만 아니라, 서울스카이에는 스릴넘치는 체험 시설, 다양한 전시 컨텐츠, 커피 한 잔의 여유를 즐길 수 있는 카페가 마련되어있습니다. 타워를 테마로 한 다양한 기념품들도 판매하고 있어 보다 특별한 경험과 추억을 남기기에 제격인 곳입니다.",https://korean.visitseoul.net/attractions/SeoulSky/KOPowtoyc,2025.07.21
KOP023563,역사적 장소,덕수궁돌담길,37.565214797,126.974676079,04519 서울 중구 세종대로 지하 101 덕수궁 돌담길,https://royal.khs.go.kr/ROYAL/contents/menuInfo-dsg.do?grpCode=dsg#;,02-751-0734,24시간,,무료,"덕수궁 돌담길은 서울 중구 덕수궁을 둘러싼 고풍스러운 돌담이 이어지는 산책로입니다. 고즈넉한 분위기 속에서 조선의 궁궐과 현대 서울이 어우러짐을 볼 수 있고, 봄과 가을에 특히 아름다워 많은 관광객들이 찾고 있습니다. 덕수궁을 둘러본 후, 주변 카페나 갤러리에서 여유로운 시간을 보내기도 좋은 장소입니다. 또한 정동길, 서울시립미술관과 연결되어 있어 함께 둘러보기도 좋습니다.",https://korean.visitseoul.net/attractions/deoksugungstreet/KOP023563,2025.06.16
KOP024645,랜드마크,세빛섬,37.512422815,126.995948447,06500 서울 서초구 올림픽대로 2085-14 (반포동),http://www.somesevit.co.kr/kr/index.do,1566-3433,11:00 ~ 22:00,연중무휴,,"‘한강을 아름답게 밝혀주는 세 개의 빛나는 섬’이란 의미를 지닌 세빛섬은 세계 최초의 수상 문화공간입니다. 가빛섬, 채빛섬, 솔빛섬, 예빛섬 등 총 4개의 인공섬으로 이뤄져 있으며, 웨딩 컨벤션을 비롯해 이탈리안 레스토랑, 뷔페, 카페가 마련되어 있고, 수상 레저를 즐길 수 있는 요트, 튜브스터와 각종 전시, 공연, 이벤트가 이뤄지는 공간으로 활용되고 있습니다. 서울의 야간명소로도 손꼽히는 세빛섬은 화려하고 아름다운 LED 조명이 한강과 어우러지는 환상적인 야경을 자랑하며, 각종 드라마와 영화촬영지로 각광받고 있습니다. 한강 위에서 즐기는 맛있는 식사와 문화체험과 함께 FIC 컨벤션, 야외데크, 옥상 전망대 등 다양한 포토스팟에서 멋진 사진을 남겨보세요. 한류스타 박서준과 슈퍼주니어의 최시원이 등장한 드라마 <그녀는 예뻤다>, 배우 정우성이 열연한 드라마 <아테나>가 이곳에서 촬영됐습니다. 특히, 세계적인 블록버스터 영화 <어벤져스2>에서 유전자연구소로 등장, 세빛섬은 이색 관광지로 유명세를 탔고, 지금도 국내외 많은 관광객들이 방문하고 있습니다.",https://korean.visitseoul.net/attractions/some-sevit-kr/KOP024645,2025.06.24
KOP023760,역사적 장소,숙정문,37.596860668,126.983422223,"02822 서울 성북구 대사관로 1 (성북동, 홍련사(조계종))",,02-747-2153,09:00 ~ 16:00하절기(3~10월) / 퇴장시간-18:00 10:00 ~ 15:00동절기(11~2월) / 퇴장시간-17:00,월요일 (월요일이 공휴일인 경우 화요일 휴관),무료,"서울성곽을 이루는 사대문(四大門) 가운데 하나로, 도성의 북쪽 대문입니다. 청와대 경비를 위해 일반인의 접근을 금지하다가, 2006년 4월부터 서쪽 성곽 0.5㎞, 북쪽의 진입로 0.6㎞ 구간과 함께 다시 개방했습니다. 1963년 1월 21일 서울성곽에 포함되어 사적 제10호로 지정되었습니다.",https://korean.visitseoul.net/attractions/sookjeongmun/KOP023760,2025.08.03
KOP001421,역사적 장소,정동극장,37.57738,126.975512,"04518 서울 중구 정동길 43 (정동, 정동극장)",,02-751-1500,평일 09:00~18:00,월요일,웹사이트를 확인하세요,"정동극장은 문화체육관광부 산하 공공 공연장으로, 한국 전통의 춤사위, 장단과 선율, 민속놀이가 함께 어우러진 종합 공연물을 제작하여 상연하는 전통 공연장입니다. 정동극장은 우리나라 최초의 근대식 극장 원각사를 복원하고자하는 이념 아래 탄생했습니다. 지상 2층과 지하 3층의 규모로, 전통예술의 명인 특별기획전부터 젊은 아티스트들을 위한 전시까지 다양하게 준비돼 있습니다. 또한 학생 대상의 '하루 동안의 문화여행'이라는 문화 프로그램도 있습니다. ",https://korean.visitseoul.net/attractions/%EC%A0%95%EB%8F%99%EA%B7%B9%EC%9E%A5/KOP001421,2025.08.03
KOP002046,고궁,덕수궁,37.565214797,126.974676079,04519 서울 중구 세종대로 99,,02-771-9951,09:00~20:00(매표 및 입장시간) / 21:00 (퇴장시간),월요일,"○ 개인 - 내국인 대인(만25세~64세) : 1,000원 /- 외국인 대인 (만19세~64세) : 1,000원 ○ 단체(10인 이상) 800원 ※자세한 무료 입장 대상자는 공식 홈페이지를 참고해주세요","덕수궁에 들어가기 위해 태평로의 상징인 대한문을 지납니다. 하지만 원래의 위치는 아닙니다. 일제에 의해 태평로가 만들어지면서 덕수궁의 크기는 줄어들었고 대한문도 뒤쪽으로 물러났습니다. 1968년 태평로가 확장되면서 또다시 뒤로 물러나 지금의 자리에 있게 되었습니다. 괜스레 너른 태평로가 무심합니다. 대한문을 지나 직진하면 중화문(보물 제819호)에 이릅니다. 덕수궁의 정전인 중화전 입구에 해당됩니다. 중화전 앞에는 품계석이 도열해 있습니다. 궁궐 내 목조 중층 건물인 석어당도 주목할 만합니다. 임진왜란 때 환도한 선조가 머물다 승하한 장소이고, 인조반정 후 광해군이 유폐된 장소입니다. 물시계가 있는 보루각 자격루(국보 제229호)는 궁내 유일한 국보입니다. 덕수궁 안에는 최초의 서양식 건축물인 석조전이 있는데, 20세기 초에 지어졌으며 현재 덕수궁미술관으로 사용 중입니다.",https://korean.visitseoul.net/attractions/%EB%8D%95%EC%88%98%EA%B6%81/KOP002046,2025.08.07
